$date
	Sun Jan 04 16:50:02 2026
$end
$version
	Icarus Verilog
$end
$timescale
	1ps
$end
$scope module tb_ecg $end
$var wire 16 ! data_out [15:0] $end
$var reg 1 " clk $end
$var reg 16 # data_in [15:0] $end
$var reg 1 $ rst_n $end
$var integer 32 % idx [31:0] $end
$scope module uut $end
$var wire 1 " clk $end
$var wire 16 & data_in [15:0] $end
$var wire 1 $ rst_n $end
$var reg 16 ' data_out [15:0] $end
$var reg 32 ( prod [31:0] $end
$var reg 32 ) sum [31:0] $end
$var integer 32 * i [31:0] $end
$upscope $end
$upscope $end
$enddefinitions $end
$comment Show the parameter values. $end
$dumpall
$end
#0
$dumpvars
b100000 *
bx )
bx (
b0 '
b0 &
b10000000000000000 %
0$
b0 #
0"
b0 !
$end
#10000
b100000 *
1"
#20000
0"
#30000
b100000 *
1"
#40000
0"
#50000
b100000 *
1"
#60000
0"
#70000
b100000 *
1"
#80000
0"
#90000
b100000 *
1"
#100000
0"
b0 %
1$
#110000
b0 (
b0 )
b100000 *
b1 %
b1110001001001000 #
b1110001001001000 &
1"
#120000
0"
#130000
b1111111111110111 !
b1111111111110111 '
b11111111111110111101001000100000 )
b0 (
b100000 *
b10 %
b1110011100001011 #
b1110011100001011 &
1"
#140000
0"
#150000
b1111111111101101 !
b1111111111101101 '
b0 (
b11111111111101101110101100001100 )
b100000 *
b11 %
b1110011010011100 #
b1110011010011100 &
1"
#160000
0"
#170000
b1111111111011110 !
b1111111111011110 '
b0 (
b11111111111011110000101100011000 )
b100000 *
b100 %
b1101111101010010 #
b1101111101010010 &
1"
#180000
0"
#190000
b1111111111000010 !
b1111111111000010 '
b0 (
b11111111111000010010101101010001 )
b100000 *
b101 %
b1110000010011111 #
b1110000010011111 &
1"
#200000
0"
#210000
b1111111110010111 !
b1111111110010111 '
b0 (
b11111111110010111001101100111110 )
b100000 *
b110 %
b1110010100101101 #
b1110010100101101 &
1"
#220000
0"
#230000
b1111111101010111 !
b1111111101010111 '
b0 (
b11111111101010111010000010001000 )
b100000 *
b111 %
b1110001000101010 #
b1110001000101010 &
1"
#240000
0"
#250000
b1111111011111001 !
b1111111011111001 '
b0 (
b11111111011111001111111111010011 )
b100000 *
b1000 %
b1110011101111111 #
b1110011101111111 &
1"
#260000
0"
#270000
b1111111001111011 !
b1111111001111011 '
b0 (
b11111111001111011100010100000010 )
b100000 *
b1001 %
b1101111001001011 #
b1101111001001011 &
1"
#280000
0"
#290000
b1111110111010010 !
b1111110111010010 '
b0 (
b11111110111010010101000111100011 )
b100000 *
b1010 %
b1110010001011011 #
b1110010001011011 &
1"
#300000
0"
#310000
b1111110011111111 !
b1111110011111111 '
b0 (
b11111110011111111010000110011000 )
b100000 *
b1011 %
b1110001110001100 #
b1110001110001100 &
1"
#320000
0"
#330000
b1111101111111101 !
b1111101111111101 '
b0 (
b11111101111111101101010000010000 )
b100000 *
b1100 %
b1110100101010011 #
b1110100101010011 &
1"
#340000
0"
#350000
b1111101011010000 !
b1111101011010000 '
b0 (
b11111101011010000001000010101110 )
b100000 *
b1101 %
b1101101101110010 #
b1101101101110010 &
1"
#360000
0"
#370000
b1111100101110100 !
b1111100101110100 '
b0 (
b11111100101110100100101010111101 )
b100000 *
b1110 %
b1110001001110111 #
b1110001001110111 &
1"
#380000
0"
#390000
b1111011111110101 !
b1111011111110101 '
b0 (
b11111011111110101111111000100110 )
b100000 *
b1111 %
b1110001011011110 #
b1110001011011110 &
1"
#400000
0"
#410000
b1111011001011010 !
b1111011001011010 '
b0 (
b11111011001011010010110001110110 )
b100000 *
b10000 %
b1101011010111100 #
b1101011010111100 &
1"
#420000
0"
#430000
b1111010010101000 !
b1111010010101000 '
b0 (
b11111010010101000000100010011111 )
b100000 *
b10001 %
b1110100100111110 #
b1110100100111110 &
1"
#440000
0"
#450000
b1111001011110001 !
b1111001011110001 '
b0 (
b11111001011110001101110111011100 )
b100000 *
b10010 %
b1111000101011101 #
b1111000101011101 &
1"
#460000
0"
#470000
b1111000101000010 !
b1111000101000010 '
b0 (
b11111000101000010000100001010111 )
b100000 *
b10011 %
b1110000111101101 #
b1110000111101101 &
1"
#480000
0"
#490000
b1110111110011110 !
b1110111110011110 '
b0 (
b11110111110011110011111101111111 )
b100000 *
b10100 %
b1110010010110110 #
b1110010010110110 &
1"
#500000
0"
#510000
b1110111000010110 !
b1110111000010110 '
b0 (
b11110111000010110011100101000110 )
b100000 *
b10101 %
b1110000011111111 #
b1110000011111111 &
1"
#520000
0"
#530000
b1110110010110001 !
b1110110010110001 '
b0 (
b11110110010110001001111011111010 )
b100000 *
b10110 %
b1110010101111001 #
b1110010101111001 &
1"
#540000
0"
#550000
b1110101101110111 !
b1110101101110111 '
b0 (
b11110101101110111101010110001010 )
b100000 *
b10111 %
b1110000110110001 #
b1110000110110001 &
1"
#560000
0"
#570000
b1110101001101011 !
b1110101001101011 '
b0 (
b11110101001101011010011110000100 )
b100000 *
b11000 %
b1110001100111110 #
b1110001100111110 &
1"
#580000
0"
#590000
b1110100110001111 !
b1110100110001111 '
b0 (
b11110100110001111000110010001000 )
b100000 *
b11001 %
b1110110000101110 #
b1110110000101110 &
1"
#600000
0"
#610000
b1110100011100011 !
b1110100011100011 '
b0 (
b11110100011100011101110111100111 )
b100000 *
b11010 %
b1101111110110000 #
b1101111110110000 &
1"
#620000
0"
#630000
b1110100001100001 !
b1110100001100001 '
b0 (
b11110100001100001011011000101110 )
b100000 *
b11011 %
b1110000100110101 #
b1110000100110101 &
1"
#640000
0"
#650000
b1110100000000110 !
b1110100000000110 '
b0 (
b11110100000000110011111110010010 )
b100000 *
b11100 %
b1110001111100110 #
b1110001111100110 &
1"
#660000
0"
#670000
b1110011111001101 !
b1110011111001101 '
b0 (
b11110011111001101010110100010011 )
b100000 *
b11101 %
b1110001110111101 #
b1110001110111101 &
1"
#680000
0"
#690000
b1110011110101110 !
b1110011110101110 '
b0 (
b11110011110101110010000101000010 )
b100000 *
b11110 %
b1110101111101010 #
b1110101111101010 &
1"
#700000
0"
#710000
b1110011110100101 !
b1110011110100101 '
b0 (
b11110011110100101100110001001110 )
b100000 *
b11111 %
b1110111100010011 #
b1110111100010011 &
1"
#720000
0"
#730000
b1110011110101011 !
b1110011110101011 '
b0 (
b11110011110101011111010001101100 )
b100000 *
b100000 %
b1101111111001101 #
b1101111111001101 &
1"
#740000
0"
#750000
b1110011110110111 !
b1110011110110111 '
b11111111111110100110110110000000 (
b11110011110110111110001101001010 )
b100000 *
b100001 %
b1110001010010010 #
b1110001010010010 &
1"
#760000
0"
#770000
b1110011111010010 !
b1110011111010010 '
b11111111111110110101001000010000 (
b11110011111010010101111101011110 )
b100000 *
b100010 %
b1110100110001111 #
b1110100110001111 &
1"
#780000
0"
#790000
b1110011111101111 !
b1110011111101111 '
b11111111111110110011110101000000 (
b11110011111101111110101010011000 )
b100000 *
b100011 %
b1110010111111100 #
b1110010111111100 &
1"
#800000
0"
#810000
b1110100000001100 !
b1110100000001100 '
b11111111111110011101111101100000 (
b11110100000001100110101011100011 )
b100000 *
b100100 %
b1111001100101110 #
b1111001100101110 &
1"
#820000
0"
#830000
b1110100000110000 !
b1110100000110000 '
b11111111111110100001110111010000 (
b11110100000110000101010111000111 )
b100000 *
b100101 %
b1111001001100101 #
b1111001001100101 &
1"
#840000
0"
#850000
b1110100001010101 !
b1110100001010101 '
b11111111111110101111100001110000 (
b11110100001010101101011001100011 )
b100000 *
b100110 %
b1110110111101100 #
b1110110111101100 &
1"
#860000
0"
#870000
b1110100001111011 !
b1110100001111011 '
b11111111111110100110011111100000 (
b11110100001111011101110001001010 )
b100000 *
b100111 %
b1110111011111101 #
b1110111011111101 &
1"
#880000
0"
#890000
b1110100010100111 !
b1110100010100111 '
b11111111111110110110011111010000 (
b11110100010100111111000110000010 )
b100000 *
b101000 %
b1110101101101010 #
b1110101101101010 &
1"
#900000
0"
#910000
b1110100011011000 !
b1110100011011000 '
b11111111111110011010111000010000 (
b11110100011011000011000110001010 )
b100000 *
b101001 %
b1111001000011001 #
b1111001000011001 &
1"
#920000
0"
#930000
b1110100100010101 !
b1110100100010101 '
b11111111111110101101000100010000 (
b11110100100010101101010110011001 )
b100000 *
b101010 %
b1111010100000001 #
b1111010100000001 &
1"
#940000
0"
#950000
b1110100101011011 !
b1110100101011011 '
b11111111111110101010101001000000 (
b11110100101011011101010110100101 )
b100000 *
b101011 %
b1111000011111111 #
b1111000011111111 &
1"
#960000
0"
#970000
b1110100110101101 !
b1110100110101101 '
b11111111111110111011111110010000 (
b11110100110101101100010111110000 )
b100000 *
b101100 %
b1111101100110000 #
b1111101100110000 &
1"
#980000
0"
#990000
b1110101000001110 !
b1110101000001110 '
b11111111111110010010010101100000 (
b11110101000001110101000110010010 )
b100000 *
b101101 %
b1111010111001010 #
b1111010111001010 &
1"
#1000000
0"
#1010000
b1110101010000001 !
b1110101010000001 '
b11111111111110100111011001010000 (
b11110101010000001110000011000100 )
b100000 *
b101110 %
b1111001011010110 #
b1111001011010110 &
1"
#1020000
0"
#1030000
b1110101100000010 !
b1110101100000010 '
b11111111111110101000100110100000 (
b11110101100000010000001101011000 )
b100000 *
b101111 %
b1111011001010111 #
b1111011001010111 &
1"
#1040000
0"
#1050000
b1110101110010011 !
b1110101110010011 '
b11111111111110000100001101000000 (
b11110101110010011010011100010111 )
b100000 *
b110000 %
b1111101100011001 #
b1111101100011001 &
1"
#1060000
0"
#1070000
b1110110000111000 !
b1110110000111000 '
b11111111111110111011101110100000 (
b11110110000111000110101101110111 )
b100000 *
b110001 %
b1111010001111101 #
b1111010001111101 &
1"
#1080000
0"
#1090000
b1110110011100110 !
b1110110011100110 '
b11111111111111010100000101110000 (
b11110110011100110100101111110001 )
b100000 *
b110010 %
b1111011100100010 #
b1111011100100010 &
1"
#1100000
0"
#1110000
b1110110110100000 !
b1110110110100000 '
b11111111111110100101110001110000 (
b11110110110100000110111111111000 )
b100000 *
b110011 %
b10011000011 #
b10011000011 &
1"
#1120000
0"
#1130000
b1110111001101110 !
b1110111001101110 '
b11111111111110101110001000100000 (
b11110111001101110001000100010000 )
b100000 *
b110100 %
b1111011100111010 #
b1111011100111010 &
1"
#1140000
0"
#1150000
b1110111100111111 !
b1110111100111111 '
b11111111111110100010111111010000 (
b11110111100111111001100010010010 )
b100000 *
b110101 %
b1111111110001010 #
b1111111110001010 &
1"
#1160000
0"
#1170000
b1111000000011001 !
b1111000000011001 '
b11111111111110110000011010110000 (
b11111000000011001000000010101000 )
b100000 *
b110110 %
b1111111111101101 #
b1111111111101101 &
1"
#1180000
0"
#1190000
b1111000011110101 !
b1111000011110101 '
b11111111111110100101000100110000 (
b11111000011110101001101100000100 )
b100000 *
b110111 %
b10011101010 #
b10011101010 &
1"
#1200000
0"
#1210000
b1111000111010110 !
b1111000111010110 '
b11111111111110101001101110100000 (
b11111000111010110010111011000010 )
b100000 *
b111000 %
b10000100 #
b10000100 &
1"
#1220000
0"
#1230000
b1111001010110111 !
b1111001010110111 '
b11111111111111000100100010100000 (
b11111001010110111010111110110011 )
b100000 *
b111001 %
b1111001000111111 #
b1111001000111111 &
1"
#1240000
0"
#1250000
b1111001110010010 !
b1111001110010010 '
b11111111111110011111000100000000 (
b11111001110010010101101001101011 )
b100000 *
b111010 %
b1111101110001011 #
b1111101110001011 &
1"
#1260000
0"
#1270000
b1111010001110010 !
b1111010001110010 '
b11111111111110100011100111110000 (
b11111010001110010110100101101011 )
b100000 *
b111011 %
b1110010010 #
b1110010010 &
1"
#1280000
0"
#1290000
b1111010101010001 !
b1111010101010001 '
b11111111111110101011101100100000 (
b11111010101010001101011010000010 )
b100000 *
b111100 %
b1101010000 #
b1101010000 &
1"
#1300000
0"
#1310000
b1111011000101100 !
b1111011000101100 '
b11111111111110101011001101110000 (
b11111011000101100011111010100101 )
b100000 *
b111101 %
b110100010101 #
b110100010101 &
1"
#1320000
0"
#1330000
b1111011100000101 !
b1111011100000101 '
b11111111111111000011101111100000 (
b11111011100000101110010001001001 )
b100000 *
b111110 %
b101101000111 #
b101101000111 &
1"
#1340000
0"
#1350000
b1111011111011000 !
b1111011111011000 '
b11111111111111001101001110010000 (
b11111011111011000100100011000011 )
b100000 *
b111111 %
b11110101010 #
b11110101010 &
1"
#1360000
0"
#1370000
b1111100010100110 !
b1111100010100110 '
b11111111111110011111011001110000 (
b11111100010100110101010110100101 )
b100000 *
b1000000 %
b11010010110 #
b11010010110 &
1"
#1380000
0"
#1390000
b1111100101110110 !
b1111100101110110 '
b11111111111110100111101101100000 (
b11111100101110110001001111100111 )
b100000 *
b1000001 %
b1111111101000111 #
b1111111101000111 &
1"
#1400000
0"
#1410000
b1111101001000000 !
b1111101001000000 '
b11111111111110111100101011010000 (
b11111101001000000001101000101000 )
b100000 *
b1000010 %
b1000111001001 #
b1000111001001 &
1"
#1420000
0"
#1430000
b1111101100001100 !
b1111101100001100 '
b11111111111110110001111101000000 (
b11111101100001100000010001010010 )
b100000 *
b1000011 %
b100111111001 #
b100111111001 &
1"
#1440000
0"
#1450000
b1111101111010111 !
b1111101111010111 '
b11111111111111011001100010100000 (
b11111101111010111000001110000111 )
b100000 *
b1000100 %
b1001101011 #
b1001101011 &
1"
#1460000
0"
#1470000
b1111110010011100 !
b1111110010011100 '
b11111111111111010111001011110000 (
b11111110010011100001110101010011 )
b100000 *
b1000101 %
b101110110110 #
b101110110110 &
1"
#1480000
0"
#1490000
b1111110101100101 !
b1111110101100101 '
b11111111111111001001110001000000 (
b11111110101100101001110011111101 )
b100000 *
b1000110 %
b100100101111 #
b100100101111 &
1"
#1500000
0"
#1510000
b1111111000101111 !
b1111111000101111 '
b11111111111111001100111101110000 (
b11111111000101111010101000101011 )
b100000 *
b1000111 %
b10011100110 #
b10011100110 &
1"
#1520000
0"
#1530000
b1111111011110111 !
b1111111011110111 '
b11111111111111000010001111100000 (
b11111111011110111111100111111000 )
b100000 *
b1001000 %
b100110000001 #
b100110000001 &
1"
#1540000
0"
#1550000
b1111111111000001 !
b1111111111000001 '
b11111111111111010110010010110000 (
b11111111111000001111011111101001 )
b100000 *
b1001001 %
b1010000101 #
b1010000101 &
1"
#1560000
0"
#1570000
b10000110 !
b10000110 '
b11111111111111011111000000110000 (
b10000110100101101110101 )
b100000 *
b1001010 %
b1111111001101000 #
b1111111001101000 &
1"
#1580000
0"
#1590000
b101000110 !
b101000110 '
b11111111111111010010111111010000 (
b101000110111001110100011 )
b100000 *
b1001011 %
b1111101101111101 #
b1111101101111101 &
1"
#1600000
0"
#1610000
b1000000001 !
b1000000001 '
b11111111111111110001100100000000 (
b1000000001100001010111110 )
b100000 *
b1001100 %
b111000101 #
b111000101 &
1"
#1620000
0"
#1630000
b1010110000 !
b1010110000 '
b11111111111111100001010111100000 (
b1010110000010010010101011 )
b100000 *
b1001101 %
b1111111110010101 #
b1111111110010101 &
1"
#1640000
0"
#1650000
b1101010001 !
b1101010001 '
b11111111111111011000100000100000 (
b1101010001011110000000001 )
b100000 *
b1001110 %
b10000110101 #
b10000110101 &
1"
#1660000
0"
#1670000
b1111100000 !
b1111100000 '
b11111111111111100011000001010000 (
b1111100000111111110000111 )
b100000 *
b1001111 %
b1111100101101101 #
b1111100101101101 &
1"
#1680000
0"
#1690000
b10001010101 !
b10001010101 '
b11111111111111110001010010110000 (
b10001010101010001000110000 )
b100000 *
b1010000 %
b1111111100110111 #
b1111111100110111 &
1"
#1700000
0"
#1710000
b10010101111 !
b10010101111 '
b11111111111111011101011101110000 (
b10010101111010100101011001 )
b100000 *
b1010001 %
b1111011110111101 #
b1111011110111101 &
1"
#1720000
0"
#1730000
b10011101100 !
b10011101100 '
b11111111111111100101011001100000 (
b10011101100010000110100000 )
b100000 *
b1010010 %
b11111011110 #
b11111011110 &
1"
#1740000
0"
#1750000
b10100001101 !
b10100001101 '
b1110010010010000 (
b10100001101101101010010100 )
b100000 *
b1010011 %
b1111110100101011 #
b1111110100101011 &
1"
#1760000
0"
#1770000
b10100001000 !
b10100001000 '
b11111111111111100101101011100000 (
b10100001000011011111000010 )
b100000 *
b1010100 %
b1100110101 #
b1100110101 &
1"
#1780000
0"
#1790000
b10011101010 !
b10011101010 '
b11111111111111111110100111100000 (
b10011101010001100100001101 )
b100000 *
b1010101 %
b1111111010100000 #
b1111111010100000 &
1"
#1800000
0"
#1810000
b10010101100 !
b10010101100 '
b11111111111111111111110001110000 (
b10010101100000010000011001 )
b100000 *
b1010110 %
b1111111111101000 #
b1111111111101000 &
1"
#1820000
0"
#1830000
b10001010101 !
b10001010101 '
b1110101111100000 (
b10001010101100011000010100 )
b100000 *
b1010111 %
b1111010010000010 #
b1111010010000010 &
1"
#1840000
0"
#1850000
b1111100110 !
b1111100110 '
b1100011000000 (
b1111100110100110100000100 )
b100000 *
b1011000 %
b100 #
b100 &
1"
#1860000
0"
#1870000
b1101101101 !
b1101101101 '
b11111111111111010110101111010000 (
b1101101101010000010000100 )
b100000 *
b1011001 %
b101110 #
b101110 &
1"
#1880000
0"
#1890000
b1011101110 !
b1011101110 '
b11111111111111110010101000010000 (
b1011101110001111111100011 )
b100000 *
b1011010 %
b1110110101000110 #
b1110110101000110 &
1"
#1900000
0"
#1910000
b1001100011 !
b1001100011 '
b1010101101100000 (
b1001100011101101000001100 )
b100000 *
b1011011 %
b1111011000101010 #
b1111011000101010 &
1"
#1920000
0"
#1930000
b111011010 !
b111011010 '
b1001111100000000 (
b111011010010001110110010 )
b100000 *
b1011100 %
b1111001011100100 #
b1111001011100100 &
1"
#1940000
0"
#1950000
b101010100 !
b101010100 '
b100111001111110000 (
b101010100011001100011000 )
b100000 *
b1011101 %
b1111011000110010 #
b1111011000110010 &
1"
#1960000
0"
#1970000
b11010001 !
b11010001 '
b100001110101010000 (
b11010001011010000100011 )
b100000 *
b1011110 %
b1111000000110100 #
b1111000000110100 &
1"
#1980000
0"
#1990000
b1010010 !
b1010010 '
b10110111111100000 (
b1010010011001010011110 )
b100000 *
b1011111 %
b1111010100100101 #
b1111010100100101 &
1"
#2000000
0"
#2010000
b1111111111011000 !
b1111111111011000 '
b10011110000100000 (
b11111111111011000101000011100001 )
b100000 *
b1100000 %
b1111010111110000 #
b1111010111110000 &
1"
#2020000
0"
#2030000
b1111111101100000 !
b1111111101100000 '
b11111111111111111101110101010000 (
b11111111101100000111010011001101 )
b100000 *
b1100001 %
b1111001101001011 #
b1111001101001011 &
1"
#2040000
0"
#2050000
b1111111011101001 !
b1111111011101001 '
b110101010110110000 (
b11111111011101001100000111111001 )
b100000 *
b1100010 %
b1111000010011001 #
b1111000010011001 &
1"
#2060000
0"
#2070000
b1111111001101000 !
b1111111001101000 '
b11101111010110000 (
b11111111001101000111001010010101 )
b100000 *
b1100011 %
b1110100111000100 #
b1110100111000100 &
1"
#2080000
0"
#2090000
b1111110111100010 !
b1111110111100010 '
b111010000010000 (
b11111110111100010010011101110010 )
b100000 *
b1100100 %
b1110111111010011 #
b1110111111010011 &
1"
#2100000
0"
#2110000
b1111110101010110 !
b1111110101010110 '
b100011001000100000 (
b11111110101010110010100111101000 )
b100000 *
b1100101 %
b1110110000000110 #
b1110110000000110 &
1"
#2120000
0"
#2130000
b1111110010111011 !
b1111110010111011 '
b11011100011010000 (
b11111110010111011010100110110000 )
b100000 *
b1100110 %
b1110011101001111 #
b1110011101001111 &
1"
#2140000
0"
#2150000
b1111110000010011 !
b1111110000010011 '
b1110101100100000 (
b11111110000010011111110110101100 )
b100000 *
b1100111 %
b1110110010111011 #
b1110110010111011 &
1"
#2160000
0"
#2170000
b1111101101100010 !
b1111101101100010 '
b11100100000110000 (
b11111101101100010100000001111011 )
b100000 *
b1101000 %
b1110101100011011 #
b1110101100011011 &
1"
#2180000
0"
#2190000
b1111101010100011 !
b1111101010100011 '
b111100011110000 (
b11111101010100011100100000110100 )
b100000 *
b1101001 %
b1110110100111111 #
b1110110100111111 &
1"
#2200000
0"
#2210000
b1111100111011100 !
b1111100111011100 '
b11111111111111111011001110000000 (
b11111100111011100001110010010110 )
b100000 *
b1101010 %
b1111000101101101 #
b1111000101101101 &
1"
#2220000
0"
#2230000
b1111100100001110 !
b1111100100001110 '
b11111111111111110010011101110000 (
b11111100100001110001101011000000 )
b100000 *
b1101011 %
b1110111101100001 #
b1110111101100001 &
1"
#2240000
0"
#2250000
b1111100000111011 !
b1111100000111011 '
b101010011110000 (
b11111100000111011100010110110101 )
b100000 *
b1101100 %
b1111001100110011 #
b1111001100110011 &
1"
#2260000
0"
#2270000
b1111011101100110 !
b1111011101100110 '
b11111111111111111110101111110000 (
b11111011101100110100001001010001 )
b100000 *
b1101101 %
b1110100011011101 #
b1110100011011101 &
1"
#2280000
0"
#2290000
b1111011010010001 !
b1111011010010001 '
b1100100111110000 (
b11111011010010001110000100111111 )
b100000 *
b1101110 %
b1110100001000001 #
b1110100001000001 &
1"
#2300000
0"
#2310000
b1111010111000000 !
b1111010111000000 '
b11111111111111101100010001110000 (
b11111010111000000110010011100001 )
b100000 *
b1101111 %
b1110110001000111 #
b1110110001000111 &
1"
#2320000
0"
#2330000
b1111010011111100 !
b1111010011111100 '
b11111111111111111101101001010000 (
b11111010011111100010100000000000 )
b100000 *
b1110000 %
b1111001111101110 #
b1111001111101110 &
1"
#2340000
0"
#2350000
b1111010001000010 !
b1111010001000010 '
b11111111111111100111001101110000 (
b11111010001000010101000011101101 )
b100000 *
b1110001 %
b1111001110011011 #
b1111001110011011 &
1"
#2360000
0"
#2370000
b1111001110011000 !
b1111001110011000 '
b10111100110100000 (
b11111001110011000010101000111111 )
b100000 *
b1110010 %
b1110110001011111 #
b1110110001011111 &
1"
#2380000
0"
#2390000
b1111001011110111 !
b1111001011110111 '
b11111111111111110111100000010000 (
b11111001011110111001100110001111 )
b100000 *
b1110011 %
b1110101000001011 #
b1110101000001011 &
1"
#2400000
0"
#2410000
b1111001001101010 !
b1111001001101010 '
b1001100111110000 (
b11111001001101010001110000101110 )
b100000 *
b1110100 %
b1110010101100110 #
b1110010101100110 &
1"
#2420000
0"
#2430000
b1111000111101100 !
b1111000111101100 '
b11111111111111111011111000000000 (
b11111000111101100010101000000110 )
b100000 *
b1110101 %
b1111000010110100 #
b1111000010110100 &
1"
#2440000
0"
#2450000
b1111000110000100 !
b1111000110000100 '
b11111111111111111111101110000000 (
b11111000110000100101010001100110 )
b100000 *
b1110110 %
b1110110101110111 #
b1110110101110111 &
1"
#2460000
0"
#2470000
b1111000100101101 !
b1111000100101101 '
b11111111111111011101100001100000 (
b11111000100101101001100001000000 )
b100000 *
b1110111 %
b1110011101100111 #
b1110011101100111 &
1"
#2480000
0"
#2490000
b1111000011100111 !
b1111000011100111 '
b11000000 (
b11111000011100111111000010110011 )
b100000 *
b1111000 %
b1110101111001110 #
b1110101111001110 &
1"
#2500000
0"
#2510000
b1111000010101110 !
b1111000010101110 '
b100010100000 (
b11111000010101110101000001100000 )
b100000 *
b1111001 %
b1110010000111100 #
b1110010000111100 &
1"
#2520000
0"
#2530000
b1111000001111111 !
b1111000001111111 '
b11111111111111000111110100100000 (
b11111000001111111110101111010000 )
b100000 *
b1111010 %
b1110111111100010 #
b1110111111100010 &
1"
#2540000
0"
#2550000
b1111000001100010 !
b1111000001100010 '
b11111111111111100010011111100000 (
b11111000001100010011111111001100 )
b100000 *
b1111011 %
b1110110011100000 #
b1110110011100000 &
1"
#2560000
0"
#2570000
b1111000001000111 !
b1111000001000111 '
b11111111111111011000101011000000 (
b11111000001000111010001001100011 )
b100000 *
b1111100 %
b1111011000110011 #
b1111011000110011 &
1"
#2580000
0"
#2590000
b1111000000110011 !
b1111000000110011 '
b11111111111111100010100101100000 (
b11111000000110011000110010001100 )
b100000 *
b1111101 %
b1110011011111001 #
b1110011011111001 &
1"
#2600000
0"
#2610000
b1111000000011011 !
b1111000000011011 '
b11111111111111010000100111000000 (
b11111000000011011011010010110111 )
b100000 *
b1111110 %
b1111001011111100 #
b1111001011111100 &
1"
#2620000
0"
#2630000
b1111000000001000 !
b1111000000001000 '
b11111111111111011111011011110000 (
b11111000000001000111011110000101 )
b100000 *
b1111111 %
b1110111011010110 #
b1110111011010110 &
1"
#2640000
0"
#2650000
b1110111111110011 !
b1110111111110011 '
b11111111111111100001110100000000 (
b11110111111110011001001001100001 )
b100000 *
b10000000 %
b1110111010011011 #
b1110111010011011 &
1"
#2660000
0"
#2670000
b1110111111011100 !
b1110111111011100 '
b11111111111111011001111000010000 (
b11110111111011100000010100101110 )
b100000 *
b10000001 %
b1111000111110000 #
b1111000111110000 &
1"
#2680000
0"
#2690000
b1110111111000101 !
b1110111111000101 '
b11111111111111010001110010110000 (
b11110111111000101011001001110111 )
b100000 *
b10000010 %
b1111010001110110 #
b1111010001110110 &
1"
#2700000
0"
#2710000
b1110111110110000 !
b1110111110110000 '
b11111111111110111101010011000000 (
b11110111110110000011010001110010 )
b100000 *
b10000011 %
b1110100011110100 #
b1110100011110100 &
1"
#2720000
0"
#2730000
b1110111110011101 !
b1110111110011101 '
b11111111111111001111011110010000 (
b11110111110011101000010001111101 )
b100000 *
b10000100 %
b1111010101000101 #
b1111010101000101 &
1"
#2740000
0"
#2750000
b1110111110010000 !
b1110111110010000 '
b11111111111111000100000100100000 (
b11110111110010000011011101101110 )
b100000 *
b10000101 %
b1110100001101000 #
b1110100001101000 &
1"
#2760000
0"
#2770000
b1110111110001001 !
b1110111110001001 '
b11111111111110110101111011010000 (
b11110111110001001100100111110000 )
b100000 *
b10000110 %
b1110100100110000 #
b1110100100110000 &
1"
#2780000
0"
#2790000
b1110111110001101 !
b1110111110001101 '
b11111111111111000110001100010000 (
b11110111110001101000100111001110 )
b100000 *
b10000111 %
b1110101101010011 #
b1110101101010011 &
1"
#2800000
0"
#2810000
b1110111110011001 !
b1110111110011001 '
b11111111111111000001010100010000 (
b11110111110011001000010101011000 )
b100000 *
b10001000 %
b1111001010011111 #
b1111001010011111 &
1"
#2820000
0"
#2830000
b1110111110110001 !
b1110111110110001 '
b11111111111111000111101111010000 (
b11110111110110001011011010110001 )
b100000 *
b10001001 %
b1110100101110101 #
b1110100101110101 &
1"
#2840000
0"
#2850000
b1110111111001111 !
b1110111111001111 '
b11111111111111010100010001110000 (
b11110111111001111011100100010111 )
b100000 *
b10001010 %
b1111000010111011 #
b1111000010111011 &
1"
#2860000
0"
#2870000
b1110111111110101 !
b1110111111110101 '
b11111111111111001110001000110000 (
b11110111111110101010111000000110 )
b100000 *
b10001011 %
b1111000100110110 #
b1111000100110110 &
1"
#2880000
0"
#2890000
b1111000000011111 !
b1111000000011111 '
b11111111111111011001100110010000 (
b11111000000011111110101011110010 )
b100000 *
b10001100 %
b1110111111111010 #
b1110111111111010 &
1"
#2900000
0"
#2910000
b1111000001001010 !
b1111000001001010 '
b11111111111110111010100101110000 (
b11111000001001010001011001110000 )
b100000 *
b10001101 %
b1111001000011100 #
b1111001000011100 &
1"
#2920000
0"
#2930000
b1111000001110110 !
b1111000001110110 '
b11111111111110111000110000110000 (
b11111000001110110001111111111101 )
b100000 *
b10001110 %
b1110100101011001 #
b1110100101011001 &
1"
#2940000
0"
#2950000
b1111000010011100 !
b1111000010011100 '
b11111111111111000100110101010000 (
b11111000010011100111000100100100 )
b100000 *
b10001111 %
b1111010010011000 #
b1111010010011000 &
1"
#2960000
0"
#2970000
b1111000010111111 !
b1111000010111111 '
b11111111111111011011110010100000 (
b11111000010111111110111101100111 )
b100000 *
b10010000 %
b1111000000011010 #
b1111000000011010 &
1"
#2980000
0"
#2990000
b1111000011011001 !
b1111000011011001 '
b11111111111111011010110100010000 (
b11111000011011001110011100001010 )
b100000 *
b10010001 %
b1111001101010111 #
b1111001101010111 &
1"
#3000000
0"
#3010000
b1111000011101110 !
b1111000011101110 '
b11111111111111000101000111010000 (
b11111000011101110101000010011100 )
b100000 *
b10010010 %
b1110101010100111 #
b1110101010100111 &
1"
#3020000
0"
#3030000
b1111000011111101 !
b1111000011111101 '
b11111111111110111110001000010000 (
b11111000011111101010100001000111 )
b100000 *
b10010011 %
b1111000000001001 #
b1111000000001001 &
1"
#3040000
0"
#3050000
b1111000100001000 !
b1111000100001000 '
b11111111111110110000001100100000 (
b11111000100001000101010000101110 )
b100000 *
b10010100 %
b1111010001011001 #
b1111010001011001 &
1"
#3060000
0"
#3070000
b1111000100010011 !
b1111000100010011 '
b11111111111111010010000111000000 (
b11111000100010011101100011111011 )
b100000 *
b10010101 %
b1111010100100001 #
b1111010100100001 &
1"
#3080000
0"
#3090000
b1111000100011010 !
b1111000100011010 '
b11111111111111001000011001010000 (
b11111000100011010101011001010010 )
b100000 *
b10010110 %
b1110111110010111 #
b1110111110010111 &
1"
#3100000
0"
#3110000
b1111000100100011 !
b1111000100100011 '
b11111111111110110110001101010000 (
b11111000100100011100001001110011 )
b100000 *
b10010111 %
b1110001111110100 #
b1110001111110100 &
1"
#3120000
0"
#3130000
b1111000100101110 !
b1111000100101110 '
b11111111111111000011011010100000 (
b11111000100101110100010001001110 )
b100000 *
b10011000 %
b1110010100111111 #
b1110010100111111 &
1"
#3140000
0"
#3150000
b1111000100111100 !
b1111000100111100 '
b11111111111110101100101101000000 (
b11111000100111100100101011111001 )
b100000 *
b10011001 %
b1110100101100111 #
b1110100101100111 &
1"
#3160000
0"
#3170000
b1111000101010001 !
b1111000101010001 '
b11111111111111001111101001100000 (
b11111000101010001001010110100111 )
b100000 *
b10011010 %
b1110100111000101 #
b1110100111000101 &
1"
#3180000
0"
#3190000
b1111000101100100 !
b1111000101100100 '
b11111111111111000110101000000000 (
b11111000101100100110101001110000 )
b100000 *
b10011011 %
b1110010101111111 #
b1110010101111111 &
1"
#3200000
0"
#3210000
b1111000101111000 !
b1111000101111000 '
b11111111111111100010100110010000 (
b11111000101111000001101010101110 )
b100000 *
b10011100 %
b1101110101101001 #
b1101110101101001 &
1"
#3220000
0"
#3230000
b1111000110000011 !
b1111000110000011 '
b11111111111110110100111010110000 (
b11111000110000011000011001001110 )
b100000 *
b10011101 %
b1110100101110100 #
b1110100101110100 &
1"
#3240000
0"
#3250000
b1111000110001101 !
b1111000110001101 '
b11111111111111011000111101000000 (
b11111000110001101101000100101011 )
b100000 *
b10011110 %
b1101101111000010 #
b1101101111000010 &
1"
#3260000
0"
#3270000
b1111000110000100 !
b1111000110000100 '
b11111111111111001100100000100000 (
b11111000110000100110011000111010 )
b100000 *
b10011111 %
b1101110100111101 #
b1101110100111101 &
1"
#3280000
0"
#3290000
b1111000101101101 !
b1111000101101101 '
b11111111111111001011110100010000 (
b11111000101101101100110110101000 )
b100000 *
b10100000 %
b1101010000011010 #
b1101010000011010 &
1"
#3300000
0"
#3310000
b1111000100111110 !
b1111000100111110 '
b11111111111111010101110100000000 (
b11111000100111110111000000011010 )
b100000 *
b10100001 %
b1100110111110001 #
b1100110111110001 &
1"
#3320000
0"
#3330000
b1111000011110100 !
b1111000011110100 '
b11111111111111011101011000100000 (
b11111000011110100010101111101100 )
b100000 *
b10100010 %
b1101110010001001 #
b1101110010001001 &
1"
#3340000
0"
#3350000
b1111000010001111 !
b1111000010001111 '
b11111111111110111010110111000000 (
b11111000010001111110001001010010 )
b100000 *
b10100011 %
b1110001110110111 #
b1110001110110111 &
1"
#3360000
0"
#3370000
b1111000000010001 !
b1111000000010001 '
b11111111111111011111110011110000 (
b11111000000010001000101100011001 )
b100000 *
b10100100 %
b1110110100011100 #
b1110110100011100 &
1"
#3380000
0"
#3390000
b1110111101110000 !
b1110111101110000 '
b11111111111110111001001110000000 (
b11110111101110000111110101111000 )
b100000 *
b10100101 %
b1110011001110011 #
b1110011001110011 &
1"
#3400000
0"
#3410000
b1110111010110100 !
b1110111010110100 '
b11111111111110111011100100000000 (
b11110111010110100100001110001010 )
b100000 *
b10100110 %
b1110011000110100 #
b1110011000110100 &
1"
#3420000
0"
#3430000
b1110110111011100 !
b1110110111011100 '
b11111111111111000001111110010000 (
b11110110111011100101001010010010 )
b100000 *
b10100111 %
b1111110000110001 #
b1111110000110001 &
1"
#3440000
0"
#3450000
b1110110011110101 !
b1110110011110101 '
b11111111111111010111110111010000 (
b11110110011110101110001010101110 )
b100000 *
b10101000 %
b1111101010100101 #
b1111101010100101 &
1"
#3460000
0"
#3470000
b1110110000000010 !
b1110110000000010 '
b11111111111110111100010111110000 (
b11110110000000010000110100000010 )
b100000 *
b10101001 %
b1111100011100110 #
b1111100011100110 &
1"
#3480000
0"
#3490000
b1110101100010001 !
b1110101100010001 '
b11111111111111010010001100010000 (
b11110101100010001010001000110100 )
b100000 *
b10101010 %
b100101111 #
b100101111 &
1"
#3500000
0"
#3510000
b1110101000101100 !
b1110101000101100 '
b11111111111111010011101000100000 (
b11110101000101100110101111111101 )
b100000 *
b10101011 %
b10101001000 #
b10101001000 &
1"
#3520000
0"
#3530000
b1110100101100011 !
b1110100101100011 '
b11111111111111001111111011100000 (
b11110100101100011110111010001011 )
b100000 *
b10101100 %
b1010010111110 #
b1010010111110 &
1"
#3540000
0"
#3550000
b1110100011001000 !
b1110100011001000 '
b11111111111111010110010101000000 (
b11110100011001000011011100101111 )
b100000 *
b10101101 %
b1011100110110 #
b1011100110110 &
1"
#3560000
0"
#3570000
b1110100001100101 !
b1110100001100101 '
b11111111111110111100000010110000 (
b11110100001100101100000000011111 )
b100000 *
b10101110 %
b1101011001100 #
b1101011001100 &
1"
#3580000
0"
#3590000
b1110100001001100 !
b1110100001001100 '
b11111111111111011101110010000000 (
b11110100001001100000100001100101 )
b100000 *
b10101111 %
b10000000101010 #
b10000000101010 &
1"
#3600000
0"
#3610000
b1110100010000100 !
b1110100010000100 '
b11111111111111010000010011100000 (
b11110100010000100011011111000001 )
b100000 *
b10110000 %
b10000000011011 #
b10000000011011 &
1"
#3620000
0"
#3630000
b1110100100011100 !
b1110100100011100 '
b11111111111111011010000001010000 (
b11110100100011100111010110011001 )
b100000 *
b10110001 %
b10111011000110 #
b10111011000110 &
1"
#3640000
0"
#3650000
b1110101000011111 !
b1110101000011111 '
b11111111111110111111111101010000 (
b11110101000011111010000010010000 )
b100000 *
b10110010 %
b11000011010111 #
b11000011010111 &
1"
#3660000
0"
#3670000
b1110101110010000 !
b1110101110010000 '
b11111111111111010000000110110000 (
b11110101110010000110100100000111 )
b100000 *
b10110011 %
b11001100011011 #
b11001100011011 &
1"
#3680000
0"
#3690000
b1110110101101110 !
b1110110101101110 '
b11111111111111011101000010110000 (
b11110110101101110000111010111101 )
b100000 *
b10110100 %
b11100011100000 #
b11100011100000 &
1"
#3700000
0"
#3710000
b1110111110110110 !
b1110111110110110 '
b11111111111111011111011000110000 (
b11110111110110110001011011111111 )
b100000 *
b10110101 %
b11111010101101 #
b11111010101101 &
1"
#3720000
0"
#3730000
b1111001001100100 !
b1111001001100100 '
b11111111111111001110110001010000 (
b11111001001100100011111111010100 )
b100000 *
b10110110 %
b100000000001001 #
b100000000001001 &
1"
#3740000
0"
#3750000
b1111010101110010 !
b1111010101110010 '
b11111111111110101011110111000000 (
b11111010101110010001010111001110 )
b100000 *
b10110111 %
b100110111000000 #
b100110111000000 &
1"
#3760000
0"
#3770000
b1111100011011010 !
b1111100011011010 '
b11111111111110101111101111010000 (
b11111100011011010001001111101101 )
b100000 *
b10111000 %
b101011001110101 #
b101011001110101 &
1"
#3780000
0"
#3790000
b1111110010001011 !
b1111110010001011 '
b11111111111110111100001101010000 (
b11111110010001011011000100011001 )
b100000 *
b10111001 %
b110000101011111 #
b110000101011111 &
1"
#3800000
0"
#3810000
b1111011 !
b1111011 '
b11111111111110111101010011110000 (
b1111011010101010010100 )
b100000 *
b10111010 %
b101110010101010 #
b101110010101010 &
1"
#3820000
0"
#3830000
b10010011100 !
b10010011100 '
b11111111111110110000011111010000 (
b10010011100101111101001110 )
b100000 *
b10111011 %
b100111001110010 #
b100111001110010 &
1"
#3840000
0"
#3850000
b100011100011 !
b100011100011 '
b11111111111110011000001110110000 (
b100011100011011111011010010 )
b100000 *
b10111100 %
b100110001000010 #
b100110001000010 &
1"
#3860000
0"
#3870000
b110101001000 !
b110101001000 '
b11111111111110111100010111000000 (
b110101001000110000101111111 )
b100000 *
b10111101 %
b11111010100101 #
b11111010100101 &
1"
#3880000
0"
#3890000
b1000110111000 !
b1000110111000 '
b11111111111110010011010001100000 (
b1000110111000011000100110101 )
b100000 *
b10111110 %
b11100100111100 #
b11100100111100 &
1"
#3900000
0"
#3910000
b1011000110000 !
b1011000110000 '
b11111111111110010111101101110000 (
b1011000110000100010011110110 )
b100000 *
b10111111 %
b11000110010010 #
b11000110010010 &
1"
#3920000
0"
#3930000
b1101010011110 !
b1101010011110 '
b11111111111101111100010011100000 (
b1101010011110111001001100000 )
b100000 *
b11000000 %
b10100101000000 #
b10100101000000 &
1"
#3940000
0"
#3950000
b1111011111000 !
b1111011111000 '
b11111111111101101001110100110000 (
b1111011111000001111000011010 )
b100000 *
b11000001 %
b10100000000110 #
b10100000000110 &
1"
#3960000
0"
#3970000
b10001100101101 !
b10001100101101 '
b11111111111110010101100110110000 (
b10001100101101011010101111001 )
b100000 *
b11000010 %
b1100011110011 #
b1100011110011 &
1"
#3980000
0"
#3990000
b10011100100010 !
b10011100100010 '
b11111111111110101011001001010000 (
b10011100100010010010011001000 )
b100000 *
b11000011 %
b1101010100101 #
b1101010100101 &
1"
#4000000
0"
#4010000
b10101011001001 !
b10101011001001 '
b11111111111111000111010101000000 (
b10101011001001110000010110010 )
b100000 *
b11000100 %
b1001111011111 #
b1001111011111 &
1"
#4020000
0"
#4030000
b10111000001011 !
b10111000001011 '
b11111111111110110011010110010000 (
b10111000001011100101100010100 )
b100000 *
b11000101 %
b110110101111 #
b110110101111 &
1"
#4040000
0"
#4050000
b11000011010110 !
b11000011010110 '
b11111111111110110010100111000000 (
b11000011010110101110101100110 )
b100000 *
b11000110 %
b11010111 #
b11010111 &
1"
#4060000
0"
#4070000
b11001100010010 !
b11001100010010 '
b11111111111111110100100100110000 (
b11001100010010010101111000011 )
b100000 *
b11000111 %
b1111110010101111 #
b1111110010101111 &
1"
#4080000
0"
#4090000
b11010010101000 !
b11010010101000 '
b11111111111111101111111011110000 (
b11010010101000001100101011110 )
b100000 *
b11001000 %
b1111101101010001 #
b1111101101010001 &
1"
#4100000
0"
#4110000
b11010110010000 !
b11010110010000 '
b11111111111111101010101100100000 (
b11010110010000101000001001001 )
b100000 *
b11001001 %
b1110101011101110 #
b1110101011101110 &
1"
#4120000
0"
#4130000
b11010110111100 !
b11010110111100 '
b11100011010000 (
b11010110111100001000111010000 )
b100000 *
b11001010 %
b1110001001010001 #
b1110001001010001 &
1"
#4140000
0"
#4150000
b11010100100011 !
b11010100100011 '
b1111110110000000 (
b11010100100011100110001110010 )
b100000 *
b11001011 %
b1110010011100000 #
b1110010011100000 &
1"
#4160000
0"
#4170000
b11001111001011 !
b11001111001011 '
b111110001110100000 (
b11001111001011110000111110010 )
b100000 *
b11001100 %
b1100011110001000 #
b1100011110001000 &
1"
#4180000
0"
#4190000
b11000110101111 !
b11000110101111 '
b1000101101000100000 (
b11000110101111001101100000110 )
b100000 *
b11001101 %
b1100101010011011 #
b1100101010011011 &
1"
#4200000
0"
#4210000
b10111011100100 !
b10111011100100 '
b1010000011001000000 (
b10111011100100000101100100101 )
b100000 *
b11001110 %
b1101000111110101 #
b1101000111110101 &
1"
#4220000
0"
#4230000
b10101101111001 !
b10101101111001 '
b1100000011111100000 (
b10101101111001001000001100111 )
b100000 *
b11001111 %
b1011101110101100 #
b1011101110101100 &
1"
#4240000
0"
#4250000
b10011101110111 !
b10011101110111 '
b1100000010100010000 (
b10011101110111011110101011001 )
b100000 *
b11010000 %
b1011001111001010 #
b1011001111001010 &
1"
#4260000
0"
#4270000
b10001011110111 !
b10001011110111 '
b10001100010100100000 (
b10001011110111011100010001110 )
b100000 *
b11010001 %
b1010100011110011 #
b1010100011110011 &
1"
#4280000
0"
#4290000
b1111000000111 !
b1111000000111 '
b10010010100001010000 (
b1111000000111011110110111010 )
b100000 *
b11010010 %
b1010101111011100 #
b1010101111011100 &
1"
#4300000
0"
#4310000
b1100011000001 !
b1100011000001 '
b10011001010100010000 (
b1100011000001100101100011011 )
b100000 *
b11010011 %
b1001010110010010 #
b1001010110010010 &
1"
#4320000
0"
#4330000
b1001100110000 !
b1001100110000 '
b10101010101000000000 (
b1001100110000100010100110001 )
b100000 *
b11010100 %
b1010001110001010 #
b1010001110001010 &
1"
#4340000
0"
#4350000
b110101101011 !
b110101101011 '
b10111100000001110000 (
b110101101011000011100000000 )
b100000 *
b11010101 %
b1011000111001011 #
b1011000111001011 &
1"
#4360000
0"
#4370000
b11101111110 !
b11101111110 '
b11000000000110110000 (
b11101111110110000110000010 )
b100000 *
b11010110 %
b1011011000100101 #
b1011011000100101 &
1"
#4380000
0"
#4390000
b101110111 !
b101110111 '
b11101001010000000000 (
b101110111010110001110010 )
b100000 *
b11010111 %
b1100000010011011 #
b1100000010011011 &
1"
#4400000
0"
#4410000
b1111101101011111 !
b1111101101011111 '
b100000011010111110000 (
b11111101101011111111010110010000 )
b100000 *
b11011000 %
b1100010101010010 #
b1100010101010010 &
1"
#4420000
0"
#4430000
b1111010101000110 !
b1111010101000110 '
b100100100000111010000 (
b11111010101000110000111101011100 )
b100000 *
b11011001 %
b1100111101101011 #
b1100111101101011 &
1"
#4440000
0"
#4450000
b1110111100111001 !
b1110111100111001 '
b100010101111111100000 (
b11110111100111001110001010001111 )
b100000 *
b11011010 %
b1100110010011010 #
b1100110010011010 &
1"
#4460000
0"
#4470000
b1110100101001110 !
b1110100101001110 '
b11101011010101100000 (
b11110100101001110010010000010000 )
b100000 *
b11011011 %
b1101101110010010 #
b1101101110010010 &
1"
#4480000
0"
#4490000
b1110001110011111 !
b1110001110011111 '
b11100100110001100000 (
b11110001110011111000000000110110 )
b100000 *
b11011100 %
b1101100110110010 #
b1101100110110010 &
1"
#4500000
0"
#4510000
b1101111000111010 !
b1101111000111010 '
b10111011111011110000 (
b11101111000111010110101111010011 )
b100000 *
b11011101 %
b1110110011111100 #
b1110110011111100 &
1"
#4520000
0"
#4530000
b1101100101000101 !
b1101100101000101 '
b10101011101101000000 (
b11101100101000101101110100110110 )
b100000 *
b11011110 %
b1110111010100101 #
b1110111010100101 &
1"
#4540000
0"
#4550000
b1101010011010010 !
b1101010011010010 '
b10010100101101100000 (
b11101010011010010110000101110010 )
b100000 *
b11011111 %
b1111101011011001 #
b1111101011011001 &
1"
#4560000
0"
#4570000
b1101000011111110 !
b1101000011111110 '
b1111011110000000000 (
b11101000011111110111111010011101 )
b100000 *
b11100000 %
b1111010011011101 #
b1111010011011101 &
1"
#4580000
0"
#4590000
b1100110111011110 !
b1100110111011110 '
b1111000000100100000 (
b11100110111011110101110101100001 )
b100000 *
b11100001 %
b1111100101101011 #
b1111100101101011 &
1"
#4600000
0"
#4610000
b1100101110000110 !
b1100101110000110 '
b1001010110110010000 (
b11100101110000110111101001010100 )
b100000 *
b11100010 %
b1111110101000001 #
b1111110101000001 &
1"
#4620000
0"
#4630000
b1100101000001001 !
b1100101000001001 '
b1001111111011110000 (
b11100101000001001111110001010101 )
b100000 *
b11100011 %
b1110110111011001 #
b1110110111011001 &
1"
#4640000
0"
#4650000
b1100100101100100 !
b1100100101100100 '
b111011100111010000 (
b11100100101100100011111010000100 )
b100000 *
b11100100 %
b1110111010001011 #
b1110111010001011 &
1"
#4660000
0"
#4670000
b1100100110011100 !
b1100100110011100 '
b101001000011010000 (
b11100100110011100111011110010111 )
b100000 *
b11100101 %
b1110111011011000 #
b1110111011011000 &
1"
#4680000
0"
#4690000
b1100101010100111 !
b1100101010100111 '
b10100001010000 (
b11100101010100111101111000110100 )
b100000 *
b11100110 %
b1111110010110000 #
b1111110010110000 &
1"
#4700000
0"
#4710000
b1100110001110110 !
b1100110001110110 '
b11111111111111110110000011010000 (
b11100110001110110111000111100001 )
b100000 *
b11100111 %
b1111101010001010 #
b1111101010001010 &
1"
#4720000
0"
#4730000
b1100111011101010 !
b1100111011101010 '
b11111111111111110001111100110000 (
b11100111011101010100000000110110 )
b100000 *
b11101000 %
b1111010011111110 #
b1111010011111110 &
1"
#4740000
0"
#4750000
b1101000111100010 !
b1101000111100010 '
b11111111111111000000110010100000 (
b11101000111100010001001110010010 )
b100000 *
b11101001 %
b1100010 #
b1100010 &
1"
#4760000
0"
#4770000
b1101010101000100 !
b1101010101000100 '
b11111111111110100110111100110000 (
b11101010101000100001101011001011 )
b100000 *
b11101010 %
b1111100110001001 #
b1111100110001001 &
1"
#4780000
0"
#4790000
b1101100011100101 !
b1101100011100101 '
b11111111111110101110101000000000 (
b11101100011100101101011010011000 )
b100000 *
b11101011 %
b1111000011010100 #
b1111000011010100 &
1"
#4800000
0"
#4810000
b1101110010100000 !
b1101110010100000 '
b11111111111101010110100110000000 (
b11101110010100000011110011001100 )
b100000 *
b11101100 %
b1111001111011011 #
b1111001111011011 &
1"
#4820000
0"
#4830000
b1110000001011111 !
b1110000001011111 '
b11111111111101011111110100010000 (
b11110000001011111000110011001111 )
b100000 *
b11101101 %
b1111001000011011 #
b1111001000011011 &
1"
#4840000
0"
#4850000
b1110001111111001 !
b1110001111111001 '
b11111111111101110101110111110000 (
b11110001111111001000110111010010 )
b100000 *
b11101110 %
b1111111000110100 #
b1111111000110100 &
1"
#4860000
0"
#4870000
b1110011101011000 !
b1110011101011000 '
b11111111111100110011000001000000 (
b11110011101011000110100000100111 )
b100000 *
b11101111 %
b1111011001011100 #
b1111011001011100 &
1"
#4880000
0"
#4890000
b1110101001101111 !
b1110101001101111 '
b11111111111100011011010111100000 (
b11110101001101111010111110100110 )
b100000 *
b11110000 %
b1111001110001111 #
b1111001110001111 &
1"
#4900000
0"
#4910000
b1110110100101100 !
b1110110100101100 '
b11111111111011111010110110010000 (
b11110110100101100011100001110111 )
b100000 *
b11110001 %
b1111011010111010 #
b1111011010111010 &
1"
#4920000
0"
#4930000
b1110111110001101 !
b1110111110001101 '
b11111111111100000011100101000000 (
b11110111110001101010101100000101 )
b100000 *
b11110010 %
b1111010110000101 #
b1111010110000101 &
1"
#4940000
0"
#4950000
b1111000110001100 !
b1111000110001100 '
b11111111111011000000101101100000 (
b11111000110001100111100001010100 )
b100000 *
b11110011 %
b1111111001001010 #
b1111111001001010 &
1"
#4960000
0"
#4970000
b1111001100111001 !
b1111001100111001 '
b11111111111011101010100111100000 (
b11111001100111001111010001111100 )
b100000 *
b11110100 %
b1111110001111101 #
b1111110001111101 &
1"
#4980000
0"
#4990000
b1111010010001111 !
b1111010010001111 '
b11111111111100010101011000010000 (
b11111010010001111111101011010110 )
b100000 *
b11110101 %
b1111101110110111 #
b1111101110110111 &
1"
#5000000
0"
#5010000
b1111010110011011 !
b1111010110011011 '
b11111111111100100010011011110000 (
b11111010110011011001001110100100 )
b100000 *
b11110110 %
b1111110001101011 #
b1111110001101011 &
1"
#5020000
0"
#5030000
b1111011001101010 !
b1111011001101010 '
b11111111111101000001110100010000 (
b11111011001101010011010101100100 )
b100000 *
b11110111 %
b1111101010100001 #
b1111101010100001 &
1"
#5040000
0"
#5050000
b1111011100000110 !
b1111011100000110 '
b11111111111101001111111101100000 (
b11111011100000110001010101101010 )
b100000 *
b11111000 %
b1111010110101100 #
b1111010110101100 &
1"
#5060000
0"
#5070000
b1111011101111010 !
b1111011101111010 '
b11111111111101101110010000010000 (
b11111011101111010100000111000100 )
b100000 *
b11111001 %
b1111110101101101 #
b1111110101101101 &
1"
#5080000
0"
#5090000
b1111011111010011 !
b1111011111010011 '
b11111111111101100101110011100000 (
b11111011111010011101000110110111 )
b100000 *
b11111010 %
b1111011010010010 #
b1111011010010010 &
1"
#5100000
0"
#5110000
b1111100000011001 !
b1111100000011001 '
b11111111111110010010101101100000 (
b11111100000011001111100111100011 )
b100000 *
b11111011 %
b1111010101101001 #
b1111010101101001 &
1"
#5120000
0"
#5130000
b1111100001010001 !
b1111100001010001 '
b11111111111110001101000101100000 (
b11111100001010001011011111011000 )
b100000 *
b11111100 %
b1111010110000101 #
b1111010110000101 &
1"
#5140000
0"
#5150000
b1111100010000101 !
b1111100010000101 '
b11111111111111000110111101000000 (
b11111100010000101011111110110010 )
b100000 *
b11111101 %
b1111111110010111 #
b1111111110010111 &
1"
#5160000
0"
#5170000
b1111100010110101 !
b1111100010110101 '
b11111111111111001011111011110000 (
b11111100010110101110011001010110 )
b100000 *
b11111110 %
b1001000 #
b1001000 &
1"
#5180000
0"
#5190000
b1111100011100111 !
b1111100011100111 '
b11111111111111110000100010110000 (
b11111100011100111100011100100010 )
b100000 *
b11111111 %
b1111001001100001 #
b1111001001100001 &
1"
#5200000
0"
#5210000
b1111100100010011 !
b1111100100010011 '
b11111111111111011110100101110000 (
b11111100100010011101011101100000 )
b100000 *
b100000000 %
b1111101010111111 #
b1111101010111111 &
1"
#5220000
0"
#5230000
b1111100101000101 !
b1111100101000101 '
b11111111111111101100010000010000 (
b11111100101000101000000000101101 )
b100000 *
b100000001 %
b1111110011101010 #
b1111110011101010 &
1"
#5240000
0"
#5250000
b1111100101110101 !
b1111100101110101 '
b11111111111111110111110000110000 (
b11111100101110101100111010001110 )
b100000 *
b100000010 %
b1111100010011111 #
b1111100010011111 &
1"
#5260000
0"
#5270000
b1111100110100011 !
b1111100110100011 '
b11111111111111001001100010110000 (
b11111100110100011000110111101010 )
b100000 *
b100000011 %
b1111111111000011 #
b1111111111000011 &
1"
#5280000
0"
#5290000
b1111100111010100 !
b1111100111010100 '
b11111111111111001011101000010000 (
b11111100111010100110101000000010 )
b100000 *
b100000100 %
b1111110101001010 #
b1111110101001010 &
1"
#5300000
0"
#5310000
b1111101000000010 !
b1111101000000010 '
b11111111111111001100100010000000 (
b11111101000000010000010100110000 )
b100000 *
b100000101 %
b1111101101010100 #
b1111101101010100 &
1"
#5320000
0"
#5330000
b1111101000101011 !
b1111101000101011 '
b11111111111111110110000100000000 (
b11111101000101011010110100010000 )
b100000 *
b100000110 %
b1111100101100001 #
b1111100101100001 &
1"
#5340000
0"
#5350000
b1111101001001101 !
b1111101001001101 '
b11111111111111101111100111100000 (
b11111101001001101001110100000010 )
b100000 *
b100000111 %
b1111111111010001 #
b1111111111010001 &
1"
#5360000
0"
#5370000
b1111101001101110 !
b1111101001101110 '
b11111111111111011110111110100000 (
b11111101001101110110011110100110 )
b100000 *
b100001000 %
b11010010 #
b11010010 &
1"
#5380000
0"
#5390000
b1111101010001111 !
b1111101010001111 '
b1001001100000 (
b11111101010001111110000101000010 )
b100000 *
b100001001 %
b1111111011111111 #
b1111111011111111 &
1"
#5400000
0"
#5410000
b1111101010101011 !
b1111101010101011 '
b11111111111111101100100110110000 (
b11111101010101011101010100011100 )
b100000 *
b100001010 %
b1111101101111101 #
b1111101101111101 &
1"
#5420000
0"
#5430000
b1111101011001000 !
b1111101011001000 '
b11111111111111010010011111000000 (
b11111101011001000100001110111011 )
b100000 *
b100001011 %
b110001110 #
b110001110 &
1"
#5440000
0"
#5450000
b1111101011101010 !
b1111101011101010 '
b11111111111111011011100100010000 (
b11111101011101010110011110111001 )
b100000 *
b100001100 %
b1111100001010001 #
b1111100001010001 &
1"
#5460000
0"
#5470000
b1111101100001100 !
b1111101100001100 '
b11111111111111010110010100010000 (
b11111101100001100110101110101000 )
b100000 *
b100001101 %
b1111110111010010 #
b1111110111010010 &
1"
#5480000
0"
#5490000
b1111101100110101 !
b1111101100110101 '
b11111111111111111010100111000000 (
b11111101100110101010110111010001 )
b100000 *
b100001110 %
b10001011010 #
b10001011010 &
1"
#5500000
0"
#5510000
b1111101101100000 !
b1111101101100000 '
b11111111111111100011000101000000 (
b11111101101100000111010011010111 )
b100000 *
b100001111 %
b1111110001011010 #
b1111110001011010 &
1"
#5520000
0"
#5530000
b1111101110010010 !
b1111101110010010 '
b11111111111111011010101011010000 (
b11111101110010010001101010000001 )
b100000 *
b100010000 %
b1111100100100000 #
b1111100100100000 &
1"
#5540000
0"
#5550000
b1111101111001000 !
b1111101111001000 '
b11111111111111100100001011100000 (
b11111101111001000111000100010001 )
b100000 *
b100010001 %
b11110000100 #
b11110000100 &
1"
#5560000
0"
#5570000
b1111110000000110 !
b1111110000000110 '
b11111111111111100000100011110000 (
b11111110000000110110010100011111 )
b100000 *
b100010010 %
b1111110001101101 #
b1111110001101101 &
1"
#5580000
0"
#5590000
b1111110001000101 !
b1111110001000101 '
b11111111111111111010110111100000 (
b11111110001000101101010110011010 )
b100000 *
b100010011 %
b10010 #
b10010 &
1"
#5600000
0"
#5610000
b1111110010000101 !
b1111110010000101 '
b11111111111111110101011101110000 (
b11111110010000101011111101010010 )
b100000 *
b100010100 %
b1111100111010001 #
b1111100111010001 &
1"
#5620000
0"
#5630000
b1111110011000100 !
b1111110011000100 '
b11111111111111110011001001010000 (
b11111110011000100110010010101110 )
b100000 *
b100010101 %
b1111111110000110 #
b1111111110000110 &
1"
#5640000
0"
#5650000
b1111110100000100 !
b1111110100000100 '
b11111111111111110101010000010000 (
b11111110100000100011111001100101 )
b100000 *
b100010110 %
b10010001 #
b10010001 &
1"
#5660000
0"
#5670000
b1111110101000001 !
b1111110101000001 '
b11111111111111101111111000110000 (
b11111110101000001101010001111101 )
b100000 *
b100010111 %
b1111111001010010 #
b1111111001010010 &
1"
#5680000
0"
#5690000
b1111110101111011 !
b1111110101111011 '
b11111111111111100001000001000000 (
b11111110101111011010001010010100 )
b100000 *
b100011000 %
b10110 #
b10110 &
1"
#5700000
0"
#5710000
b1111110110110001 !
b1111110110110001 '
b11111111111111111000010001110000 (
b11111110110110001110010110110001 )
b100000 *
b100011001 %
b10010110100 #
b10010110100 &
1"
#5720000
0"
#5730000
b1111110111100010 !
b1111110111100010 '
b11111111111111100011101101100000 (
b11111110111100010001010100000100 )
b100000 *
b100011010 %
b1111011101111001 #
b1111011101111001 &
1"
#5740000
0"
#5750000
b1111111000001100 !
b1111111000001100 '
b11111111111111100000001110110000 (
b11111111000001100011011100011110 )
b100000 *
b100011011 %
b1111111111010101 #
b1111111111010101 &
1"
#5760000
0"
#5770000
b1111111000110100 !
b1111111000110100 '
b11111111111111100000100011110000 (
b11111111000110100100011010000101 )
b100000 *
b100011100 %
b1111010010110110 #
b1111010010110110 &
1"
#5780000
0"
#5790000
b1111111001010100 !
b1111111001010100 '
b11111111111111111110110001010000 (
b11111111001010100111000100010010 )
b100000 *
b100011101 %
b1111111100101011 #
b1111111100101011 &
1"
#5800000
0"
#5810000
b1111111001110000 !
b1111111001110000 '
b110110000000 (
b11111111001110000110100010110000 )
b100000 *
b100011110 %
b100100000111 #
b100100000111 &
1"
#5820000
0"
#5830000
b1111111010001010 !
b1111111010001010 '
b11111111111111010111001000110000 (
b11111111010001010110000100001000 )
b100000 *
b100011111 %
b10000010110 #
b10000010110 &
1"
#5840000
0"
#5850000
b1111111010100010 !
b1111111010100010 '
b11111111111111110000001111010000 (
b11111111010100010110101101100100 )
b100000 *
b100100000 %
b1111111101011010 #
b1111111101011010 &
1"
#5860000
0"
#5870000
b1111111010110011 !
b1111111010110011 '
b11111111111111110110101111100000 (
b11111111010110011011001000001010 )
b100000 *
b100100001 %
b1111110111000111 #
b1111110111000111 &
1"
#5880000
0"
#5890000
b1111111011000000 !
b1111111011000000 '
b11111111111111101001110111010000 (
b11111111011000000101111011101010 )
b100000 *
b100100010 %
b1001010110 #
b1001010110 &
1"
#5900000
0"
#5910000
b1111111011001110 !
b1111111011001110 '
b11111111111111111111010010010000 (
b11111111011001110001001010111011 )
b100000 *
b100100011 %
b10100101010 #
b10100101010 &
1"
#5920000
0"
#5930000
b1111111011011001 !
b1111111011011001 '
b11111111111111110111110111100000 (
b11111111011011001011110000111100 )
b100000 *
b100100100 %
b1111111111110011 #
b1111111111110011 &
1"
#5940000
0"
#5950000
b1111111011100100 !
b1111111011100100 '
b11111111111111110001111111000000 (
b11111111011100100100010101110000 )
b100000 *
b100100101 %
b100001000011 #
b100001000011 &
1"
#5960000
0"
#5970000
b1111111011110100 !
b1111111011110100 '
b11111111111111101100001000110000 (
b11111111011110100001010001000111 )
b100000 *
b100100110 %
b1111101111110001 #
b1111101111110001 &
1"
#5980000
0"
#5990000
b1111111100000011 !
b1111111100000011 '
b11111111111111111111011100110000 (
b11111111100000011110101110011001 )
b100000 *
b100100111 %
b1111011000000011 #
b1111011000000011 &
1"
#6000000
0"
#6010000
b1111111100010011 !
b1111111100010011 '
b10011101100000 (
b11111111100010011110111100000000 )
b100000 *
b100101000 %
b1111110010001000 #
b1111110010001000 &
1"
#6020000
0"
#6030000
b1111111100101001 !
b1111111100101001 '
b11111111111111111100111111010000 (
b11111111100101001001111010011110 )
b100000 *
b100101001 %
b1111111101110110 #
b1111111101110110 &
1"
#6040000
0"
#6050000
b1111111101000011 !
b1111111101000011 '
b11111111111111110010011101110000 (
b11111111101000011001111111110101 )
b100000 *
b100101010 %
b1111111010110010 #
b1111111010110010 &
1"
#6060000
0"
#6070000
b1111111101100000 !
b1111111101100000 '
b100101010100000 (
b11111111101100000001110111111111 )
b100000 *
b100101011 %
b1111110001100011 #
b1111110001100011 &
1"
#6080000
0"
#6090000
b1111111101111100 !
b1111111101111100 '
b11111111111111101000111100110000 (
b11111111101111100101100100110011 )
b100000 *
b100101100 %
b11110110001 #
b11110110001 &
1"
#6100000
0"
#6110000
b1111111110011110 !
b1111111110011110 '
b11111111111111111001011101100000 (
b11111111110011110101101110000111 )
b100000 *
b100101101 %
b1111100010110010 #
b1111100010110010 &
1"
#6120000
0"
#6130000
b1111111110111010 !
b1111111110111010 '
b1101000011100000 (
b11111111110111010000011101011100 )
b100000 *
b100101110 %
b1111111010010010 #
b1111111010010010 &
1"
#6140000
0"
#6150000
b1111111111010001 !
b1111111111010001 '
b11111111111111110101000011100000 (
b11111111111010001101000100010101 )
b100000 *
b100101111 %
b1111110001000000 #
b1111110001000000 &
1"
#6160000
0"
#6170000
b1111111111100100 !
b1111111111100100 '
b11111111111111101011011000000000 (
b11111111111100100111110110100010 )
b100000 *
b100110000 %
b1111111011101000 #
b1111111011101000 &
1"
#6180000
0"
#6190000
b1111111111110010 !
b1111111111110010 '
b10110100011000000 (
b11111111111110010000101011000111 )
b100000 *
b100110001 %
b1111111000001011 #
b1111111000001011 &
1"
#6200000
0"
#6210000
b11111111111111110101010001110000 (
b11111111111110010100000100110100 )
b100000 *
b100110010 %
b10000000110 #
b10000000110 &
1"
#6220000
0"
#6230000
b1111111111101111 !
b1111111111101111 '
b1101100000 (
b11111111111101111010001100111100 )
b100000 *
b100110011 %
b1111110001011110 #
b1111110001011110 &
1"
#6240000
0"
#6250000
b1111111111100000 !
b1111111111100000 '
b11111111111111101101011100110000 (
b11111111111100000000001001001011 )
b100000 *
b100110100 %
b1111110110011110 #
b1111110110011110 &
1"
#6260000
0"
#6270000
b1111111111001010 !
b1111111111001010 '
b11111111111111111110100100100000 (
b11111111111001010110011100110110 )
b100000 *
b100110101 %
b1001110101 #
b1001110101 &
1"
#6280000
0"
#6290000
b1111111110101110 !
b1111111110101110 '
b1101100110000 (
b11111111110101110110010110001001 )
b100000 *
b100110110 %
b11110011100 #
b11110011100 &
1"
#6300000
0"
#6310000
b1111111110001111 !
b1111111110001111 '
b11111111111111111010111101100000 (
b11111111110001111100110010001100 )
b100000 *
b100110111 %
b1111100010110000 #
b1111100010110000 &
1"
#6320000
0"
#6330000
b1111111101101100 !
b1111111101101100 '
b10000100000 (
b11111111101101100001101001100111 )
b100000 *
b100111000 %
b101110000100 #
b101110000100 &
1"
#6340000
0"
#6350000
b1111111101001111 !
b1111111101001111 '
b1110000111000000 (
b11111111101001111001001111100100 )
b100000 *
b100111001 %
b1111110111101110 #
b1111110111101110 &
1"
#6360000
0"
#6370000
b1111111100110001 !
b1111111100110001 '
b11111111111111100110011010110000 (
b11111111100110001101011001100111 )
b100000 *
b100111010 %
b10111011101 #
b10111011101 &
1"
#6380000
0"
#6390000
b1111111100100000 !
b1111111100100000 '
b11111111111111111111011111110000 (
b11111111100100000110100010100000 )
b100000 *
b100111011 %
b100001111011 #
b100001111011 &
1"
#6400000
0"
#6410000
b1111111100010111 !
b1111111100010111 '
b11111111111111011110001000100000 (
b11111111100010111000000000000011 )
b100000 *
b100111100 %
b101001110001 #
b101001110001 &
1"
#6420000
0"
#6430000
b1111111100011100 !
b1111111100011100 '
b11111111111111111101100000010000 (
b11111111100011100011010110010101 )
b100000 *
b100111101 %
b110010100 #
b110010100 &
1"
#6440000
0"
#6450000
b1111111100101000 !
b1111111100101000 '
b11011000101010000 (
b11111111100101000110010111111011 )
b100000 *
b100111110 %
b10011101001 #
b10011101001 &
1"
#6460000
0"
#6470000
b1111111101000001 !
b1111111101000001 '
b1100010000100000 (
b11111111101000001110100001000111 )
b100000 *
b100111111 %
b10010000100 #
b10010000100 &
1"
#6480000
0"
#6490000
b1111111101101010 !
b1111111101101010 '
b11111111111111111110000011100000 (
b11111111101101010010010100000000 )
b100000 *
b101000000 %
b1011001111 #
b1011001111 &
1"
#6500000
0"
#6510000
b1111111110100000 !
b1111111110100000 '
b11111111111111111001010101010000 (
b11111111110100000110101100101001 )
b100000 *
b101000001 %
b11111011100 #
b11111011100 &
1"
#6520000
0"
#6530000
b1111111111100100 !
b1111111111100100 '
b111000000100000 (
b11111111111100100110010001011000 )
b100000 *
b101000010 %
b100011011101 #
b100011011101 &
1"
#6540000
0"
#6550000
b110010 !
b110010 '
b1111011111100000 (
b110010010101000111101 )
b100000 *
b101000011 %
b10111001001 #
b10111001001 &
1"
#6560000
0"
#6570000
b10000111 !
b10000111 '
b11111111111111111111110110010000 (
b10000111000001110110000 )
b100000 *
b101000100 %
b100011010100 #
b100011010100 &
1"
#6580000
0"
#6590000
b11100101 !
b11100101 '
b11000110010010000 (
b11100101010110000001000 )
b100000 *
b101000101 %
b1011001100101 #
b1011001100101 &
1"
#6600000
0"
#6610000
b101001010 !
b101001010 '
b11111111111111110011110100110000 (
b101001010000100111001100 )
b100000 *
b101000110 %
b100100111011 #
b100100111011 &
1"
#6620000
0"
#6630000
b110110011 !
b110110011 '
b11111111111111100010000010010000 (
b110110011001000001101111 )
b100000 *
b101000111 %
b110101110111 #
b110101110111 &
1"
#6640000
0"
#6650000
b1000100001 !
b1000100001 '
b11111111111111110101100110000000 (
b1000100001010010110010101 )
b100000 *
b101001000 %
b100000000110 #
b100000000110 &
1"
#6660000
0"
#6670000
b1010001111 !
b1010001111 '
b11111111111111111110011000100000 (
b1010001111000011101000010 )
b100000 *
b101001001 %
b100001000000 #
b100001000000 &
1"
#6680000
0"
#6690000
b1011111101 !
b1011111101 '
b11111111111111111100000101100000 (
b1011111101110011110100111 )
b100000 *
b101001010 %
b100110111110 #
b100110111110 &
1"
#6700000
0"
#6710000
b1101101111 !
b1101101111 '
b11111111111111110101001010010000 (
b1101101111000100011000100 )
b100000 *
b101001011 %
b111011110110 #
b111011110110 &
1"
#6720000
0"
#6730000
b1111100010 !
b1111100010 '
b10111000100110000 (
b1111100010111101111101100 )
b100000 *
b101001100 %
b100010000111 #
b100010000111 &
1"
#6740000
0"
#6750000
b10001010010 !
b10001010010 '
b11111111111111101010000101100000 (
b10001010010000100011110110 )
b100000 *
b101001101 %
b1110110101 #
b1110110101 &
1"
#6760000
0"
#6770000
b10011000011 !
b10011000011 '
b11111111111111111011101101100000 (
b10011000011101101000100011 )
b100000 *
b101001110 %
b111000000110 #
b111000000110 &
1"
#6780000
0"
#6790000
b10100110101 !
b10100110101 '
b11111111111111110100110000000000 (
b10100110101000101001101000 )
b100000 *
b101001111 %
b110000010100 #
b110000010100 &
1"
#6800000
0"
#6810000
b10110100100 !
b10110100100 '
b11111111111111111100101110000000 (
b10110100100111111101010000 )
b100000 *
b101010000 %
b1000001001110 #
b1000001001110 &
1"
#6820000
0"
#6830000
b11000010010 !
b11000010010 '
b11111111111111111010001000010000 (
b11000010010111001100001010 )
b100000 *
b101010001 %
b111111011110 #
b111111011110 &
1"
#6840000
0"
#6850000
b11001111101 !
b11001111101 '
b1100000100100000 (
b11001111101111111110100111 )
b100000 *
b101010010 %
b1001110111010 #
b1001110111010 &
1"
#6860000
0"
#6870000
b11011100100 !
b11011100100 '
b11111111111111110101000110100000 (
b11011100100101101110011010 )
b100000 *
b101010011 %
b1010100101010 #
b1010100101010 &
1"
#6880000
0"
#6890000
b11101001010 !
b11101001010 '
b11111111111111111000110110100000 (
b11101001010001001001011010 )
b100000 *
b101010100 %
b101001010100 #
b101001010100 &
1"
#6900000
0"
#6910000
b11110101000 !
b11110101000 '
b111010111110000 (
b11110101000100011000111100 )
b100000 *
b101010101 %
b100111011111 #
b100111011111 &
1"
#6920000
0"
#6930000
b100000000001 !
b100000000001 '
b10110110101000000 (
b100000000001101001000001011 )
b100000 *
b101010110 %
b1010011001110 #
b1010011001110 &
1"
#6940000
0"
#6950000
b100001011000 !
b100001011000 '
b11111111111111101010000100000000 (
b100001011000000101000000100 )
b100000 *
b101010111 %
b1010001011101 #
b1010001011101 &
1"
#6960000
0"
#6970000
b100010110000 !
b100010110000 '
b100010100011000000 (
b100010110000000000110000101 )
b100000 *
b101011000 %
b111010001100 #
b111010001100 &
1"
#6980000
0"
#6990000
b100011111111 !
b100011111111 '
b11111111111111111001110010100000 (
b100011111111000100011110001 )
b100000 *
b101011001 %
b1101001000000 #
b1101001000000 &
1"
#7000000
0"
#7010000
b100101010101 !
b100101010101 '
b10001100101110000 (
b100101010101011000110110111 )
b100000 *
b101011010 %
b1010010100101 #
b1010010100101 &
1"
#7020000
0"
#7030000
b100110101001 !
b100110101001 '
b11001011100010000 (
b100110101001010101100101000 )
b100000 *
b101011011 %
b1010110101011 #
b1010110101011 &
1"
#7040000
0"
#7050000
b101000000000 !
b101000000000 '
b11111010100110000 (
b101000000000010010001101101 )
b100000 *
b101011100 %
b1011100000000 #
b1011100000000 &
1"
#7060000
0"
#7070000
b101001011011 !
b101001011011 '
b100101111000000 (
b101001011011100101111011001 )
b100000 *
b101011101 %
b1101000000100 #
b1101000000100 &
1"
#7080000
0"
#7090000
b101011000000 !
b101011000000 '
b1110101110110000 (
b101011000000011010101101110 )
b100000 *
b101011110 %
b1111010000101 #
b1111010000101 &
1"
#7100000
0"
#7110000
b101100101101 !
b101100101101 '
b1101100011000000 (
b101100101101001001010111001 )
b100000 *
b101011111 %
b1010100000101 #
b1010100000101 &
1"
#7120000
0"
#7130000
b101110100000 !
b101110100000 '
b1000011011010000 (
b101110100000001110011001011 )
b100000 *
b101100000 %
b110100100101 #
b110100100101 &
1"
#7140000
0"
#7150000
b110000011010 !
b110000011010 '
b10111100101000000 (
b110000011010100011001100110 )
b100000 *
b101100001 %
b1101011010111 #
b1101011010111 &
1"
#7160000
0"
#7170000
b110010011111 !
b110010011111 '
b11010100101110000 (
b110010011111001000011000001 )
b100000 *
b101100010 %
b1000010001100 #
b1000010001100 &
1"
#7180000
0"
#7190000
b110100100111 !
b110100100111 '
b10001010110110000 (
b110100100111111001001111011 )
b100000 *
b101100011 %
b1101101001110 #
b1101101001110 &
1"
#7200000
0"
#7210000
b110110111001 !
b110110111001 '
b11010011111000000 (
b110110111001010010010110000 )
b100000 *
b101100100 %
b1000110010001 #
b1000110010001 &
1"
#7220000
0"
#7230000
b111001001001 !
b111001001001 '
b1000011001011110000 (
b111001001001110000011000101 )
b100000 *
b101100101 %
b1101111011101 #
b1101111011101 &
1"
#7240000
0"
#7250000
b111011011001 !
b111011011001 '
b11011101100010000 (
b111011011001110011000011010 )
b100000 *
b101100110 %
b111110111111 #
b111110111111 &
1"
#7260000
0"
#7270000
b111101101000 !
b111101101000 '
b101000011001010000 (
b111101101000100001111101110 )
b100000 *
b101100111 %
b110111010010 #
b110111010010 &
1"
#7280000
0"
#7290000
b111111101111 !
b111111101111 '
b11000000100100000 (
b111111101111010001110011010 )
b100000 *
b101101000 %
b1100000001111 #
b1100000001111 &
1"
#7300000
0"
#7310000
b1000001110001 !
b1000001110001 '
b11000110000000000 (
b1000001110001001001010101111 )
b100000 *
b101101001 %
b101111010100 #
b101111010100 &
1"
#7320000
0"
#7330000
b1000011100100 !
b1000011100100 '
b11101001110100000 (
b1000011100100001101001011010 )
b100000 *
b101101010 %
b1010111101111 #
b1010111101111 &
1"
#7340000
0"
#7350000
b1000101001010 !
b1000101001010 '
b101100111000100000 (
b1000101001010110110110111100 )
b100000 *
b101101011 %
b1010001010110 #
b1010001010110 &
1"
#7360000
0"
#7370000
b1000110011111 !
b1000110011111 '
b11001100101010000 (
b1000110011111011101110110001 )
b100000 *
b101101100 %
b1000100000010 #
b1000100000010 &
1"
#7380000
0"
#7390000
b1000111100011 !
b1000111100011 '
b1011000111110000 (
b1000111100011011000001011100 )
b100000 *
b101101101 %
b111110100011 #
b111110100011 &
1"
#7400000
0"
#7410000
b1001000010101 !
b1001000010101 '
b101010000100100000 (
b1001000010101010010101100001 )
b100000 *
b101101110 %
b1101110010000 #
b1101110010000 &
1"
#7420000
0"
#7430000
b1001000110011 !
b1001000110011 '
b100100001111000000 (
b1001000110011111101111001010 )
b100000 *
b101101111 %
b111011000001 #
b111011000001 &
1"
#7440000
0"
#7450000
b1001000111101 !
b1001000111101 '
b110000111010100000 (
b1001000111101100110011010111 )
b100000 *
b101110000 %
b111101011000 #
b111101011000 &
1"
#7460000
0"
#7470000
b1001000110101 !
b1001000110101 '
b101111100110100000 (
b1001000110101011011000111111 )
b100000 *
b101110001 %
b101100101000 #
b101100101000 &
1"
#7480000
0"
#7490000
b1001000011101 !
b1001000011101 '
b111011001011100000 (
b1001000011101100010111111101 )
b100000 *
b101110010 %
b101101110001 #
b101101110001 &
1"
#7500000
0"
#7510000
b1000111110110 !
b1000111110110 '
b111111011111100000 (
b1000111110110110011100010001 )
b100000 *
b101110011 %
b110001000011 #
b110001000011 &
1"
#7520000
0"
#7530000
b1000111000100 !
b1000111000100 '
b11110111111000000 (
b1000111000100100100000101111 )
b100000 *
b101110100 %
b1011110100101 #
b1011110100101 &
1"
#7540000
0"
#7550000
b1000110001110 !
b1000110001110 '
b11101100111010000 (
b1000110001110011011001110011 )
b100000 *
b101110101 %
b110010001011 #
b110010001011 &
1"
#7560000
0"
#7570000
b1000101001110 !
b1000101001110 '
b111110011010100000 (
b1000101001110000101011111010 )
b100000 *
b101110110 %
b101010100111 #
b101010100111 &
1"
#7580000
0"
#7590000
b1000100000100 !
b1000100000100 '
b111101000101110000 (
b1000100000100110000001001100 )
b100000 *
b101110111 %
b101110001001 #
b101110001001 &
1"
#7600000
0"
#7610000
b1000010111000 !
b1000010111000 '
b101011101001000000 (
b1000010111000111101110111111 )
b100000 *
b101111000 %
b1000100100001 #
b1000100100001 &
1"
#7620000
0"
#7630000
b1000001101110 !
b1000001101110 '
b1001110110000000000 (
b1000001101110010000110010111 )
b100000 *
b101111001 %
b11001100010 #
b11001100010 &
1"
#7640000
0"
#7650000
b1000000011011 !
b1000000011011 '
b111101111011110000 (
b1000000011011010011011100010 )
b100000 *
b101111010 %
b111111111001 #
b111111111001 &
1"
#7660000
0"
#7670000
b111111001011 !
b111111001011 '
b1000001000000010000 (
b111111001011011001001110010 )
b100000 *
b101111011 %
b10110010111 #
b10110010111 &
1"
#7680000
0"
#7690000
b111101110110 !
b111101110110 '
b1000101000000000000 (
b111101110110011000000001001 )
b100000 *
b101111100 %
b101101100010 #
b101101100010 &
1"
#7700000
0"
#7710000
b111100100000 !
b111100100000 '
b1001110000011000000 (
b111100100000001011110100111 )
b100000 *
b101111101 %
b1001011000 #
b1001011000 &
1"
#7720000
0"
#7730000
b111011000100 !
b111011000100 '
b1011011100011110000 (
b111011000100000110010101100 )
b100000 *
b101111110 %
b111000010101 #
b111000010101 &
1"
#7740000
0"
#7750000
b111001100110 !
b111001100110 '
b111111000011110000 (
b111001100110100110010111010 )
b100000 *
b101111111 %
b111010001000 #
b111010001000 &
1"
#7760000
0"
#7770000
b111000000111 !
b111000000111 '
b100111011011110000 (
b111000000111110011000010101 )
b100000 *
b110000000 %
b11100011100 #
b11100011100 &
1"
#7780000
0"
#7790000
b110110100101 !
b110110100101 '
b1010000100001010000 (
b110110100101110001010101100 )
b100000 *
b110000001 %
b101111100110 #
b101111100110 &
1"
#7800000
0"
#7810000
b110100111110 !
b110100111110 '
b110001101001000000 (
b110100111110001100010001100 )
b100000 *
b110000010 %
b101011000000 #
b101011000000 &
1"
#7820000
0"
#7830000
b110011011000 !
b110011011000 '
b1010001111010100000 (
b110011011000001110010011010 )
b100000 *
b110000011 %
b111111011111 #
b111111011111 &
1"
#7840000
0"
#7850000
b110001101111 !
b110001101111 '
b110100101100110000 (
b110001101111111110101101001 )
b100000 *
b110000100 %
b101010011101 #
b101010011101 &
1"
#7860000
0"
#7870000
b110000001010 !
b110000001010 '
b1010011100101110000 (
b110000001010100000100010001 )
b100000 *
b110000101 %
b111101001100 #
b111101001100 &
1"
#7880000
0"
#7890000
b101110100101 !
b101110100101 '
b101111001111010000 (
b101110100101000101001100100 )
b100000 *
b110000110 %
b100101100110 #
b100101100110 &
1"
#7900000
0"
#7910000
b101101000110 !
b101101000110 '
b101001011101100000 (
b101101000110010101111000000 )
b100000 *
b110000111 %
b11010110011 #
b11010110011 &
1"
#7920000
0"
#7930000
b101011101101 !
b101011101101 '
b1001000001011010000 (
b101011101101100101100000110 )
b100000 *
b110001000 %
b100111010111 #
b100111010111 &
1"
#7940000
0"
#7950000
b101010011010 !
b101010011010 '
b100011011111000000 (
b101010011010110011110100010 )
b100000 *
b110001001 %
b100100001001 #
b100100001001 &
1"
#7960000
0"
#7970000
b101001010100 !
b101001010100 '
b1000001110011010000 (
b101001010100010110111101100 )
b100000 *
b110001010 %
b111010010111 #
b111010010111 &
1"
#7980000
0"
#7990000
b101000010110 !
b101000010110 '
b111101000000100000 (
b101000010110100000001000010 )
b100000 *
b110001011 %
b100111001111 #
b100111001111 &
1"
#8000000
0"
#8010000
b100111100010 !
b100111100010 '
b110011000001100000 (
b100111100010001011010010001 )
b100000 *
b110001100 %
b10111001111 #
b10111001111 &
1"
#8020000
0"
#8030000
b100110111000 !
b100110111000 '
b101110111010010000 (
b100110111000000100110001000 )
b100000 *
b110001101 %
b100101011000 #
b100101011000 &
1"
#8040000
0"
#8050000
b100110011000 !
b100110011000 '
b1010010101100000000 (
b100110011000001101110101101 )
b100000 *
b110001110 %
b1000000111101 #
b1000000111101 &
1"
#8060000
0"
#8070000
b100101111111 !
b100101111111 '
b101100010000110000 (
b100101111111000111111110001 )
b100000 *
b110001111 %
b100000001101 #
b100000001101 &
1"
#8080000
0"
#8090000
b100101101101 !
b100101101101 '
b101110000010000000 (
b100101101101111011111011100 )
b100000 *
b110010000 %
b11011010011 #
b11011010011 &
1"
#8100000
0"
#8110000
b100101100000 !
b100101100000 '
b100001011110000000 (
b100101100000010110011011111 )
b100000 *
b110010001 %
b111101000000 #
b111101000000 &
1"
#8120000
0"
#8130000
b100101011001 !
b100101011001 '
b100010010100110000 (
b100101011001001101011111000 )
b100000 *
b110010010 %
b101011000000 #
b101011000000 &
1"
#8140000
0"
#8150000
b100101010010 !
b100101010010 '
b100100110010010000 (
b100101010010011101011111011 )
b100000 *
b110010011 %
b100001100110 #
b100001100110 &
1"
#8160000
0"
#8170000
b100101001011 !
b100101001011 '
b1000110111011110000 (
b100101001011011000110001101 )
b100000 *
b110010100 %
b11001111110 #
b11001111110 &
1"
#8180000
0"
#8190000
b100100111111 !
b100100111111 '
b100101101000010000 (
b100100111111110111001101000 )
b100000 *
b110010101 %
b1010111000 #
b1010111000 &
1"
#8200000
0"
#8210000
b100100110101 !
b100100110101 '
b11111111101010000 (
b100100110101000000000101010 )
b100000 *
b110010110 %
b101100011001 #
b101100011001 &
1"
#8220000
0"
#8230000
b100100101001 !
b100100101001 '
b100010100110110000 (
b100100101001101101100001000 )
b100000 *
b110010111 %
b100010110110 #
b100010110110 &
1"
#8240000
0"
#8250000
b100100011010 !
b100100011010 '
b110011011000110000 (
b100100011010011110011010111 )
b100000 *
b110011000 %
b110000010001 #
b110000010001 &
1"
#8260000
0"
#8270000
b100100000111 !
b100100000111 '
b10011001001100000 (
b100100000111110100001111010 )
b100000 *
b110011001 %
b1100010101 #
b1100010101 &
1"
#8280000
0"
#8290000
b100011110011 !
b100011110011 '
b101111111010110000 (
b100011110011001011000001110 )
b100000 *
b110011010 %
b1000101101000 #
b1000101101000 &
1"
#8300000
0"
#8310000
b100011011100 !
b100011011100 '
b10000110001010000 (
b100011011100110000111010110 )
b100000 *
b110011011 %
b110100111100 #
b110100111100 &
1"
#8320000
0"
#8330000
b100011000110 !
b100011000110 '
b100010001001100000 (
b100011000110011011101101100 )
b100000 *
b110011100 %
b1011010011 #
b1011010011 &
1"
#8340000
0"
#8350000
b100010101010 !
b100010101010 '
b111000010000000 (
b100010101010101101101110001 )
b100000 *
b110011101 %
b1000001011100 #
b1000001011100 &
1"
#8360000
0"
#8370000
b100010010101 !
b100010010101 '
b101010001111110000 (
b100010010101010100010111100 )
b100000 *
b110011110 %
b100000001011 #
b100000001011 &
1"
#8380000
0"
#8390000
b100001111011 !
b100001111011 '
b101011100110000000 (
b100001111011001110100001000 )
b100000 *
b110011111 %
b110010110011 #
b110010110011 &
1"
#8400000
0"
#8410000
b100001100100 !
b100001100100 '
b10101010101000000 (
b100001100100000011100001111 )
b100000 *
b110100000 %
b110001100001 #
b110001100001 &
1"
#8420000
0"
#8430000
b100001010001 !
b100001010001 '
b100011101100100000 (
b100001010001101100111010100 )
b100000 *
b110100001 %
b11011011100 #
b11011011100 &
1"
#8440000
0"
#8450000
b100000111111 !
b100000111111 '
b100000010000000000 (
b100000111111110111100110001 )
b100000 *
b110100010 %
b1111110011010000 #
b1111110011010000 &
1"
#8460000
0"
#8470000
b100000101111 !
b100000101111 '
b101111100111010000 (
b100000101111010101010010010 )
b100000 *
b110100011 %
b111001001101 #
b111001001101 &
1"
#8480000
0"
#8490000
b100000100101 !
b100000100101 '
b11111110101110000 (
b100000100101100010000000000 )
b100000 *
b110100100 %
b100111101010 #
b100111101010 &
1"
#8500000
0"
#8510000
b100000011111 !
b100000011111 '
b101101111001000000 (
b100000011111110111000110101 )
b100000 *
b110100101 %
b100010110101 #
b100010110101 &
1"
#8520000
0"
#8530000
b100000011011 !
b100000011011 '
b11100001100100000 (
b100000011011110101010001110 )
b100000 *
b110100110 %
b111000000011 #
b111000000011 &
1"
#8540000
0"
#8550000
b100000011101 !
b100000011101 '
b10100000110010000 (
b100000011101111111111000100 )
b100000 *
b110100111 %
b100001110001 #
b100001110001 &
1"
#8560000
0"
#8570000
b100000100001 !
b100000100001 '
b11101100001010000 (
b100000100001011010111101000 )
b100000 *
b110101000 %
b111110000010 #
b111110000010 &
1"
#8580000
0"
#8590000
b100000100111 !
b100000100111 '
b11011000110110000 (
b100000100111010111010011101 )
b100000 *
b110101001 %
b110011110011 #
b110011110011 &
1"
#8600000
0"
#8610000
b100000101110 !
b100000101110 '
b101011110001010000 (
b100000101110000011111111011 )
b100000 *
b110101010 %
b11100110100 #
b11100110100 &
1"
#8620000
0"
#8630000
b100000110010 !
b100000110010 '
b11101011011010000 (
b100000110010110001000111101 )
b100000 *
b110101011 %
b1000010101010 #
b1000010101010 &
1"
#8640000
0"
#8650000
b100000111011 !
b100000111011 '
b10001011011010000 (
b100000111011011110010010001 )
b100000 *
b110101100 %
b111011101001 #
b111011101001 &
1"
#8660000
0"
#8670000
b100001000101 !
b100001000101 '
b11100000010000000 (
b100001000101000101010001101 )
b100000 *
b110101101 %
b1001011111111 #
b1001011111111 &
1"
#8680000
0"
#8690000
b100001010000 !
b100001010000 '
b110000101101110000 (
b100001010000001011000010011 )
b100000 *
b110101110 %
b100000011110 #
b100000011110 &
1"
#8700000
0"
#8710000
b100001011000 !
b100001011000 '
b11000001001110000 (
b100001011000011111101010000 )
b100000 *
b110101111 %
b100000110101 #
b100000110101 &
1"
#8720000
0"
#8730000
b100001100110 !
b100001100110 '
b10100011110010000 (
b100001100110011111111001010 )
b100000 *
b110110000 %
b111001111111 #
b111001111111 &
1"
#8740000
0"
#8750000
b100001111010 !
b100001111010 '
b101101110000000000 (
b100001111010000010000101010 )
b100000 *
b110110001 %
b1000001101001 #
b1000001101001 &
1"
#8760000
0"
#8770000
b100010010000 !
b100010010000 '
b100000010000000000 (
b100010010000100000100110001 )
b100000 *
b110110010 %
b1000101010110 #
b1000101010110 &
1"
#8780000
0"
#8790000
b100010101110 !
b100010101110 '
b11001001100100000 (
b100010101110110100011110011 )
b100000 *
b110110011 %
b110100111011 #
b110100111011 &
1"
#8800000
0"
#8810000
b100011010011 !
b100011010011 '
b10011011110100000 (
b100011010011111100111100111 )
b100000 *
b110110100 %
b110000011000 #
b110000011000 &
1"
#8820000
0"
#8830000
b100011111111 !
b100011111111 '
b1000001010000000 (
b100011111111110111000111010 )
b100000 *
b110110101 %
b1000010111111 #
b1000010111111 &
1"
#8840000
0"
#8850000
b100100110100 !
b100100110100 '
b100001010010110000 (
b100100110100100100001001001 )
b100000 *
b110110110 %
b1011110010000 #
b1011110010000 &
1"
#8860000
0"
#8870000
b100101101110 !
b100101101110 '
b11010001000100000 (
b100101101110110011110111011 )
b100000 *
b110110111 %
b1001000100011 #
b1001000100011 &
1"
#8880000
0"
#8890000
b100110101110 !
b100110101110 '
b100100001100110000 (
b100110101110000100010110100 )
b100000 *
b110111000 %
b111000100101 #
b111000100101 &
1"
#8900000
0"
#8910000
b100111110000 !
b100111110000 '
b1001001111110000 (
b100111110000000010100010100 )
b100000 *
b110111001 %
b101011011111 #
b101011011111 &
1"
#8920000
0"
#8930000
b101000110110 !
b101000110110 '
b110100001110000000 (
b101000110110111011000000110 )
b100000 *
b110111010 %
b1000001111001 #
b1000001111001 &
1"
#8940000
0"
#8950000
b101001111100 !
b101001111100 '
b100111101101000000 (
b101001111100110110010010101 )
b100000 *
b110111011 %
b101110001010 #
b101110001010 &
1"
#8960000
0"
#8970000
b101011000011 !
b101011000011 '
b1000011110010000 (
b101011000011110000100111000 )
b100000 *
b110111100 %
b111101010111 #
b111101010111 &
1"
#8980000
0"
#8990000
b101100001101 !
b101100001101 '
b110001000101000000 (
b101100001101001001101010110 )
b100000 *
b110111101 %
b1001000110101 #
b1001000110101 &
1"
#9000000
0"
#9010000
b101101010000 !
b101101010000 '
b11000001000010000 (
b101101010000101111101110111 )
b100000 *
b110111110 %
b1001100001110 #
b1001100001110 &
1"
#9020000
0"
#9030000
b101110010011 !
b101110010011 '
b100110000110010000 (
b101110010011110100101100101 )
b100000 *
b110111111 %
b1000101110000 #
b1000101110000 &
1"
#9040000
0"
#9050000
b101111010001 !
b101111010001 '
b100101001000110000 (
b101111010001101110011110111 )
b100000 *
b111000000 %
b1010110010101 #
b1010110010101 &
1"
#9060000
0"
#9070000
b110000001101 !
b110000001101 '
b10100100101000000 (
b110000001101011100010110001 )
b100000 *
b111000001 %
b1100000011100 #
b1100000011100 &
1"
#9080000
0"
#9090000
b110001000111 !
b110001000111 '
b11111111111111110110011100000000 (
b110001000111110110011001101 )
b100000 *
b111000010 %
b10100000101 #
b10100000101 &
1"
#9100000
0"
#9110000
b110001111100 !
b110001111100 '
b101010111001110000 (
b110001111100110000011000101 )
b100000 *
b111000011 %
b10110111011 #
b10110111011 &
1"
#9120000
0"
#9130000
b110010101001 !
b110010101001 '
b11101101111100000 (
b110010101001011001100010110 )
b100000 *
b111000100 %
b101000110111 #
b101000110111 &
1"
#9140000
0"
#9150000
b110011010101 !
b110011010101 '
b11010000111110000 (
b110011010101011101111101010 )
b100000 *
b111000101 %
b10011010001 #
b10011010001 &
1"
#9160000
0"
#9170000
b110011111100 !
b110011111100 '
b101010000010010000 (
b110011111100000101001101011 )
b100000 *
b111000110 %
b110101010001 #
b110101010001 &
1"
#9180000
0"
#9190000
b110100011101 !
b110100011101 '
b11001010100110000 (
b110100011101001100010000001 )
b100000 *
b111000111 %
b110110000110 #
b110110000110 &
1"
#9200000
0"
#9210000
b110100110111 !
b110100110111 '
b101110100001100000 (
b110100110111110101101110010 )
b100000 *
b111001000 %
b1000010100010 #
b1000010100010 &
1"
#9220000
0"
#9230000
b110101000111 !
b110101000111 '
b100110110110010000 (
b110101000111111000011100100 )
b100000 *
b111001001 %
b1000011101011 #
b1000011101011 &
1"
#9240000
0"
#9250000
b110101001110 !
b110101001110 '
b10101100111000000 (
b110101001110111111101011110 )
b100000 *
b111001010 %
b110000001011 #
b110000001011 &
1"
#9260000
0"
#9270000
b110101001100 !
b110101001100 '
b110001111111100000 (
b110101001100000011101001110 )
b100000 *
b111001011 %
b101101111110 #
b101101111110 &
1"
#9280000
0"
#9290000
b110100111011 !
b110100111011 '
b101100101110110000 (
b110100111011001101001101001 )
b100000 *
b111001100 %
b1001111010010 #
b1001111010010 &
1"
#9300000
0"
#9310000
b110100100010 !
b110100100010 '
b111000111111010000 (
b110100100010111101001000111 )
b100000 *
b111001101 %
b110111101000 #
b110111101000 &
1"
#9320000
0"
#9330000
b110011111110 !
b110011111110 '
b11000010110100000 (
b110011111110100010110101110 )
b100000 *
b111001110 %
b100011110010 #
b100011110010 &
1"
#9340000
0"
#9350000
b110011010011 !
b110011010011 '
b11000100111110000 (
b110011010011111001011100101 )
b100000 *
b111001111 %
b1000000011110 #
b1000000011110 &
1"
#9360000
0"
#9370000
b110010100100 !
b110010100100 '
b101011011111010000 (
b110010100100101011010110000 )
b100000 *
b111010000 %
b1000100110111 #
b1000100110111 &
1"
#9380000
0"
#9390000
b110001110000 !
b110001110000 '
b110001001110110000 (
b110001110000101100001111000 )
b100000 *
b111010001 %
b111000101011 #
b111000101011 &
1"
#9400000
0"
#9410000
b110000111011 !
b110000111011 '
b110100000000100000 (
b110000111011000010000000010 )
b100000 *
b111010010 %
b1001111000101 #
b1001111000101 &
1"
#9420000
0"
#9430000
b110000001001 !
b110000001001 '
b100111101100010000 (
b110000001001000100110011111 )
b100000 *
b111010011 %
b1000110100010 #
b1000110100010 &
1"
#9440000
0"
#9450000
b101111011110 !
b101111011110 '
b100100010010000000 (
b101111011110001011011110111 )
b100000 *
b111010100 %
b111101111101 #
b111101111101 &
1"
#9460000
0"
#9470000
b101110111100 !
b101110111100 '
b110010001111010000 (
b101110111100001100010011100 )
b100000 *
b111010101 %
b1000001110100 #
b1000001110100 &
1"
#9480000
0"
#9490000
b101110100100 !
b101110100100 '
b1000110101100000000 (
b101110100100001110011101000 )
b100000 *
b111010110 %
b1001100100001 #
b1001100100001 &
1"
#9500000
0"
#9510000
b101110011000 !
b101110011000 '
b110110011010010000 (
b101110011000000000011010001 )
b100000 *
b111010111 %
b111010100000 #
b111010100000 &
1"
#9520000
0"
#9530000
b101110011001 !
b101110011001 '
b101010011011110000 (
b101110011001010110000001100 )
b100000 *
b111011000 %
b101110010110 #
b101110010110 &
1"
#9540000
0"
#9550000
b101110100111 !
b101110100111 '
b100000100111010000 (
b101110100111011110111010100 )
b100000 *
b111011001 %
b1000001001011 #
b1000001001011 &
1"
#9560000
0"
#9570000
b101111000010 !
b101111000010 '
b110001011010110000 (
b101111000010111100000100111 )
b100000 *
b111011010 %
b1000111011010 #
b1000111011010 &
1"
#9580000
0"
#9590000
b101111100111 !
b101111100111 '
b100010100111100000 (
b101111100111000100000110001 )
b100000 *
b111011011 %
b1001111100111 #
b1001111100111 &
1"
#9600000
0"
#9610000
b110000010101 !
b110000010101 '
b101110000001010000 (
b110000010101100001000011110 )
b100000 *
b111011100 %
b1000100111110 #
b1000100111110 &
1"
#9620000
0"
#9630000
b110001001000 !
b110001001000 '
b110110100111110000 (
b110001001000000011111101011 )
b100000 *
b111011101 %
b111100101000 #
b111100101000 &
1"
#9640000
0"
#9650000
b110001111100 !
b110001111100 '
b111001001010100000 (
b110001111100011011100100000 )
b100000 *
b111011110 %
b1010010100111 #
b1010010100111 &
1"
#9660000
0"
#9670000
b110010110011 !
b110010110011 '
b110100010100000000 (
b110010110011000110101011011 )
b100000 *
b111011111 %
b1000100011111 #
b1000100011111 &
1"
#9680000
0"
#9690000
b110011101000 !
b110011101000 '
b1000000101111110000 (
b110011101000011110100001110 )
b100000 *
b111100000 %
b1010111110000 #
b1010111110000 &
1"
#9700000
0"
#9710000
b110100011011 !
b110100011011 '
b1001000010101000000 (
b110100011011000101001010000 )
b100000 *
b111100001 %
b1000101110011 #
b1000101110011 &
1"
#9720000
0"
#9730000
b110101001000 !
b110101001000 '
b1111000011110000 (
b110101001000001001001011011 )
b100000 *
b111100010 %
b1000111111011 #
b1000111111011 &
1"
#9740000
0"
#9750000
b110101110110 !
b110101110110 '
b10001001100010000 (
b110101110110111011000010011 )
b100000 *
b111100011 %
b1000110100101 #
b1000110100101 &
1"
#9760000
0"
#9770000
b110110100001 !
b110110100001 '
b11110101001010000 (
b110110100001000111100100111 )
b100000 *
b111100100 %
b110110000000 #
b110110000000 &
1"
#9780000
0"
#9790000
b110111000110 !
b110111000110 '
b1110011100110000 (
b110111000110001011100100111 )
b100000 *
b111100101 %
b110110010011 #
b110110010011 &
1"
#9800000
0"
#9810000
b110111101011 !
b110111101011 '
b100111111100110000 (
b110111101011000001001000110 )
b100000 *
b111100110 %
b110110000000 #
b110110000000 &
1"
#9820000
0"
#9830000
b111000001011 !
b111000001011 '
b101000100100100000 (
b111000001011101111101111110 )
b100000 *
b111100111 %
b1101110101001 #
b1101110101001 &
1"
#9840000
0"
#9850000
b111000101110 !
b111000101110 '
b110001111001100000 (
b111000101110100110010001001 )
b100000 *
b111101000 %
b1000110011010 #
b1000110011010 &
1"
#9860000
0"
#9870000
b111001001100 !
b111001001100 '
b110010110000010000 (
b111001001100101011000100111 )
b100000 *
b111101001 %
b1011110001011 #
b1011110001011 &
1"
#9880000
0"
#9890000
b111001101011 !
b111001101011 '
b100100001000010000 (
b111001101011000100010100011 )
b100000 *
b111101010 %
b1010010011110 #
b1010010011110 &
1"
#9900000
0"
#9910000
b111010001000 !
b111010001000 '
b100010011110100000 (
b111010001000100110101000011 )
b100000 *
b111101011 %
b1110001110011 #
b1110001110011 &
1"
#9920000
0"
#9930000
b111010100110 !
b111010100110 '
b111011011101100000 (
b111010100110111111001011110 )
b100000 *
b111101100 %
b1011111001000 #
b1011111001000 &
1"
#9940000
0"
#9950000
b111011000001 !
b111011000001 '
b101001101110000000 (
b111011000001011101111011001 )
b100000 *
b111101101 %
b110011011011 #
b110011011011 &
1"
#9960000
0"
#9970000
b111011011011 !
b111011011011 '
b11010110101100000 (
b111011011011101110011010110 )
b100000 *
b111101110 %
b1000110010000 #
b1000110010000 &
1"
#9980000
0"
#9990000
b111011111001 !
b111011111001 '
b110000010110100000 (
b111011111001111000001010111 )
b100000 *
b111101111 %
b1011111101000 #
b1011111101000 &
1"
#10000000
0"
#10010000
b111100011001 !
b111100011001 '
b110011101001010000 (
b111100011001100001001100001 )
b100000 *
b111110000 %
b1010011101011 #
b1010011101011 &
1"
#10020000
0"
#10030000
b111100111011 !
b111100111011 '
b101010100000010000 (
b111100111011001101101111000 )
b100000 *
b111110001 %
b1111100100100 #
b1111100100100 &
1"
#10040000
0"
#10050000
b111101100011 !
b111101100011 '
b111011010011110000 (
b111101100011111000111011011 )
b100000 *
b111110010 %
b1001101100111 #
b1001101100111 &
1"
#10060000
0"
#10070000
b111110001100 !
b111110001100 '
b110100111001100000 (
b111110001100001100000001100 )
b100000 *
b111110011 %
b101111001111 #
b101111001111 &
1"
#10080000
0"
#10090000
b111110110111 !
b111110110111 '
b101110011101110000 (
b111110110111111001011011100 )
b100000 *
b111110100 %
b1011000100000 #
b1011000100000 &
1"
#10100000
0"
#10110000
b111111101011 !
b111111101011 '
b110001010111000000 (
b111111101011000111101000000 )
b100000 *
b111110101 %
b111101001010 #
b111101001010 &
1"
#10120000
0"
#10130000
b1000000011111 !
b1000000011111 '
b111001011000110000 (
b1000000011111111110110000110 )
b100000 *
b111110110 %
b1010001010111 #
b1010001010111 &
1"
#10140000
0"
#10150000
b1000001010111 !
b1000001010111 '
b101011111000000000 (
b1000001010111110100101000101 )
b100000 *
b111110111 %
b1100110111100 #
b1100110111100 &
1"
#10160000
0"
#10170000
b1000010010011 !
b1000010010011 '
b100010110000100000 (
b1000010010011001111010001101 )
b100000 *
b111111000 %
b1010111101101 #
b1010111101101 &
1"
#10180000
0"
#10190000
b1000011001100 !
b1000011001100 '
b110000111000010000 (
b1000011001100110001111011010 )
b100000 *
b111111001 %
b1011000000011 #
b1011000000011 &
1"
#10200000
0"
#10210000
b1000100000010 !
b1000100000010 '
b110101100011100000 (
b1000100000010001101111011010 )
b100000 *
b111111010 %
b1001110011001 #
b1001110011001 &
1"
#10220000
0"
#10230000
b1000100110010 !
b1000100110010 '
b111011101101010000 (
b1000100110010001000101110001 )
b100000 *
b111111011 %
b1001111111101 #
b1001111111101 &
1"
#10240000
0"
#10250000
b1000101011011 !
b1000101011011 '
b110011101110100000 (
b1000101011011101011101001110 )
b100000 *
b111111100 %
b1010001010111 #
b1010001010111 &
1"
#10260000
0"
#10270000
b1000101111110 !
b1000101111110 '
b101101011110000000 (
b1000101111110100110100111101 )
b100000 *
b111111101 %
b11010101100 #
b11010101100 &
1"
#10280000
0"
#10290000
b1000110010110 !
b1000110010110 '
b111101111101010000 (
b1000110010110011001011010101 )
b100000 *
b111111110 %
b1011100100100 #
b1011100100100 &
1"
#10300000
0"
#10310000
b1000110101000 !
b1000110101000 '
b110011010111010000 (
b1000110101000100110010111001 )
b100000 *
b111111111 %
b1101001010100 #
b1101001010100 &
1"
#10320000
0"
#10330000
b1000110110100 !
b1000110110100 '
b1000001110100000000 (
b1000110110100011100101111000 )
b100000 *
b1000000000 %
b111010111111 #
b111010111111 &
1"
#10340000
0"
#10350000
b1000110110011 !
b1000110110011 '
b110100010110010000 (
b1000110110011101110011001010 )
b100000 *
b1000000001 %
b110110111011 #
b110110111011 &
1"
#10360000
0"
#10370000
b1000110101100 !
b1000110101100 '
b110101111100010000 (
b1000110101100100111010001000 )
b100000 *
b1000000010 %
b1100011010100 #
b1100011010100 &
1"
#10380000
0"
#10390000
b1000110100000 !
b1000110100000 '
b110100111011110000 (
b1000110100000111001011001101 )
b100000 *
b1000000011 %
b111000010000 #
b111000010000 &
1"
#10400000
0"
#10410000
b1000110001101 !
b1000110001101 '
b101000100000000000 (
b1000110001101001111100100001 )
b100000 *
b1000000100 %
b110101010001 #
b110101010001 &
1"
#10420000
0"
#10430000
b1000101110110 !
b1000101110110 '
b101000101110010000 (
b1000101110110110011011000100 )
b100000 *
b1000000101 %
b1101000010101 #
b1101000010101 &
1"
#10440000
0"
#10450000
b1000101100000 !
b1000101100000 '
b101000100000000000 (
b1000101100000001000001111110 )
b100000 *
b1000000110 %
b1001011010011 #
b1001011010011 &
1"
#10460000
0"
#10470000
b1000101000101 !
b1000101000101 '
b1010010111110110000 (
b1000101000101011010101000001 )
b100000 *
b1000000111 %
b1110010101101 #
b1110010101101 &
1"
#10480000
0"
#10490000
b1000100100111 !
b1000100100111 '
b110100110011100000 (
b1000100100111111011001011001 )
b100000 *
b1000001000 %
b111111010001 #
b111111010001 &
1"
#10500000
0"
#10510000
b1000100001001 !
b1000100001001 '
b1000110101000010000 (
b1000100001001100010011011000 )
b100000 *
b1000001001 %
b1001101101011 #
b1001101101011 &
1"
#10520000
0"
#10530000
b1000011101010 !
b1000011101010 '
b111101110110100000 (
b1000011101010001100010000110 )
b100000 *
b1000001010 %
b1011111101110 #
b1011111101110 &
1"
#10540000
0"
#10550000
b1000011001101 !
b1000011001101 '
b1010101010110010000 (
b1000011001101111111011101100 )
b100000 *
b1000001011 %
b1100110100011 #
b1100110100011 &
1"
#10560000
0"
#10570000
b1000010110010 !
b1000010110010 '
b1000111010110000000 (
b1000010110010011101101011101 )
b100000 *
b1000001100 %
b1100101011001 #
b1100101011001 &
1"
#10580000
0"
#10590000
b1000010011100 !
b1000010011100 '
b100110100100010000 (
b1000010011100010101101110011 )
b100000 *
b1000001101 %
b1100000010001 #
b1100000010001 &
1"
#10600000
0"
#10610000
b1000010001110 !
b1000010001110 '
b110100101100000000 (
b1000010001110101011110101011 )
b100000 *
b1000001110 %
b1011000001010 #
b1011000001010 &
1"
#10620000
0"
#10630000
b1000010000111 !
b1000010000111 '
b1000111101110000000 (
b1000010000111010001111110010 )
b100000 *
b1000001111 %
b1010001100001 #
b1010001100001 &
1"
#10640000
0"
#10650000
b1000010000110 !
b1000010000110 '
b111110110000010000 (
b1000010000110111010001100010 )
b100000 *
b1000010000 %
b1100111101111 #
b1100111101111 &
1"
#10660000
0"
#10670000
b1000010010011 !
b1000010010011 '
b1011101011011000000 (
b1000010010011000010001110001 )
b100000 *
b1000010001 %
b1010110100000 #
b1010110100000 &
1"
#10680000
0"
#10690000
b1000010100110 !
b1000010100110 '
b111010001101010000 (
b1000010100110010010000100000 )
b100000 *
b1000010010 %
b1100111100101 #
b1100111100101 &
1"
#10700000
0"
#10710000
b1000011001001 !
b1000011001001 '
b100011011011010000 (
b1000011001001010100100110001 )
b100000 *
b1000010011 %
b1110101101111 #
b1110101101111 &
1"
#10720000
0"
#10730000
b1000011111001 !
b1000011111001 '
b1000010011000000000 (
b1000011111001010001111010111 )
b100000 *
b1000010100 %
b110001111100 #
b110001111100 &
1"
#10740000
0"
#10750000
b1000100101011 !
b1000100101011 '
b101101110111100000 (
b1000100101011100111011111101 )
b100000 *
b1000010101 %
b10001001000111 #
b10001001000111 &
1"
#10760000
0"
#10770000
b1000101101110 !
b1000101101110 '
b111101000001010000 (
b1000101101110010110000001001 )
b100000 *
b1000010110 %
b1011011011001 #
b1011011011001 &
1"
#10780000
0"
#10790000
b1000110110010 !
b1000110110010 '
b1001101001101000000 (
b1000110110010101001111000111 )
b100000 *
b1000010111 %
b10000111011101 #
b10000111011101 &
1"
#10800000
0"
#10810000
b1000111111100 !
b1000111111100 '
b1000001110001110000 (
b1000111111100111101110000101 )
b100000 *
b1000011000 %
b10010000011100 #
b10010000011100 &
1"
#10820000
0"
#10830000
b1001001001011 !
b1001001001011 '
b1000010000010010000 (
b1001001001011101011011101111 )
b100000 *
b1000011001 %
b1010110110001 #
b1010110110001 &
1"
#10840000
0"
#10850000
b1001010011000 !
b1001010011000 '
b111010110010110000 (
b1001010011000011111001110100 )
b100000 *
b1000011010 %
b1111100101000 #
b1111100101000 &
1"
#10860000
0"
#10870000
b1001011101001 !
b1001011101001 '
b111011111101110000 (
b1001011101001000100110011110 )
b100000 *
b1000011011 %
b11000100001001 #
b11000100001001 &
1"
#10880000
0"
#10890000
b1001100111110 !
b1001100111110 '
b111101000001010000 (
b1001100111110110001111010010 )
b100000 *
b1000011100 %
b1111100111101 #
b1111100111101 &
1"
#10900000
0"
#10910000
b1001110010001 !
b1001110010001 '
b10100000001000000 (
b1001110010001010111000111100 )
b100000 *
b1000011101 %
b10001111011110 #
b10001111011110 &
1"
#10920000
0"
#10930000
b1001111101100 !
b1001111101100 '
b1000101011011000000 (
b1001111101100001010111000000 )
b100000 *
b1000011110 %
b10010000011101 #
b10010000011101 &
1"
#10940000
0"
#10950000
b1010001000111 !
b1010001000111 '
b1001110111111000000 (
b1010001000111010011111011010 )
b100000 *
b1000011111 %
b10100111110100 #
b10100111110100 &
1"
#10960000
0"
#10970000
b1010010101011 !
b1010010101011 '
b101100001111010000 (
b1010010101011011110110000011 )
b100000 *
b1000100000 %
b10101000010110 #
b10101000010110 &
1"
#10980000
0"
#10990000
b1010100011101 !
b1010100011101 '
b101001001100010000 (
b1010100011101011010100011100 )
b100000 *
b1000100001 %
b10000010110100 #
b10000010110100 &
1"
#11000000
0"
#11010000
b1010110011000 !
b1010110011000 '
b1001010011111000000 (
b1010110011000111110100000011 )
b100000 *
b1000100010 %
b10010001011000 #
b10010001011000 &
1"
#11020000
0"
#11030000
b1011000011111 !
b1011000011111 '
b101010001100000000 (
b1011000011111110100100111000 )
b100000 *
b1000100011 %
b10100101100100 #
b10100101100100 &
1"
#11040000
0"
#11050000
b1011010111001 !
b1011010111001 '
b100111111100110000 (
b1011010111001101100100001100 )
b100000 *
b1000100100 %
b10100001100000 #
b10100001100000 &
1"
#11060000
0"
#11070000
b1011101100001 !
b1011101100001 '
b1001110001111110000 (
b1011101100001010110100000001 )
b100000 *
b1000100101 %
b11011010110001 #
b11011010110001 &
1"
#11080000
0"
#11090000
b1100000010111 !
b1100000010111 '
b111000011110010000 (
b1100000010111011010100010100 )
b100000 *
b1000100110 %
b10110100000001 #
b10110100000001 &
1"
#11100000
0"
#11110000
b1100011011001 !
b1100011011001 '
b1010110000001110000 (
b1100011011001010111001101000 )
b100000 *
b1000100111 %
b10111000001010 #
b10111000001010 &
1"
#11120000
0"
#11130000
b1100110100011 !
b1100110100011 '
b101111011100110000 (
b1100110100011100000011000000 )
b100000 *
b1000101000 %
b10100010001110 #
b10100010001110 &
1"
#11140000
0"
#11150000
b1101001110111 !
b1101001110111 '
b111010010000010000 (
b1101001110111111100000011100 )
b100000 *
b1000101001 %
b10011100110001 #
b10011100110001 &
1"
#11160000
0"
#11170000
b1101101001111 !
b1101101001111 '
b1000111110010100000 (
b1101101001111111010101011110 )
b100000 *
b1000101010 %
b11001011111110 #
b11001011111110 &
1"
#11180000
0"
#11190000
b1110000101100 !
b1110000101100 '
b1001100111010010000 (
b1110000101100111010100101000 )
b100000 *
b1000101011 %
b10111011110110 #
b10111011110110 &
1"
#11200000
0"
#11210000
b1110100001000 !
b1110100001000 '
b1001100000010110000 (
b1110100001000110111101010110 )
b100000 *
b1000101100 %
b11010001010110 #
b11010001010110 &
1"
#11220000
0"
#11230000
b1110111100011 !
b1110111100011 '
b1001000001100110000 (
b1110111100011011001010011100 )
b100000 *
b1000101101 %
b10110111001100 #
b10110111001100 &
1"
#11240000
0"
#11250000
b1111010111000 !
b1111010111000 '
b1000010000111100000 (
b1111010111000111000000000010 )
b100000 *
b1000101110 %
b11011110101111 #
b11011110101111 &
1"
#11260000
0"
#11270000
b1111110001100 !
b1111110001100 '
b111101001000110000 (
b1111110001100010111101010111 )
b100000 *
b1000101111 %
b10101011011011 #
b10101011011011 &
1"
#11280000
0"
#11290000
b10000001010111 !
b10000001010111 '
b1001101110011010000 (
b10000001010111011100100010110 )
b100000 *
b1000110000 %
b11110100110100 #
b11110100110100 &
1"
#11300000
0"
#11310000
b10000100011111 !
b10000100011111 '
b1000000111000000000 (
b10000100011111101010101110100 )
b100000 *
b1000110001 %
b11101010001111 #
b11101010001111 &
1"
#11320000
0"
#11330000
b10000111100011 !
b10000111100011 '
b1001101101011110000 (
b10000111100011011100011010100 )
b100000 *
b1000110010 %
b11011111010101 #
b11011111010101 &
1"
#11340000
0"
#11350000
b10001010100001 !
b10001010100001 '
b1011000010011010000 (
b10001010100001101110101111111 )
b100000 *
b1000110011 %
b11001001011101 #
b11001001011101 &
1"
#11360000
0"
#11370000
b10001101011011 !
b10001101011011 '
b100101011101000000 (
b10001101011011010111100100000 )
b100000 *
b1000110100 %
b11011101010001 #
b11011101010001 &
1"
#11380000
0"
#11390000
b10010000011001 !
b10010000011001 '
b1100110110101010000 (
b10010000011001101110100000110 )
b100000 *
b1000110101 %
b11101110110010 #
b11101110110010 &
1"
#11400000
0"
#11410000
b10010011010010 !
b10010011010010 '
b1000100100010110000 (
b10010011010010011011111111001 )
b100000 *
b1000110110 %
b100000110011110 #
b100000110011110 &
1"
#11420000
0"
#11430000
b10010110010000 !
b10010110010000 '
b1100101100101110000 (
b10010110010000110000110101100 )
b100000 *
b1000110111 %
b11011100110000 #
b11011100110000 &
1"
#11440000
0"
#11450000
b10011001001011 !
b10011001001011 '
b1101100010101000000 (
b10011001001011000000001001110 )
b100000 *
b1000111000 %
b100010000100110 #
b100010000100110 &
1"
#11460000
0"
#11470000
b10011100001011 !
b10011100001011 '
b1000001000100110000 (
b10011100001011010001111111100 )
b100000 *
b1000111001 %
b100101011011010 #
b100101011011010 &
1"
#11480000
0"
#11490000
b10011111010101 !
b10011111010101 '
b1011101011110000000 (
b10011111010101111101011100110 )
b100000 *
b1000111010 %
b11100101001111 #
b11100101001111 &
1"
#11500000
0"
#11510000
b10100010011110 !
b10100010011110 '
b10010011000110110000 (
b10100010011110110010100110100 )
b100000 *
b1000111011 %
b11110101101000 #
b11110101101000 &
1"
#11520000
0"
#11530000
b10100101101001 !
b10100101101001 '
b1011101101101110000 (
b10100101101001100010111101100 )
b100000 *
b1000111100 %
b11011011001110 #
b11011011001110 &
1"
#11540000
0"
#11550000
b10101000111101 !
b10101000111101 '
b1101011100110100000 (
b10101000111101111010100100101 )
b100000 *
b1000111101 %
b11000010001011 #
b11000010001011 &
1"
#11560000
0"
#11570000
b10101100010011 !
b10101100010011 '
b1101100010101110000 (
b10101100010011010100010010110 )
b100000 *
b1000111110 %
b100000000000110 #
b100000000000110 &
1"
#11580000
0"
#11590000
b10101111101111 !
b10101111101111 '
b1111101110111000000 (
b10101111101111101111111011111 )
b100000 *
b1000111111 %
b11101100110110 #
b11101100110110 &
1"
#11600000
0"
#11610000
b10110011001001 !
b10110011001001 '
b1111110010000100000 (
b10110011001001100011100110010 )
b100000 *
b1001000000 %
b11010000110101 #
b11010000110101 &
1"
#11620000
0"
#11630000
b10110110011111 !
b10110110011111 '
b1100010000111000000 (
b10110110011111100001110000100 )
b100000 *
b1001000001 %
b11011010010000 #
b11011010010000 &
1"
#11640000
0"
#11650000
b10111001110001 !
b10111001110001 '
b1101101000010000000 (
b10111001110001110000010111100 )
b100000 *
b1001000010 %
b11001111111000 #
b11001111111000 &
1"
#11660000
0"
#11670000
b10111100110110 !
b10111100110110 '
b1111100001011000000 (
b10111100110110111001111010100 )
b100000 *
b1001000011 %
b10110011010011 #
b10110011010011 &
1"
#11680000
0"
#11690000
b10111111101001 !
b10111111101001 '
b1111001001000000000 (
b10111111101001001110101100010 )
b100000 *
b1001000100 %
b10010010110111 #
b10010010110111 &
1"
#11700000
0"
#11710000
b11000010000101 !
b11000010000101 '
b10100100000100110000 (
b11000010000101011001110111011 )
b100000 *
b1001000101 %
b11001001100100 #
b11001001100100 &
1"
#11720000
0"
#11730000
b11000100000110 !
b11000100000110 '
b10000111000000110000 (
b11000100000110100000011001001 )
b100000 *
b1001000110 %
b10111101101101 #
b10111101101101 &
1"
#11740000
0"
#11750000
b11000101101010 !
b11000101101010 '
b10001010000111100000 (
b11000101101010000101011001000 )
b100000 *
b1001000111 %
b10111000000001 #
b10111000000001 &
1"
#11760000
0"
#11770000
b11000110101000 !
b11000110101000 '
b1111001101010100000 (
b11000110101000010100011110100 )
b100000 *
b1001001000 %
b10101111001010 #
b10101111001010 &
1"
#11780000
0"
#11790000
b11000111000000 !
b11000111000000 '
b1110101100100110000 (
b11000111000000100100110010011 )
b100000 *
b1001001001 %
b10010111111011 #
b10010111111011 &
1"
#11800000
0"
#11810000
b11000110101110 !
b11000110101110 '
b10011000111110100000 (
b11000110101110001111011110101 )
b100000 *
b1001001010 %
b10101111000110 #
b10101111000110 &
1"
#11820000
0"
#11830000
b11000101110000 !
b11000101110000 '
b10001100111000100000 (
b11000101110000011111111011001 )
b100000 *
b1001001011 %
b10111001101111 #
b10111001101111 &
1"
#11840000
0"
#11850000
b11000100001101 !
b11000100001101 '
b10011101000000100000 (
b11000100001101100110111100010 )
b100000 *
b1001001100 %
b10011101010110 #
b10011101010110 &
1"
#11860000
0"
#11870000
b11000010000010 !
b11000010000010 '
b10001001011001000000 (
b11000010000010101010101100110 )
b100000 *
b1001001101 %
b10111000111101 #
b10111000111101 &
1"
#11880000
0"
#11890000
b10111111011011 !
b10111111011011 '
b10100111000011010000 (
b10111111011011010000011010001 )
b100000 *
b1001001110 %
b10100110110011 #
b10100110110011 &
1"
#11900000
0"
#11910000
b10111100010101 !
b10111100010101 '
b10000000100100010000 (
b10111100010101001110100101101 )
b100000 *
b1001001111 %
b10100110111101 #
b10100110111101 &
1"
#11920000
0"
#11930000
b10111000111101 !
b10111000111101 '
b10110111100111000000 (
b10111000111101110100010111010 )
b100000 *
b1001010000 %
b10001000011011 #
b10001000011011 &
1"
#11940000
0"
#11950000
b10110101010000 !
b10110101010000 '
b10101111101011010000 (
b10110101010000010100001111110 )
b100000 *
b1001010001 %
b10010010101011 #
b10010010101011 &
1"
#11960000
0"
#11970000
b10110001011100 !
b10110001011100 '
b10100111011111110000 (
b10110001011100101011001001011 )
b100000 *
b1001010010 %
b10100111011000 #
b10100111011000 &
1"
#11980000
0"
#11990000
b10101101101000 !
b10101101101000 '
b10010111000101110000 (
b10101101101000111100111000111 )
b100000 *
b1001010011 %
b10001011011101 #
b10001011011101 &
1"
#12000000
0"
#12010000
b10101001111000 !
b10101001111000 '
b10100101111100110000 (
b10101001111000000111000110101 )
b100000 *
b1001010100 %
b10011011100101 #
b10011011100101 &
1"
#12020000
0"
#12030000
b10100110001110 !
b10100110001110 '
b10110011000101100000 (
b10100110001110101100110101111 )
b100000 *
b1001010101 %
b10111101011011 #
b10111101011011 &
1"
#12040000
0"
#12050000
b10100010110010 !
b10100010110010 '
b11000100110110100000 (
b10100010110010010101111000100 )
b100000 *
b1001010110 %
b10100001110111 #
b10100001110111 &
1"
#12060000
0"
#12070000
b10011111100000 !
b10011111100000 '
b10100101100100000000 (
b10011111100000011100001111010 )
b100000 *
b1001010111 %
b10100011011110 #
b10100011011110 &
1"
#12080000
0"
#12090000
b10011100100001 !
b10011100100001 '
b11001100011100100000 (
b10011100100001000011101110000 )
b100000 *
b1001011000 %
b10111011001101 #
b10111011001101 &
1"
#12100000
0"
#12110000
b10011001101111 !
b10011001101111 '
b11100000100011100000 (
b10011001101111011011000101101 )
b100000 *
b1001011001 %
b10011111001100 #
b10011111001100 &
1"
#12120000
0"
#12130000
b10010111001011 !
b10010111001011 '
b10101011111011010000 (
b10010111001011000101101011001 )
b100000 *
b1001011010 %
b10001011000110 #
b10001011000110 &
1"
#12140000
0"
#12150000
b10010100111011 !
b10010100111011 '
b10111000001110000000 (
b10010100111011010000011100111 )
b100000 *
b1001011011 %
b10100110101111 #
b10100110101111 &
1"
#12160000
0"
#12170000
b10010010111011 !
b10010010111011 '
b10100100011010100000 (
b10010010111011011011010000111 )
b100000 *
b1001011100 %
b1101000000101 #
b1101000000101 &
1"
#12180000
0"
#12190000
b10010001001000 !
b10010001001000 '
b10010001101000010000 (
b10010001001000010000101110110 )
b100000 *
b1001011101 %
b1101100001010 #
b1101100001010 &
1"
#12200000
0"
#12210000
b10001111100100 !
b10001111100100 '
b11000000000100100000 (
b10001111100100101101011111110 )
b100000 *
b1001011110 %
b10100010111110 #
b10100010111110 &
1"
#12220000
0"
#12230000
b10001110001011 !
b10001110001011 '
b10110001101000100000 (
b10001110001011101101001100100 )
b100000 *
b1001011111 %
b10000010011101 #
b10000010011101 &
1"
#12240000
0"
#12250000
b10001100111100 !
b10001100111100 '
b10011100100111110000 (
b10001100111100000000111000000 )
b100000 *
b1001100000 %
b1110111110100 #
b1110111110100 &
1"
#12260000
0"
#12270000
b10001011110100 !
b10001011110100 '
b10100011101100000000 (
b10001011110100010101101101000 )
b100000 *
b1001100001 %
b10000001100100 #
b10000001100100 &
1"
#12280000
0"
#12290000
b10001010110000 !
b10001010110000 '
b10011011111010000000 (
b10001010110000100100010011011 )
b100000 *
b1001100010 %
b1110010010011 #
b1110010010011 &
1"
#12300000
0"
#12310000
b10001001101101 !
b10001001101101 '
b10000110011110010000 (
b10001001101101011001010010000 )
b100000 *
b1001100011 %
b1110001001111 #
b1110001001111 &
1"
#12320000
0"
#12330000
b10001000101001 !
b10001000101001 '
b1101110001001010000 (
b10001000101001101000011111000 )
b100000 *
b1001100100 %
b1101110110100 #
b1101110110100 &
1"
#12340000
0"
#12350000
b10000111100010 !
b10000111100010 '
b10010111001011000000 (
b10000111100010100001011000110 )
b100000 *
b1001100101 %
b1101010111010 #
b1101010111010 &
1"
#12360000
0"
#12370000
b10000110001110 !
b10000110001110 '
b10001110010001110000 (
b10000110001110110000110110001 )
b100000 *
b1001100110 %
b1100010011100 #
b1100010011100 &
1"
#12380000
0"
#12390000
b10000100110000 !
b10000100110000 '
b10001010000000110000 (
b10000100110000011000001111010 )
b100000 *
b1001100111 %
b1110100000011 #
b1110100000011 &
1"
#12400000
0"
#12410000
b10000011000110 !
b10000011000110 '
b10000011010111100000 (
b10000011000110100100101010111 )
b100000 *
b1001101000 %
b1101001000001 #
b1101001000001 &
1"
#12420000
0"
#12430000
b10000001001110 !
b10000001001110 '
b1110001111100010000 (
b10000001001110010010110001010 )
b100000 *
b1001101001 %
b10010001110101 #
b10010001110101 &
1"
#12440000
0"
#12450000
b1111111001011 !
b1111111001011 '
b10000011010100100000 (
b1111111001011100011110110010 )
b100000 *
b1001101010 %
b1111000101001 #
b1111000101001 &
1"
#12460000
0"
#12470000
b1111100111000 !
b1111100111000 '
b10001011010011010000 (
b1111100111000011110110000111 )
b100000 *
b1001101011 %
b10001000010000 #
b10001000010000 &
1"
#12480000
0"
#12490000
b1111010011011 !
b1111010011011 '
b1110110000000100000 (
b1111010011011110100001000111 )
b100000 *
b1001101100 %
b1101111111111 #
b1101111111111 &
1"
#12500000
0"
#12510000
b1110111111000 !
b1110111111000 '
b10001010101101110000 (
b1110111111000101111101000010 )
b100000 *
b1001101101 %
b1110000101100 #
b1110000101100 &
1"
#12520000
0"
#12530000
b1110101010001 !
b1110101010001 '
b1111101000110010000 (
b1110101010001100000111110110 )
b100000 *
b1001101110 %
b10001011101001 #
b10001011101001 &
1"
#12540000
0"
#12550000
b1110010101111 !
b1110010101111 '
b1111101001101110000 (
b1110010101111110001100010110 )
b100000 *
b1001101111 %
b10001111011110 #
b10001111011110 &
1"
#12560000
0"
#12570000
b1110000010100 !
b1110000010100 '
b1100110010100010000 (
b1110000010100100101001111010 )
b100000 *
b1001110000 %
b1110001100101 #
b1110001100101 &
1"
#12580000
0"
#12590000
b1101110000100 !
b1101110000100 '
b1101110000000010000 (
b1101110000100111010011010110 )
b100000 *
b1001110001 %
b10010011000101 #
b10010011000101 &
1"
#12600000
0"
#12610000
b1101100000110 !
b1101100000110 '
b1111101100010000000 (
b1101100000110010110110111001 )
b100000 *
b1001110010 %
b1111001101100 #
b1111001101100 &
1"
#12620000
0"
#12630000
b1101010011000 !
b1101010011000 '
b1101000100101110000 (
b1101010011000000100010000001 )
b100000 *
b1001110011 %
b1110111000000 #
b1110111000000 &
1"
#12640000
0"
#12650000
b1101001000001 !
b1101001000001 '
b1110100101011110000 (
b1101001000001100101010100100 )
b100000 *
b1001110100 %
b10011011110111 #
b10011011110111 &
1"
#12660000
0"
#12670000
b1101000000011 !
b1101000000011 '
b10001110000100010000 (
b1101000000011001001110001001 )
b100000 *
b1001110101 %
b10001101111011 #
b10001101111011 &
1"
#12680000
0"
#12690000
b1100111011000 !
b1100111011000 '
b1111001011001010000 (
b1100111011000110011011110000 )
b100000 *
b1001110110 %
b10000000100101 #
b10000000100101 &
1"
#12700000
0"
#12710000
b1100111000110 !
b1100111000110 '
b1111010100110100000 (
b1100111000110000011010110001 )
b100000 *
b1001110111 %
b1110101110000 #
b1110101110000 &
1"
#12720000
0"
#12730000
b10001100011001110000 (
b1100111000110110101011001101 )
b100000 *
b1001111000 %
b1100010000000 #
b1100010000000 &
1"
#12740000
0"
#12750000
b1100111010101 !
b1100111010101 '
b1110111011001000000 (
b1100111010101111011000100001 )
b100000 *
b1001111001 %
b1101010001100 #
b1101010001100 &
1"
#12760000
0"
#12770000
b1100111110101 !
b1100111110101 '
b1101000010100100000 (
b1100111110101010001101011111 )
b100000 *
b1001111010 %
b10010001010111 #
b10010001010111 &
1"
#12780000
0"
#12790000
b1101000100001 !
b1101000100001 '
b1111101000011010000 (
b1101000100001010110011110000 )
b100000 *
b1001111011 %
b1000010001100 #
b1000010001100 &
1"
#12800000
0"
#12810000
b1101001001011 !
b1101001001011 '
b1001110000011110000 (
b1101001001011010100110000000 )
b100000 *
b1001111100 %
b1011110000011 #
b1011110000011 &
1"
#12820000
0"
#12830000
b1101001111011 !
b1101001111011 '
b1010001000111100000 (
b1101001111011111111000000101 )
b100000 *
b1001111101 %
b1100110101111 #
b1100110101111 &
1"
#12840000
0"
#12850000
b1101010101000 !
b1101010101000 '
b1111010001110100000 (
b1101010101000101010110011010 )
b100000 *
b1001111110 %
b1101101001010 #
b1101101001010 &
1"
#12860000
0"
#12870000
b1101011001001 !
b1101011001001 '
b1100001110101110000 (
b1101011001001110101010110101 )
b100000 *
b1001111111 %
b1000101000111 #
b1000101000111 &
1"
#12880000
0"
#12890000
b1101011011110 !
b1101011011110 '
b1011001110111000000 (
b1101011011110101000001011010 )
b100000 *
b1010000000 %
b1110011111111 #
b1110011111111 &
1"
#12900000
0"
#12910000
b1101011100110 !
b1101011100110 '
b1100001001011000000 (
b1101011100110110001011110100 )
b100000 *
b1010000001 %
b1110111100111 #
b1110111100111 &
1"
#12920000
0"
#12930000
b1101011011100 !
b1101011011100 '
b1010101101110010000 (
b1101011011100000100100010111 )
b100000 *
b1010000010 %
b1010100111011 #
b1010100111011 &
1"
#12940000
0"
#12950000
b1101010111100 !
b1101010111100 '
b1010100111011010000 (
b1101010111100011100000110000 )
b100000 *
b1010000011 %
b1100010011001 #
b1100010011001 &
1"
#12960000
0"
#12970000
b1101010001001 !
b1101010001001 '
b1010011000111000000 (
b1101010001001111010001111110 )
b100000 *
b1010000100 %
b1001110010111 #
b1001110010111 &
1"
#12980000
0"
#12990000
b1101001000011 !
b1101001000011 '
b1010000001011100000 (
b1101001000011010000110000100 )
b100000 *
b1010000101 %
b10000111111111 #
b10000111111111 &
1"
#13000000
0"
#13010000
b1100111101111 !
b1100111101111 '
b1001001110101000000 (
b1100111101111001010010101100 )
b100000 *
b1010000110 %
b1101101111001 #
b1101101111001 &
1"
#13020000
0"
#13030000
b1100110001011 !
b1100110001011 '
b1010111000010010000 (
b1100110001011110111111101001 )
b100000 *
b1010000111 %
b1100000101000 #
b1100000101000 &
1"
#13040000
0"
#13050000
b1100100011100 !
b1100100011100 '
b1001110110000110000 (
b1100100011100011101111011010 )
b100000 *
b1010001000 %
b1010010010101 #
b1010010010101 &
1"
#13060000
0"
#13070000
b1100010100111 !
b1100010100111 '
b1101101010111110000 (
b1100010100111011110001100101 )
b100000 *
b1010001001 %
b1100110110100 #
b1100110110100 &
1"
#13080000
0"
#13090000
b1100000101111 !
b1100000101111 '
b1011010011110110000 (
b1100000101111110001011000011 )
b100000 *
b1010001010 %
b10000110110010 #
b10000110110010 &
1"
#13100000
0"
#13110000
b1011110111111 !
b1011110111111 '
b1100110001100000000 (
b1011110111111000101110111100 )
b100000 *
b1010001011 %
b1011110110011 #
b1011110110011 &
1"
#13120000
0"
#13130000
b1011101010000 !
b1011101010000 '
b1010011111111010000 (
b1011101010000111110010000010 )
b100000 *
b1010001100 %
b1010101010001 #
b1010101010001 &
1"
#13140000
0"
#13150000
b1011011101110 !
b1011011101110 '
b1010100100001000000 (
b1011011101110100111110110111 )
b100000 *
b1010001101 %
b101010010100 #
b101010010100 &
1"
#13160000
0"
#13170000
b1011010010101 !
b1011010010101 '
b1101000101110110000 (
b1011010010101101101101001011 )
b100000 *
b1010001110 %
b111011001010 #
b111011001010 &
1"
#13180000
0"
#13190000
b1011001001000 !
b1011001001000 '
b1101011100110100000 (
b1011001001000111110100011010 )
b100000 *
b1010001111 %
b111100100001 #
b111100100001 &
1"
#13200000
0"
#13210000
b1011000001000 !
b1011000001000 '
b1010101001011110000 (
b1011000001000001101010100010 )
b100000 *
b1010010000 %
b101001101 #
b101001101 &
1"
#13220000
0"
#13230000
b1010111001111 !
b1010111001111 '
b1101110010011110000 (
b1010111001111110000111001110 )
b100000 *
b1010010001 %
b101101011101 #
b101101011101 &
1"
#13240000
0"
#13250000
b1010110011100 !
b1010110011100 '
b1011011010001000000 (
b1010110011100001101100000011 )
b100000 *
b1010010010 %
b111101101100 #
b111101101100 &
1"
#13260000
0"
#13270000
b1010101101011 !
b1010101101011 '
b1011001010000000000 (
b1010101101011100010101110001 )
b100000 *
b1010010011 %
b1111100000001011 #
b1111100000001011 &
1"
#13280000
0"
#13290000
b1010100101111 !
b1010100101111 '
b1110100111001010000 (
b1010100101111010111010001100 )
b100000 *
b1010010100 %
b1111001010101000 #
b1111001010101000 &
1"
#13300000
0"
#13310000
b1010011100010 !
b1010011100010 '
b1101010011100010000 (
b1010011100010100011111100110 )
b100000 *
b1010010101 %
b1111101000010100 #
b1111101000010100 &
1"
#13320000
0"
#13330000
b1010010000100 !
b1010010000100 '
b1100000011011110000 (
b1010010000100110011000001001 )
b100000 *
b1010010110 %
b1110000010 #
b1110000010 &
1"
#13340000
0"
#13350000
b1010000001110 !
b1010000001110 '
b1011000010100000000 (
b1010000001110100101101110010 )
b100000 *
b1010010111 %
b10001100001 #
b10001100001 &
1"
#13360000
0"
#13370000
b1001101111000 !
b1001101111000 '
b1001001100000000000 (
b1001101111000001101001010000 )
b100000 *
b1010011000 %
b100100101000 #
b100100101000 &
1"
#13380000
0"
#13390000
b1001010111111 !
b1001010111111 '
b1001111101001000000 (
b1001010111111110001110111000 )
b100000 *
b1010011001 %
b111100101101 #
b111100101101 &
1"
#13400000
0"
#13410000
b1000111100010 !
b1000111100010 '
b1101101000001010000 (
b1000111100010110000110110011 )
b100000 *
b1010011010 %
b111011011101 #
b111011011101 &
1"
#13420000
0"
#13430000
b1000011011111 !
b1000011011111 '
b110001101001000000 (
b1000011011111011001010001010 )
b100000 *
b1010011011 %
b1000100010010 #
b1000100010010 &
1"
#13440000
0"
#13450000
b111111000011 !
b111111000011 '
b1000110100010010000 (
b111111000011000111111110010 )
b100000 *
b1010011100 %
b10011011000001 #
b10011011000001 &
1"
#13460000
0"
#13470000
b111010010011 !
b111010010011 '
b1001101000011010000 (
b111010010011010000101101011 )
b100000 *
b1010011101 %
b10010101010100 #
b10010101010100 &
1"
#13480000
0"
#13490000
b110101010111 !
b110101010111 '
b1010001110111100000 (
b110101010111111011110000111 )
b100000 *
b1010011110 %
b10001011101101 #
b10001011101101 &
1"
#13500000
0"
#13510000
b110000100000 !
b110000100000 '
b110011110101010000 (
b110000100000001011001101010 )
b100000 *
b1010011111 %
b11001110101111 #
b11001110101111 &
1"
#13520000
0"
#13530000
b101100000100 !
b101100000100 '
b1010110111111010000 (
b101100000100010010000010111 )
b100000 *
b1010100000 %
b10110010110101 #
b10110010110101 &
1"
#13540000
0"
#13550000
b101000001001 !
b101000001001 '
b1011001101101010000 (
b101000001001010100111100011 )
b100000 *
b1010100001 %
b11011111100110 #
b11011111100110 &
1"
#13560000
0"
#13570000
b100101001010 !
b100101001010 '
b111111101100010000 (
b100101001010000111001110110 )
b100000 *
b1010100010 %
b100000101111101 #
b100000101111101 &
1"
#13580000
0"
#13590000
b100011011001 !
b100011011001 '
b1001001110010110000 (
b100011011001001100010011001 )
b100000 *
b1010100011 %
b11111010010001 #
b11111010010001 &
1"
#13600000
0"
#13610000
b100010111110 !
b100010111110 '
b111010110001010000 (
b100010111110110101010010010 )
b100000 *
b1010100100 %
b100011001000001 #
b100011001000001 &
1"
#13620000
0"
#13630000
b100100001110 !
b100100001110 '
b1100101111111010000 (
b100100001110100000001000000 )
b100000 *
b1010100101 %
b100110101011110 #
b100110101011110 &
1"
#13640000
0"
#13650000
b100111001100 !
b100111001100 '
b1010010011010110000 (
b100111001100000001101110000 )
b100000 *
b1010100110 %
b101110001100001 #
b101110001100001 &
1"
#13660000
0"
#13670000
b101100000100 !
b101100000100 '
b1001000011110000000 (
b101100000100110000100000010 )
b100000 *
b1010100111 %
b101100111101001 #
b101100111101001 &
1"
#13680000
0"
#13690000
b110010110011 !
b110010110011 '
b111101101111110000 (
b110010110011101101111110100 )
b100000 *
b1010101000 %
b101101010110000 #
b101101010110000 &
1"
#13700000
0"
#13710000
b111011010111 !
b111011010111 '
b1001101000111000000 (
b111011010111011001011011101 )
b100000 *
b1010101001 %
b110000011000000 #
b110000011000000 &
1"
#13720000
0"
#13730000
b1000101101000 !
b1000101101000 '
b1100101000101100000 (
b1000101101000011011101110010 )
b100000 *
b1010101010 %
b110010110100100 #
b110010110100100 &
1"
#13740000
0"
#13750000
b1010001011100 !
b1010001011100 '
b1000111000110010000 (
b1010001011100110101111110101 )
b100000 *
b1010101011 %
b111001011110000 #
b111001011110000 &
1"
#13760000
0"
#13770000
b1011110110000 !
b1011110110000 '
b111111111100110000 (
b1011110110000111001010101011 )
b100000 *
b1010101100 %
b110111111111000 #
b110111111111000 &
1"
#13780000
0"
#13790000
b1101101010001 !
b1101101010001 '
b11111101111000000 (
b1101101010001000000000100010 )
b100000 *
b1010101101 %
b111001010001011 #
b111001010001011 &
1"
#13800000
0"
#13810000
b1111100110010 !
b1111100110010 '
b101100010111100000 (
b1111100110010101101111110011 )
b100000 *
b1010101110 %
b111110100000000 #
b111110100000000 &
1"
#13820000
0"
#13830000
b10001101000111 !
b10001101000111 '
b101101011000110000 (
b10001101000111001001101001100 )
b100000 *
b1010101111 %
b111001110100111 #
b111001110100111 &
1"
#13840000
0"
#13850000
b10011101111110 !
b10011101111110 '
b11111001110000 (
b10011101111110110001010011110 )
b100000 *
b1010110000 %
b111000010010000 #
b111000010010000 &
1"
#13860000
0"
#13870000
b10101111010010 !
b10101111010010 '
b100010000101110000 (
b10101111010010011010110010010 )
b100000 *
b1010110001 %
b110100111001000 #
b110100111001000 &
1"
#13880000
0"
#13890000
b11000000101110 !
b11000000101110 '
b101110010001000000 (
b11000000101110101011111101011 )
b100000 *
b1010110010 %
b110001011001101 #
b110001011001101 &
1"
#13900000
0"
#13910000
b11010010001001 !
b11010010001001 '
b11111111111111101000001000010000 (
b11010010001001110010100111011 )
b100000 *
b1010110011 %
b101100011101010 #
b101100011101010 &
1"
#13920000
0"
#13930000
b11100011011101 !
b11100011011101 '
b11111111111111010111111110000000 (
b11100011011101111101101110100 )
b100000 *
b1010110100 %
b101000100110101 #
b101000100110101 &
1"
#13940000
0"
#13950000
b11110100011001 !
b11110100011001 '
b11111111111111101110001111000000 (
b11110100011001000000001011100 )
b100000 *
b1010110101 %
b101000000010100 #
b101000000010100 &
1"
#13960000
0"
#13970000
b100000100101011 !
b100000100101011 '
b1010100001100000 (
b100000100101011000100101101101 )
b100000 *
b1010110110 %
b11100011000100 #
b11100011000100 &
1"
#13980000
0"
#13990000
b100010011111110 !
b100010011111110 '
b1101001000110000 (
b100010011111110010110000110100 )
b100000 *
b1010110111 %
b11010101001010 #
b11010101001010 &
1"
#14000000
0"
#14010000
b100100010000111 !
b100100010000111 '
b11011011110000000 (
b100100010000111101011001010000 )
b100000 *
b1010111000 %
b10011011000010 #
b10011011000010 &
1"
#14020000
0"
#14030000
b100101110101111 !
b100101110101111 '
b101101100001110000 (
b100101110101111010001001100010 )
b100000 *
b1010111001 %
b10110010000010 #
b10110010000010 &
1"
#14040000
0"
#14050000
b100111001100101 !
b100111001100101 '
b101100100101110000 (
b100111001100101101000000011111 )
b100000 *
b1010111010 %
b10000001000111 #
b10000001000111 &
1"
#14060000
0"
#14070000
b101000010010011 !
b101000010010011 '
b110011001101100000 (
b101000010010011010101011000000 )
b100000 *
b1010111011 %
b1011100000001 #
b1011100000001 &
1"
#14080000
0"
#14090000
b101001000100100 !
b101001000100100 '
b1110100010000110000 (
b101001000100100111011110000011 )
b100000 *
b1010111100 %
b100000011000 #
b100000011000 &
1"
#14100000
0"
#14110000
b101001100000001 !
b101001100000001 '
b1101111111111000000 (
b101001100000001111011100101000 )
b100000 *
b1010111101 %
b101000110101 #
b101000110101 &
1"
#14120000
0"
#14130000
b101001100101000 !
b101001100101000 '
b1101000110001110000 (
b101001100101000001101001101001 )
b100000 *
b1010111110 %
b1001110 #
b1001110 &
1"
#14140000
0"
#14150000
b101001010001010 !
b101001010001010 '
b10011011000011010000 (
b101001010001010101100100011101 )
b100000 *
b1010111111 %
b1111001100010001 #
b1111001100010001 &
1"
#14160000
0"
#14170000
b101000100011110 !
b101000100011110 '
b10000110000111110000 (
b101000100011110001010001111010 )
b100000 *
b1011000000 %
b1110110001110010 #
b1110110001110010 &
1"
#14180000
0"
#14190000
b100111011101100 !
b100111011101100 '
b10100111101100100000 (
b100111011101100101010000100111 )
b100000 *
b1011000001 %
b1110011011010110 #
b1110011011010110 &
1"
#14200000
0"
#14210000
b100101111110111 !
b100101111110111 '
b11000100011101110000 (
b100101111110111000101101000100 )
b100000 *
b1011000010 %
b1110000111010010 #
b1110000111010010 &
1"
#14220000
0"
#14230000
b100100001001001 !
b100100001001001 '
b10111011101100110000 (
b100100001001001111001011000010 )
b100000 *
b1011000011 %
b1101001100000111 #
b1101001100000111 &
1"
#14240000
0"
#14250000
b100001111110101 !
b100001111110101 '
b11010010110000110000 (
b100001111110101101100100101110 )
b100000 *
b1011000100 %
b1101001011100111 #
b1101001011100111 &
1"
#14260000
0"
#14270000
b11111100001101 !
b11111100001101 '
b11101000000110100000 (
b11111100001101101000011011001 )
b100000 *
b1011000101 %
b1100111101011011 #
b1100111101011011 &
1"
#14280000
0"
#14290000
b11100110100110 !
b11100110100110 '
b100010101001000110000 (
b11100110100110011000010001111 )
b100000 *
b1011000110 %
b1100001010100100 #
b1100001010100100 &
1"
#14300000
0"
#14310000
b11001111010001 !
b11001111010001 '
b100001101101110110000 (
b11001111010001010011010111011 )
b100000 *
b1011000111 %
b1011100101011101 #
b1011100101011101 &
1"
#14320000
0"
#14330000
b10110110101011 !
b10110110101011 '
b100010000000100000000 (
b10110110101011010101000101101 )
b100000 *
b1011001000 %
b1100010110001100 #
b1100010110001100 &
1"
#14340000
0"
#14350000
b10011101001101 !
b10011101001101 '
b100100010010000000000 (
b10011101001101100111111101000 )
b100000 *
b1011001001 %
b1101000010101111 #
b1101000010101111 &
1"
#14360000
0"
#14370000
b10000011001011 !
b10000011001011 '
b100110000111011000000 (
b10000011001011011100110100111 )
b100000 *
b1011001010 %
b1100111111010001 #
b1100111111010001 &
1"
#14380000
0"
#14390000
b1101000110101 !
b1101000110101 '
b101011000110100000000 (
b1101000110101011011011001110 )
b100000 *
b1011001011 %
b1101011011000101 #
b1101011011000101 &
1"
#14400000
0"
#14410000
b1001110011110 !
b1001110011110 '
b101001111111010000000 (
b1001110011110100101101001110 )
b100000 *
b1011001100 %
b1101100011011101 #
b1101100011011101 &
1"
#14420000
0"
#14430000
b110100011101 !
b110100011101 '
b101010111101000010000 (
b110100011101000000100011111 )
b100000 *
b1011001101 %
b1110001001000011 #
b1110001001000011 &
1"
#14440000
0"
#14450000
b11011000011 !
b11011000011 '
b101110111000000000000 (
b11011000011011001001010001 )
b100000 *
b1011001110 %
b1111000101101101 #
b1111000101101101 &
1"
#14460000
0"
#14470000
b10100011 !
b10100011 '
b101011010111101010000 (
b10100011011010100111001 )
b100000 *
b1011001111 %
b1111010011001100 #
b1111010011001100 &
1"
#14480000
0"
#14490000
b1111101011010011 !
b1111101011010011 '
b101010001101100000000 (
b11111101011010011100111100000001 )
b100000 *
b1011010000 %
b1011001 #
b1011001 &
1"
#14500000
0"
#14510000
b1111010101101000 !
b1111010101101000 '
b100111101010110000000 (
b11111010101101000101100110110010 )
b100000 *
b1011010001 %
b11011101011 #
b11011101011 &
1"
#14520000
0"
#14530000
b1111000001111000 !
b1111000001111000 '
b100101000011001110000 (
b11111000001111000001111011010110 )
b100000 *
b1011010010 %
b110001111000 #
b110001111000 &
1"
#14540000
0"
#14550000
b1110110000010111 !
b1110110000010111 '
b100001010101111100000 (
b11110110000010111101111001010111 )
b100000 *
b1011010011 %
b1010110000111 #
b1010110000111 &
1"
#14560000
0"
#14570000
b1110100001011110 !
b1110100001011110 '
b11110011100111110000 (
b11110100001011110001101111011001 )
b100000 *
b1011010100 %
b1100101010001 #
b1100101010001 &
1"
#14580000
0"
#14590000
b1110010101011101 !
b1110010101011101 '
b11110000001111000000 (
b11110010101011101100101010111111 )
b100000 *
b1011010101 %
b1010001100011 #
b1010001100011 &
1"
#14600000
0"
#14610000
b1110001100100001 !
b1110001100100001 '
b10101010010011000000 (
b11110001100100001111111000001001 )
b100000 *
b1011010110 %
b1001110001000 #
b1001110001000 &
1"
#14620000
0"
#14630000
b1110000110111110 !
b1110000110111110 '
b10011111110111100000 (
b11110000110111110100001010001000 )
b100000 *
b1011010111 %
b1000100001100 #
b1000100001100 &
1"
#14640000
0"
#14650000
b1110000100110010 !
b1110000100110010 '
b1110100010001100000 (
b11110000100110010110101010100001 )
b100000 *
b1011011000 %
b101011010011 #
b101011010011 &
1"
#14660000
0"
#14670000
b1110000110000000 !
b1110000110000000 '
b10000101100001100000 (
b11110000110000000010010100111010 )
b100000 *
b1011011001 %
b111010000100 #
b111010000100 &
1"
#14680000
0"
#14690000
b1110001010011001 !
b1110001010011001 '
b1100000110101010000 (
b11110001010011001010110111010100 )
b100000 *
b1011011010 %
b1001010110000 #
b1001010110000 &
1"
#14700000
0"
#14710000
b1110010001110001 !
b1110010001110001 '
b1000101000000110000 (
b11110010001110001111111101011010 )
b100000 *
b1011011011 %
b101100111111 #
b101100111111 &
1"
#14720000
0"
#14730000
b1110011011101101 !
b1110011011101101 '
b11000010010000000 (
b11110011011101101110110110001110 )
b100000 *
b1011011100 %
b1001101000000 #
b1001101000000 &
1"
#14740000
0"
#14750000
b1110100111110100 !
b1110100111110100 '
b11110100111110000 (
b11110100111110100011001000001000 )
b100000 *
b1011011101 %
b1001001101011 #
b1001001101011 &
1"
#14760000
0"
#14770000
b1110110101011100 !
b1110110101011100 '
b111010100000 (
b11110110101011100100101100001011 )
b100000 *
b1011011110 %
b1000100110010 #
b1000100110010 &
1"
#14780000
0"
#14790000
b1111000100000101 !
b1111000100000101 '
b11111111111111011001001100110000 (
b11111000100000101111110011000011 )
b100000 *
b1011011111 %
b1001000100101 #
b1001000100101 &
1"
#14800000
0"
#14810000
b1111010011001100 !
b1111010011001100 '
b11111111111111000101010101100000 (
b11111010011001100111000111100001 )
b100000 *
b1011100000 %
b1000010100100 #
b1000010100100 &
1"
#14820000
0"
#14830000
b1111100010001100 !
b1111100010001100 '
b11111111111110110100100000100000 (
b11111100010001100010000100100100 )
b100000 *
b1011100001 %
b1000001010010 #
b1000001010010 &
1"
#14840000
0"
#14850000
b1111110000100101 !
b1111110000100101 '
b11111111111110100101011101100000 (
b11111110000100101010010011101110 )
b100000 *
b1011100010 %
b1000001001111 #
b1000001001111 &
1"
#14860000
0"
#14870000
b1111111101111110 !
b1111111101111110 '
b11111111111101111001000101010000 (
b11111111101111110011100110111111 )
b100000 *
b1011100011 %
b1010100000111 #
b1010100000111 &
1"
#14880000
0"
#14890000
b1010001000 !
b1010001000 '
b11111111111101111000101101010000 (
b1010001000001100001000000 )
b100000 *
b1011100100 %
b111110111001 #
b111110111001 &
1"
#14900000
0"
#14910000
b10100101110 !
b10100101110 '
b11111111111101101110000100010000 (
b10100101110101100110011001 )
b100000 *
b1011100101 %
b1010010101 #
b1010010101 &
1"
#14920000
0"
#14930000
b11101101011 !
b11101101011 '
b11111111111101000111111011000000 (
b11101101011001110001110000 )
b100000 *
b1011100110 %
b110110001000 #
b110110001000 &
1"
#14940000
0"
#14950000
b100101000110 !
b100101000110 '
b11111111111100101100000101110000 (
b100101000110101001111000111 )
b100000 *
b1011100111 %
b1000011110000 #
b1000011110000 &
1"
#14960000
0"
#14970000
b101011000010 !
b101011000010 '
b11111111111101010000101001000000 (
b101011000010111101011011011 )
b100000 *
b1011101000 %
b1010011000100 #
b1010011000100 &
1"
#14980000
0"
#14990000
b101111100011 !
b101111100011 '
b11111111111101110010000011010000 (
b101111100011110100011001011 )
b100000 *
b1011101001 %
b1011011010110 #
b1011011010110 &
1"
#15000000
0"
#15010000
b110010110110 !
b110010110110 '
b11111111111101101111011100110000 (
b110010110110000001100101001 )
b100000 *
b1011101010 %
b101011011110 #
b101011011110 &
1"
#15020000
0"
#15030000
b110101000110 !
b110101000110 '
b11111111111110000100010011110000 (
b110101000110010110001000001 )
b100000 *
b1011101011 %
b1001101111111 #
b1001101111111 &
1"
#15040000
0"
#15050000
b110110100100 !
b110110100100 '
b11111111111110001010100101110000 (
b110110100100100001010000100 )
b100000 *
b1011101100 %
b1000010111101 #
b1000010111101 &
1"
#15060000
0"
#15070000
b110111011100 !
b110111011100 '
b11111111111110100110110010010000 (
b110111011100001111011001000 )
b100000 *
b1011101101 %
b111001011110 #
b111001011110 &
1"
#15080000
0"
#15090000
b110111110110 !
b110111110110 '
b11111111111111010100010001110000 (
b110111110110011001100010110 )
b100000 *
b1011101110 %
b111101111011 #
b111101111011 &
1"
#15100000
0"
#15110000
b110111111100 !
b110111111100 '
b11111111111111011110011001000000 (
b110111111100000011000011011 )
b100000 *
b1011101111 %
b111100100000 #
b111100100000 &
1"
#15120000
0"
#15130000
b110111110111 !
b110111110111 '
b1000010110000 (
b110111110111110011101100100 )
b100000 *
b1011110000 %
b111111100111 #
b111111100111 &
1"
#15140000
0"
#15150000
b110111101100 !
b110111101100 '
b10100110000010000 (
b110111101100110000000011100 )
b100000 *
b1011110001 %
b1000001010001 #
b1000001010001 &
1"
#15160000
0"
#15170000
b110111011111 !
b110111011111 '
b100101011010000000 (
b110111011111111101010001001 )
b100000 *
b1011110010 %
b101110010101 #
b101110010101 &
1"
#15180000
0"
#15190000
b110111010010 !
b110111010010 '
b1000000100101010000 (
b110111010010001010111101101 )
b100000 *
b1011110011 %
b100110010110 #
b100110010110 &
1"
#15200000
0"
#15210000
b110111000011 !
b110111000011 '
b1001011111100110000 (
b110111000011100101100000010 )
b100000 *
b1011110100 %
b1001111001100 #
b1001111001100 &
1"
#15220000
0"
#15230000
b110110111000 !
b110110111000 '
b111101001010010000 (
b110110111000011001111100110 )
b100000 *
b1011110101 %
b110110100101 #
b110110100101 &
1"
#15240000
0"
#15250000
b110110101110 !
b110110101110 '
b111010100110000000 (
b110110101110010111001011111 )
b100000 *
b1011110110 %
b1010111101101 #
b1010111101101 &
1"
#15260000
0"
#15270000
b110110100111 !
b110110100111 '
b110011001001000000 (
b110110100111110111110010111 )
b100000 *
b1011110111 %
b100111011111 #
b100111011111 &
1"
#15280000
0"
#15290000
b110110011111 !
b110110011111 '
b100000011110010000 (
b110110011111000110100011111 )
b100000 *
b1011111000 %
b101101111010 #
b101101111010 &
1"
#15300000
0"
#15310000
b110110010111 !
b110110010111 '
b101011100011000000 (
b110110010111101110101101110 )
b100000 *
b1011111001 %
b1010110110110 #
b1010110110110 &
1"
#15320000
0"
#15330000
b110110010000 !
b110110010000 '
b111000000100000000 (
b110110010000011110101111111 )
b100000 *
b1011111010 %
b1010110001111 #
b1010110001111 &
1"
#15340000
0"
#15350000
b110110000110 !
b110110000110 '
b100001101111010000 (
b110110000110110101101001001 )
b100000 *
b1011111011 %
b100100000000 #
b100100000000 &
1"
#15360000
0"
#15370000
b110101111011 !
b110101111011 '
b111001110000000000 (
b110101111011100010011110110 )
b100000 *
b1011111100 %
b111100111110 #
b111100111110 &
1"
#15380000
0"
#15390000
b110101101110 !
b110101101110 '
b110111010000010000 (
b110101101110011011111110010 )
b100000 *
b1011111101 %
b1010011111000 #
b1010011111000 &
1"
#15400000
0"
#15410000
b110101100010 !
b110101100010 '
b110011100101100000 (
b110101100010101001001010001 )
b100000 *
b1011111110 %
b1010011010111 #
b1010011010111 &
1"
#15420000
0"
#15430000
b110101010111 !
b110101010111 '
b110110011011110000 (
b110101010111011001011010111 )
b100000 *
b1011111111 %
b11101011100 #
b11101011100 &
1"
#15440000
0"
#15450000
b110101001001 !
b110101001001 '
b110001111011000000 (
b110101001001001101111000101 )
b100000 *
b1100000000 %
b1011000100011 #
b1011000100011 &
1"
#15460000
0"
#15470000
b110101000000 !
b110101000000 '
b110000111101100000 (
b110101000000111110110111101 )
b100000 *
b1100000001 %
b1000100101000 #
b1000100101000 &
1"
#15480000
0"
#15490000
b110100111010 !
b110100111010 '
b110000111011010000 (
b110100111010001011011110100 )
b100000 *
b1100000010 %
b111011011001 #
b111011011001 &
1"
#15500000
0"
#15510000
b110100110110 !
b110100110110 '
b111111000101010000 (
b110100110110100001101001101 )
b100000 *
b1100000011 %
b110001110011 #
b110001110011 &
1"
#15520000
0"
#15530000
b110100110101 !
b110100110101 '
b101111001010110000 (
b110100110101010111111111000 )
b100000 *
b1100000100 %
b100010010011 #
b100010010011 &
1"
#15540000
0"
#15550000
b110100111001 !
b110100111001 '
b111101111110000 (
b110100111001011010011001111 )
b100000 *
b1100000101 %
b110111101100 #
b110111101100 &
1"
#15560000
0"
#15570000
b110101000101 !
b110101000101 '
b101000100110000000 (
b110101000101110110100011111 )
b100000 *
b1100000110 %
b110000001010 #
b110000001010 &
1"
#15580000
0"
#15590000
b110101010001 !
b110101010001 '
b110010110100000000 (
b110101010001001011111001011 )
b100000 *
b1100000111 %
b1100100011000 #
b1100100011000 &
1"
#15600000
0"
#15610000
b110101100000 !
b110101100000 '
b111110010011000000 (
b110101100000010101001001110 )
b100000 *
b1100001000 %
b111000101001 #
b111000101001 &
1"
#15620000
0"
#15630000
b110101101100 !
b110101101100 '
b1000100100000100000 (
b110101101100001100101100111 )
b100000 *
b1100001001 %
b110000110111 #
b110000110111 &
1"
#15640000
0"
#15650000
b110101110101 !
b110101110101 '
b100000100110100000 (
b110101110101101100001011001 )
b100000 *
b1100001010 %
b110011110011 #
b110011110011 &
1"
#15660000
0"
#15670000
b110101111111 !
b110101111111 '
b111010011111010000 (
b110101111111000010001101111 )
b100000 *
b1100001011 %
b100111001101 #
b100111001101 &
1"
#15680000
0"
#15690000
b110010001101110000 (
b110101111111100000111000100 )
b100000 *
b1100001100 %
b1011101110101 #
b1011101110101 &
1"
#15700000
0"
#15710000
b101011000110100000 (
b110101111111001000111010000 )
b100000 *
b1100001101 %
b1000000001000 #
b1000000001000 &
1"
#15720000
0"
#15730000
b110101110111 !
b110101110111 '
b101110011100010000 (
b110101110111101010001110101 )
b100000 *
b1100001110 %
b110100010010 #
b110100010010 &
1"
#15740000
0"
#15750000
b110101101001 !
b110101101001 '
b101101011000000000 (
b110101101001010110111110110 )
b100000 *
b1100001111 %
b1001001011010 #
b1001001011010 &
1"
#15760000
0"
#15770000
b110101010111 !
b110101010111 '
b101111101101010000 (
b110101010111110011000011010 )
b100000 *
b1100010000 %
b110001011010 #
b110001011010 &
1"
#15780000
0"
#15790000
b110101000001 !
b110101000001 '
b110000111100110000 (
b110101000001110101000010111 )
b100000 *
b1100010001 %
b101111110000 #
b101111110000 &
1"
#15800000
0"
#15810000
b110100101001 !
b110100101001 '
b100010101111110000 (
b110100101001100100101011111 )
b100000 *
b1100010010 %
b100110000001 #
b100110000001 &
1"
#15820000
0"
#15830000
b110100010001 !
b110100010001 '
b11100110000100000 (
b110100010001100011110010110 )
b100000 *
b1100010011 %
b100100011110 #
b100100011110 &
1"
#15840000
0"
#15850000
b110011111010 !
b110011111010 '
b111011011001000000 (
b110011111010100010010011010 )
b100000 *
b1100010100 %
b1010001100110 #
b1010001100110 &
1"
#15860000
0"
#15870000
b110011100101 !
b110011100101 '
b101000111011110000 (
b110011100101001011110101110 )
b100000 *
b1100010101 %
b1000000001001 #
b1000000001001 &
1"
#15880000
0"
#15890000
b110011010011 !
b110011010011 '
b1000001110001110000 (
b110011010011001000000011100 )
b100000 *
b1100010110 %
b110001110111 #
b110001110111 &
1"
#15900000
0"
#15910000
b110011000000 !
b110011000000 '
b11101100111010000 (
b110011000000000010101110110 )
b100000 *
b1100010111 %
b1010010101001 #
b1010010101001 &
1"
#15920000
0"
#15930000
b110010110100 !
b110010110100 '
b100010011011100000 (
b110010110100110101010001111 )
b100000 *
b1100011000 %
b101111111001 #
b101111111001 &
1"
#15940000
0"
#15950000
b110010100111 !
b110010100111 '
b1000001001000100000 (
b110010100111111010000010001 )
b100000 *
b1100011001 %
b110101000001 #
b110101000001 &
1"
#15960000
0"
#15970000
b110010011010 !
b110010011010 '
b1000000101011010000 (
b110010011010000001110100011 )
b100000 *
b1100011010 %
b10001101011 #
b10001101011 &
1"
#15980000
0"
#15990000
b110010001011 !
b110010001011 '
b11011000000000000 (
b110010001011011010110101111 )
b100000 *
b1100011011 %
b111000001001 #
b111000001001 &
1"
#16000000
0"
#16010000
b110010000010 !
b110010000010 '
b101101101110100000 (
b110010000010111101100110000 )
b100000 *
b1100011100 %
b10000011100 #
b10000011100 &
1"
#16020000
0"
#16030000
b110001110100 !
b110001110100 '
b111110111010000000 (
b110001110100111101101001011 )
b100000 *
b1100011101 %
b11001100001 #
b11001100001 &
1"
#16040000
0"
#16050000
b110001100011 !
b110001100011 '
b111110100001010000 (
b110001100011010100111011101 )
b100000 *
b1100011110 %
b1000000110110 #
b1000000110110 &
1"
#16060000
0"
#16070000
b110001010000 !
b110001010000 '
b10110000101000000 (
b110001010000110010111001001 )
b100000 *
b1100011111 %
b110100010001 #
b110100010001 &
1"
#16080000
0"
#16090000
b110000111100 !
b110000111100 '
b1000010011010010000 (
b110000111100111001010001010 )
b100000 *
b1100100000 %
b11010111001 #
b11010111001 &
1"
#16100000
0"
#16110000
b110000011101 !
b110000011101 '
b110011011110000000 (
b110000011101100100011001001 )
b100000 *
b1100100001 %
b100100010001 #
b100100010001 &
1"
#16120000
0"
#16130000
b101111111011 !
b101111111011 '
b101100100010110000 (
b101111111011001011011011100 )
b100000 *
b1100100010 %
b110001010101 #
b110001010101 &
1"
#16140000
0"
#16150000
b101111010100 !
b101111010100 '
b100101010110010000 (
b101111010100011010101010110 )
b100000 *
b1100100011 %
b110000010000 #
b110000010000 &
1"
#16160000
0"
#16170000
b101110101000 !
b101110101000 '
b11001101110010000 (
b101110101000110000100010011 )
b100000 *
b1100100100 %
b1000011000 #
b1000011000 &
1"
#16180000
0"
#16190000
b101101110110 !
b101101110110 '
b101001110001000000 (
b101101110110010010111100111 )
b100000 *
b1100100101 %
b10010011001 #
b10010011001 &
1"
#16200000
0"
#16210000
b101100111101 !
b101100111101 '
b100100000111100000 (
b101100111101010011000010100 )
b100000 *
b1100100110 %
b110011100 #
b110011100 &
1"
#16220000
0"
#16230000
b101011111110 !
b101011111110 '
b1001011010010000000 (
b101011111110111101000100101 )
b100000 *
b1100100111 %
b101000111011 #
b101000111011 &
1"
#16240000
0"
#16250000
b101010111010 !
b101010111010 '
b101010011110110000 (
b101010111010010001100111011 )
b100000 *
b1100101000 %
b110110110 #
b110110110 &
1"
#16260000
0"
#16270000
b101001110001 !
b101001110001 '
b100100101001010000 (
b101001110001100010001111110 )
b100000 *
b1100101001 %
b111000001000 #
b111000001000 &
1"
#16280000
0"
#16290000
b101000100111 !
b101000100111 '
b100110110110010000 (
b101000100111110001001100010 )
b100000 *
b1100101010 %
b10100110101 #
b10100110101 &
1"
#16300000
0"
#16310000
b100111010111 !
b100111010111 '
b11101011001110000 (
b100111010111101000100101100 )
b100000 *
b1100101011 %
b10010011011 #
b10010011011 &
1"
#16320000
0"
#16330000
b100110000101 !
b100110000101 '
b1000110010111110000 (
b100110000101111010111100101 )
b100000 *
b1100101100 %
b1001101011010 #
b1001101011010 &
1"
#16340000
0"
#16350000
b100100110010 !
b100100110010 '
b110000000110000000 (
b100100110010011001101101010 )
b100000 *
b1100101101 %
b1010100101100 #
b1010100101100 &
1"
#16360000
0"
#16370000
b100011100010 !
b100011100010 '
b100111001101100000 (
b100011100010100000011111111 )
b100000 *
b1100101110 %
b10111010100 #
b10111010100 &
1"
#16380000
0"
#16390000
b100010010001 !
b100010010001 '
b110111000011100000 (
b100010010001110011101011100 )
b100000 *
b1100101111 %
b101000110000 #
b101000110000 &
1"
#16400000
0"
#16410000
b100001000100 !
b100001000100 '
b100101000011100000 (
b100001000100110010000010011 )
b100000 *
b1100110000 %
b1010011001000 #
b1010011001000 &
1"
#16420000
0"
#16430000
b100000000011 !
b100000000011 '
b100011110100000000 (
b100000000011000010110111000 )
b100000 *
b1100110001 %
b100001010010 #
b100001010010 &
1"
#16440000
0"
#16450000
b11111001000 !
b11111001000 '
b11100100000110000 (
b11111001000001100000100100 )
b100000 *
b1100110010 %
b1010000111100 #
b1010000111100 &
1"
#16460000
0"
#16470000
b11110011101 !
b11110011101 '
b11011010110100000 (
b11110011101100111001000000 )
b100000 *
b1100110011 %
b111111111111 #
b111111111111 &
1"
#16480000
0"
#16490000
b11110000000 !
b11110000000 '
b111101001100100000 (
b11110000000111101110110001 )
b100000 *
b1100110100 %
b110001110000 #
b110001110000 &
1"
#16500000
0"
#16510000
b11101110001 !
b11101110001 '
b110000000110110000 (
b11101110001011001100110011 )
b100000 *
b1100110101 %
b101010110100 #
b101010110100 &
1"
#16520000
0"
#16530000
b11101110110 !
b11101110110 '
b100101011001010000 (
b11101110110000101101010111 )
b100000 *
b1100110110 %
b1010110001000 #
b1010110001000 &
1"
#16540000
0"
#16550000
b11110010001 !
b11110010001 '
b111101111110110000 (
b11110010001101110010111011 )
b100000 *
b1100110111 %
b1000011011100 #
b1000011011100 &
1"
#16560000
0"
#16570000
b11110111101 !
b11110111101 '
b100011111010110000 (
b11110111101000000010000100 )
b100000 *
b1100111000 %
b101001010110 #
b101001010110 &
1"
#16580000
0"
#16590000
b11111111011 !
b11111111011 '
b100111110000110000 (
b11111111011000101011010111 )
b100000 *
b1100111001 %
b111111110001 #
b111111110001 &
1"
#16600000
0"
#16610000
b100001001010 !
b100001001010 '
b1101010000010000 (
b100001001010010000101100000 )
b100000 *
b1100111010 %
b100111001011 #
b100111001011 &
1"
#16620000
0"
#16630000
b100010100111 !
b100010100111 '
b101010000110110000 (
b100010100111001101111100100 )
b100000 *
b1100111011 %
b111101101000 #
b111101101000 &
1"
#16640000
0"
#16650000
b100100001100 !
b100100001100 '
b1100010101000000 (
b100100001100111001110111101 )
b100000 *
b1100111100 %
b1011011010111 #
b1011011010111 &
1"
#16660000
0"
#16670000
b100101111110 !
b100101111110 '
b10011001000110000 (
b100101111110000101000100010 )
b100000 *
b1100111101 %
b1001000010011 #
b1001000010011 &
1"
#16680000
0"
#16690000
b100111101111 !
b100111101111 '
b110000101000100000 (
b100111101111001011001101100 )
b100000 *
b1100111110 %
b101111010010 #
b101111010010 &
1"
#16700000
0"
#16710000
b101001011010 !
b101001011010 '
b100111001100110000 (
b101001011010010100001010110 )
b100000 *
b1100111111 %
b1000111011000 #
b1000111011000 &
1"
#16720000
0"
#16730000
b101011000100 !
b101011000100 '
b10100001010110000 (
b101011000100001010101000100 )
b100000 *
b1101000000 %
b110011011001 #
b110011011001 &
1"
#16740000
0"
#16750000
b101100100111 !
b101100100111 '
b11011001100110000 (
b101100100111010100111111111 )
b100000 *
b1101000001 %
b1101100011101 #
b1101100011101 &
1"
#16760000
0"
#16770000
b101110000011 !
b101110000011 '
b100100111111110000 (
b101110000011110101001011011 )
b100000 *
b1101000010 %
b11111110011 #
b11111110011 &
1"
#16780000
0"
#16790000
b101111010000 !
b101111010000 '
b100100001100000000 (
b101111010000101111010111100 )
b100000 *
b1101000011 %
b111000011100 #
b111000011100 &
1"
#16800000
0"
#16810000
b110000010100 !
b110000010100 '
b110010010000000 (
b110000010100110110100011111 )
b100000 *
b1101000100 %
b1010111001010 #
b1010111001010 &
1"
#16820000
0"
#16830000
b110001010011 !
b110001010011 '
b1101110010110000 (
b110001010011110100011010011 )
b100000 *
b1101000101 %
b110111111111 #
b110111111111 &
1"
#16840000
0"
#16850000
b110010000111 !
b110010000111 '
b100110101000000 (
b110010000111011110000110100 )
b100000 *
b1101000110 %
b1001010100101 #
b1001010100101 &
1"
#16860000
0"
#16870000
b110010110110 !
b110010110110 '
b11110101100010000 (
b110010110110100011000010011 )
b100000 *
b1101000111 %
b1011001000010 #
b1011001000010 &
1"
#16880000
0"
#16890000
b110011011110 !
b110011011110 '
b101001000100000 (
b110011011110100111111011010 )
b100000 *
b1101001000 %
b1100110110100 #
b1100110110100 &
1"
#16900000
0"
#16910000
b110100000110 !
b110100000110 '
b101010000110000000 (
b110100000110111100100111011 )
b100000 *
b1101001001 %
b111011100000 #
b111011100000 &
1"
#16920000
0"
#16930000
b110100101000 !
b110100101000 '
b1111100111110000 (
b110100101000000001100010000 )
b100000 *
b1101001010 %
b1001100011011 #
b1001100011011 &
1"
#16940000
0"
#16950000
b110101001101 !
b110101001101 '
b1101110100010000 (
b110101001101010110100000110 )
b100000 *
b1101001011 %
b1000111101010 #
b1000111101010 &
1"
#16960000
0"
#16970000
b110101110011 !
b110101110011 '
b111010000011100000 (
b110101110011111111101010100 )
b100000 *
b1101001100 %
b1010000011010 #
b1010000011010 &
1"
#16980000
0"
#16990000
b110110011001 !
b110110011001 '
b111111100001000000 (
b110110011001010010110100001 )
b100000 *
b1101001101 %
b1011011101111 #
b1011011101111 &
1"
#17000000
0"
#17010000
b110111000001 !
b110111000001 '
b10001011111000000 (
b110111000001100110111110010 )
b100000 *
b1101001110 %
b1001000111011 #
b1001000111011 &
1"
#17020000
0"
#17030000
b110111101111 !
b110111101111 '
b11110100100000000 (
b110111101111110100111101001 )
b100000 *
b1101001111 %
b1100111011001 #
b1100111011001 &
1"
#17040000
0"
#17050000
b111000100001 !
b111000100001 '
b111110010110000000 (
b111000100001101100110011010 )
b100000 *
b1101010000 %
b1100001001011 #
b1100001001011 &
1"
#17060000
0"
#17070000
b111001010011 !
b111001010011 '
b11000111101100000 (
b111001010011110011001101100 )
b100000 *
b1101010001 %
b1010000001100 #
b1010000001100 &
1"
#17080000
0"
#17090000
b111010001100 !
b111010001100 '
b111100101101000000 (
b111010001100011101111001010 )
b100000 *
b1101010010 %
b1100000111011 #
b1100000111011 &
1"
#17100000
0"
#17110000
b111011000101 !
b111011000101 '
b101111111111010000 (
b111011000101101101001100011 )
b100000 *
b1101010011 %
b1101101001100 #
b1101101001100 &
1"
#17120000
0"
#17130000
b111100000101 !
b111100000101 '
b100101010100000000 (
b111100000101011101100110000 )
b100000 *
b1101010100 %
b1101011001000 #
b1101011001000 &
1"
#17140000
0"
#17150000
b111101001010 !
b111101001010 '
b100000000111000000 (
b111101001010000011101010100 )
b100000 *
b1101010101 %
b1100010001111 #
b1100010001111 &
1"
#17160000
0"
#17170000
b111110010010 !
b111110010010 '
b1000000100110000000 (
b111110010010010100010100011 )
b100000 *
b1101010110 %
b1010000111111 #
b1010000111111 &
1"
#17180000
0"
#17190000
b111111011010 !
b111111011010 '
b110010100101000000 (
b111111011010100110000000011 )
b100000 *
b1101010111 %
b1000011011000 #
b1000011011000 &
1"
#17200000
0"
#17210000
b1000000100111 !
b1000000100111 '
b11111000000100000 (
b1000000100111001101010111000 )
b100000 *
b1101011000 %
b1010010011011 #
b1010010011011 &
1"
#17220000
0"
#17230000
b1000001111000 !
b1000001111000 '
b101111110100110000 (
b1000001111000111111100111111 )
b100000 *
b1101011001 %
b1000010000011 #
b1000010000011 &
1"
#17240000
0"
#17250000
b1000011001001 !
b1000011001001 '
b11101011000010000 (
b1000011001001000111011001000 )
b100000 *
b1101011010 %
b1000010100011 #
b1000010100011 &
1"
#17260000
0"
#17270000
b1000100011011 !
b1000100011011 '
b101110001110000000 (
b1000100011011001110010010010 )
b100000 *
b1101011011 %
b1011010000011 #
b1011010000011 &
1"
#17280000
0"
#17290000
b1000101101011 !
b1000101101011 '
b1000100100001010000 (
b1000101101011000011110111101 )
b100000 *
b1101011100 %
b1100010100000 #
b1100010100000 &
1"
#17300000
0"
#17310000
b1000110110101 !
b1000110110101 '
b110110001110010000 (
b1000110110101010000100110110 )
b100000 *
b1101011101 %
b1001110110101 #
b1001110110101 &
1"
#17320000
0"
#17330000
b1000111111001 !
b1000111111001 '
b100011011101100000 (
b1000111111001001110000100010 )
b100000 *
b1101011110 %
b1101010011011 #
b1101010011011 &
1"
#17340000
0"
#17350000
b1001000110111 !
b1001000110111 '
b110101100010000000 (
b1001000110111110011110001010 )
b100000 *
b1101011111 %
b11110110101 #
b11110110101 &
1"
#17360000
0"
#17370000
b1001001100101 !
b1001001100101 '
b100110100010110000 (
b1001001100101001010001111110 )
b100000 *
b1101100000 %
b111100010111 #
b111100010111 &
1"
#17380000
0"
#17390000
b1001010001001 !
b1001010001001 '
b1010001010101110000 (
b1001010001001100000000110010 )
b100000 *
b1101100001 %
b111011100111 #
b111011100111 &
1"
#17400000
0"
#17410000
b1001010011011 !
b1001010011011 '
b10111110110010000 (
b1001010011011111011100101001 )
b100000 *
b1101100010 %
b1011000011111 #
b1011000011111 &
1"
#17420000
0"
#17430000
b1001010100111 !
b1001010100111 '
b101010010101000000 (
b1001010100111100010100110011 )
b100000 *
b1101100011 %
b111111011100 #
b111111011100 &
1"
#17440000
0"
#17450000
b1001010100000 !
b1001010100000 '
b1000001010111100000 (
b1001010100000010101010100111 )
b100000 *
b1101100100 %
b101100010100 #
b101100010100 &
1"
#17460000
0"
#17470000
b1001010000111 !
b1001010000111 '
b101001111111010000 (
b1001010000111000100101100101 )
b100000 *
b1101100101 %
b111100000011 #
b111100000011 &
1"
#17480000
0"
#17490000
b1001001100011 !
b1001001100011 '
b110111111011110000 (
b1001001100011000010011110001 )
b100000 *
b1101100110 %
b111011100111 #
b111011100111 &
1"
#17500000
0"
#17510000
b1001000110000 !
b1001000110000 '
b1000010110001100000 (
b1001000110000100001000001011 )
b100000 *
b1101100111 %
b101111111101 #
b101111111101 &
1"
#17520000
0"
#17530000
b1000111110000 !
b1000111110000 '
b1001101000111000000 (
b1000111110000110001100001011 )
b100000 *
b1101101000 %
b11101 #
b11101 &
1"
#17540000
0"
#17550000
b1000110100010 !
b1000110100010 '
b101100101000000000 (
b1000110100010110111001010101 )
b100000 *
b1101101001 %
b111100101011 #
b111100101011 &
1"
#17560000
0"
#17570000
b1000101010010 !
b1000101010010 '
b111001010100010000 (
b1000101010010010101110101011 )
b100000 *
b1101101010 %
b1111011110000000 #
b1111011110000000 &
1"
#17580000
0"
#17590000
b1000011110001 !
b1000011110001 '
b110101101111100000 (
b1000011110001011010000000001 )
b100000 *
b1101101011 %
b100101011111 #
b100101011111 &
1"
#17600000
0"
#17610000
b1000010001100 !
b1000010001100 '
b111100010011100000 (
b1000010001100100111101010111 )
b100000 *
b1101101100 %
b1001111 #
b1001111 &
1"
#17620000
0"
#17630000
b1000000011011 !
b1000000011011 '
b1000100110011010000 (
b1000000011011010011011001001 )
b100000 *
b1101101101 %
b10111100000 #
b10111100000 &
1"
#17640000
0"
#17650000
b111110100000 !
b111110100000 '
b110110101100010000 (
b111110100000001110101110010 )
b100000 *
b1101101110 %
b111001001010 #
b111001001010 &
1"
#17660000
0"
#17670000
b111100011101 !
b111100011101 '
b1001101100010110000 (
b111100011101110100101111000 )
b100000 *
b1101101111 %
b1111110001 #
b1111110001 &
1"
#17680000
0"
#17690000
b111010001010 !
b111010001010 '
b1001000111000010000 (
b111010001010111011101101100 )
b100000 *
b1101110000 %
b111111010011 #
b111111010011 &
1"
#17700000
0"
#17710000
b110111110001 !
b110111110001 '
b111100001001000000 (
b110111110001010010000101000 )
b100000 *
b1101110001 %
b100101101111 #
b100101101111 &
1"
#17720000
0"
#17730000
b110101001101 !
b110101001101 '
b1001000101100010000 (
b110101001101011010011110010 )
b100000 *
b1101110010 %
b1110100001 #
b1110100001 &
1"
#17740000
0"
#17750000
b110010011110 !
b110010011110 '
b1010001111001000000 (
b110010011110100101011010000 )
b100000 *
b1101110011 %
b1111111110110100 #
b1111111110110100 &
1"
#17760000
0"
#17770000
b101111100111 !
b101111100111 '
b1010000010110000000 (
b101111100111101000110011001 )
b100000 *
b1101110100 %
b100111011 #
b100111011 &
1"
#17780000
0"
#17790000
b101100101101 !
b101100101101 '
b1001001101011010000 (
b101100101101111101001101000 )
b100000 *
b1101110101 %
b10100100000 #
b10100100000 &
1"
#17800000
0"
#17810000
b101001110101 !
b101001110101 '
b111100101111010000 (
b101001110101110100011001101 )
b100000 *
b1101110110 %
b1111011010000100 #
b1111011010000100 &
1"
#17820000
0"
#17830000
b100110111101 !
b100110111101 '
b110010100010000000 (
b100110111101101110101000011 )
b100000 *
b1101110111 %
b10110011101 #
b10110011101 &
1"
#17840000
0"
#17850000
b100100001111 !
b100100001111 '
b111101110100010000 (
b100100001111101110111111011 )
b100000 *
b1101111000 %
b1110110110 #
b1110110110 &
1"
#17860000
0"
#17870000
b100001101000 !
b100001101000 '
b110001100010010000 (
b100001101000001010110111000 )
b100000 *
b1101111001 %
b11001001001 #
b11001001001 &
1"
#17880000
0"
#17890000
b11111001101 !
b11111001101 '
b110001111010010000 (
b11111001101010001011000011 )
b100000 *
b1101111010 %
b110001100100 #
b110001100100 &
1"
#17900000
0"
#17910000
b11100111111 !
b11100111111 '
b1000011100010010000 (
b11100111111010011101010000 )
b100000 *
b1101111011 %
b10001 #
b10001 &
1"
#17920000
0"
#17930000
b11010111001 !
b11010111001 '
b1001001111000000000 (
b11010111001111011011101001 )
b100000 *
b1101111100 %
b1111110010000101 #
b1111110010000101 &
1"
#17940000
0"
#17950000
b11000111111 !
b11000111111 '
b111011000111110000 (
b11000111111011010111111101 )
b100000 *
b1101111101 %
b11101100100 #
b11101100100 &
1"
#17960000
0"
#17970000
b10111010100 !
b10111010100 '
b1001111110100010000 (
b10111010100110000001001110 )
b100000 *
b1101111110 %
b10111000000 #
b10111000000 &
1"
#17980000
0"
#17990000
b10101110001 !
b10101110001 '
b10111000111110000 (
b10101110001100001010110011 )
b100000 *
b1101111111 %
b1000001 #
b1000001 &
1"
#18000000
0"
#18010000
b10100011010 !
b10100011010 '
b101101010001010000 (
b10100011010101101000001100 )
b100000 *
b1110000000 %
b1111110111000011 #
b1111110111000011 &
1"
#18020000
0"
#18030000
b10011001000 !
b10011001000 '
b101100101101010000 (
b10011001000000110001111001 )
b100000 *
b1110000001 %
b111100011 #
b111100011 &
1"
#18040000
0"
#18050000
b10001111100 !
b10001111100 '
b1000010010111010000 (
b10001111100100011101101001 )
b100000 *
b1110000010 %
b1111101010100101 #
b1111101010100101 &
1"
#18060000
0"
#18070000
b10000110010 !
b10000110010 '
b101111100101000000 (
b10000110010001011110010010 )
b100000 *
b1110000011 %
b10010101 #
b10010101 &
1"
#18080000
0"
#18090000
b1111101111 !
b1111101111 '
b100001001111000000 (
b1111101111100101110110011 )
b100000 *
b1110000100 %
b1111110011001011 #
b1111110011001011 &
1"
#18100000
0"
#18110000
b1110110000 !
b1110110000 '
b101101000010010000 (
b1110110000010001101011101 )
b100000 *
b1110000101 %
b1111101110101110 #
b1111101110101110 &
1"
#18120000
0"
#18130000
b1101110001 !
b1101110001 '
b101100101101010000 (
b1101110001011101110000010 )
b100000 *
b1110000110 %
b10010100101 #
b10010100101 &
1"
#18140000
0"
#18150000
b1100110110 !
b1100110110 '
b100011111101110000 (
b1100110110000000000001100 )
b100000 *
b1110000111 %
b1111111110101001 #
b1111111110101001 &
1"
#18160000
0"
#18170000
b1011111011 !
b1011111011 '
b10101110000 (
b1011111011000100101000111 )
b100000 *
b1110001000 %
b11000111100 #
b11000111100 &
1"
#18180000
0"
#18190000
b1011000100 !
b1011000100 '
b101101100000010000 (
b1011000100101100001101000 )
b100000 *
b1110001001 %
b1111100110010011 #
b1111100110010011 &
1"
#18200000
0"
#18210000
b1010000101 !
b1010000101 '
b11111111111111100110100000000000 (
b1010000101111100100011001 )
b100000 *
b1110001010 %
b101110 #
b101110 &
1"
#18220000
0"
#18230000
b1001001110 !
b1001001110 '
b11100000111010000 (
b1001001110111111010111010 )
b100000 *
b1110001011 %
b1111100101101001 #
b1111100101101001 &
1"
#18240000
0"
#18250000
b1000001111 !
b1000001111 '
b111011010000 (
b1000001111010110101011100 )
b100000 *
b1110001100 %
b111010100 #
b111010100 &
1"
#18260000
0"
#18270000
b111010100 !
b111010100 '
b10001101000000000 (
b111010100000111010101000 )
b100000 *
b1110001101 %
b10100111101 #
b10100111101 &
1"
#18280000
0"
#18290000
b110010111 !
b110010111 '
b101010110111100000 (
b110010111101100010000011 )
b100000 *
b1110001110 %
b1110110010 #
b1110110010 &
1"
#18300000
0"
#18310000
b101011000 !
b101011000 '
b1011110100110000 (
b101011000010100101000010 )
b100000 *
b1110001111 %
b1111001110000111 #
b1111001110000111 &
1"
#18320000
0"
#18330000
b100011000 !
b100011000 '
b101111011110010000 (
b100011000001000111011100 )
b100000 *
b1110010000 %
b110111110 #
b110111110 &
1"
#18340000
0"
#18350000
b11011001 !
b11011001 '
b11100010011010000 (
b11011001001000100010111 )
b100000 *
b1110010001 %
b1111111000110010 #
b1111111000110010 &
1"
#18360000
0"
#18370000
b10011101 !
b10011101 '
b1010111000110000 (
b10011101011110110101100 )
b100000 *
b1110010010 %
b1111111111000010 #
b1111111111000010 &
1"
#18380000
0"
#18390000
b1100110 !
b1100110 '
b11111111111111111111000111000000 (
b1100110110011010110101 )
b100000 *
b1110010011 %
b1111101100100100 #
b1111101100100100 &
1"
#18400000
0"
#18410000
b110100 !
b110100 '
b11101100010000 (
b110100001111100000100 )
b100000 *
b1110010100 %
b1111010101100100 #
b1111010101100100 &
1"
#18420000
0"
#18430000
b100 !
b100 '
b1111011000000000 (
b100011110100100110 )
b100000 *
b1110010101 %
b1001001111 #
b1001001111 &
1"
#18440000
0"
#18450000
b1111111111011100 !
b1111111111011100 '
b11111111111111100011100011000000 (
b11111111111011100001010110001011 )
b100000 *
b1110010110 %
b1111101100001011 #
b1111101100001011 &
1"
#18460000
0"
#18470000
b1111111110111011 !
b1111111110111011 '
b10000110101110000 (
b11111111110111011001110111101101 )
b100000 *
b1110010111 %
b1111101111011001 #
b1111101111011001 &
1"
#18480000
0"
#18490000
b1111111110011001 !
b1111111110011001 '
b1011001000100000 (
b11111111110011001011011100011011 )
b100000 *
b1110011000 %
b1111111001001011 #
b1111111001001011 &
1"
#18500000
0"
#18510000
b1111111101111011 !
b1111111101111011 '
b10010110110110000 (
b11111111101111011100101011001011 )
b100000 *
b1110011001 %
b101001010001 #
b101001010001 &
1"
#18520000
0"
#18530000
b1111111101100000 !
b1111111101100000 '
b100101001011000000 (
b11111111101100000111011000000010 )
b100000 *
b1110011010 %
b100011111000 #
b100011111000 &
1"
#18540000
0"
#18550000
b1111111101000101 !
b1111111101000101 '
b1100110000 (
b11111111101000101001010100110110 )
b100000 *
b1110011011 %
b1111011001100000 #
b1111011001100000 &
1"
#18560000
0"
#18570000
b1111111100101000 !
b1111111100101000 '
b11111111111111110101100011110000 (
b11111111100101000011010111010110 )
b100000 *
b1110011100 %
b1111101010011001 #
b1111101010011001 &
1"
#18580000
0"
#18590000
b1111111100001101 !
b1111111100001101 '
b10110001011000000 (
b11111111100001101110000000001001 )
b100000 *
b1110011101 %
b111111010 #
b111111010 &
1"
#18600000
0"
#18610000
b1111111011110010 !
b1111111011110010 '
b10001010000000000 (
b11111111011110010000110000100000 )
b100000 *
b1110011110 %
b1111001000110101 #
b1111001000110101 &
1"
#18620000
0"
#18630000
b1111111011010100 !
b1111111011010100 '
b110000110000 (
b11111111011010100000001011111101 )
b100000 *
b1110011111 %
b1100010110 #
b1100010110 &
1"
#18640000
0"
#18650000
b1111111010111101 !
b1111111010111101 '
b11111111111111111001010010010000 (
b11111111010111101010111100101110 )
b100000 *
b1110100000 %
b1111101100000000 #
b1111101100000000 &
1"
#18660000
0"
#18670000
b1111111010101000 !
b1111111010101000 '
b101101010010000 (
b11111111010101000010010110001100 )
b100000 *
b1110100001 %
b1110101101 #
b1110101101 &
1"
#18680000
0"
#18690000
b1111111010010111 !
b1111111010010111 '
b11111111111111101111111011110000 (
b11111111010010111011101101111110 )
b100000 *
b1110100010 %
b1111011111101000 #
b1111011111101000 &
1"
#18700000
0"
#18710000
b1111111010001001 !
b1111111010001001 '
b1101111110000 (
b11111111010001001110000011010001 )
b100000 *
b1110100011 %
b1111011110010110 #
b1111011110010110 &
1"
#18720000
0"
#18730000
b1111111001111101 !
b1111111001111101 '
b11111111111111110110011000010000 (
b11111111001111101110111011001011 )
b100000 *
b1110100100 %
b100000001101 #
b100000001101 &
1"
#18740000
0"
#18750000
b1111111001111011 !
b1111111001111011 '
b11111111111111110011000010100000 (
b11111111001111011000011101100001 )
b100000 *
b1110100101 %
b1111111100011101 #
b1111111100011101 &
1"
#18760000
0"
#18770000
b1111111001111001 !
b1111111001111001 '
b1101111011110000 (
b11111111001111001100100110111110 )
b100000 *
b1110100110 %
b1111101001101010 #
b1111101001101010 &
1"
#18780000
0"
#18790000
b1111111001110110 !
b1111111001110110 '
b11111111111111111110111110110000 (
b11111111001110110001001100100010 )
b100000 *
b1110100111 %
b1111011010011100 #
b1111011010011100 &
1"
#18800000
0"
#18810000
b1111111001110100 !
b1111111001110100 '
b10010101101000000 (
b11111111001110100000100111000010 )
b100000 *
b1110101000 %
b101110001 #
b101110001 &
1"
#18820000
0"
#18830000
b1111111001110001 !
b1111111001110001 '
b11111111111111101100101110010000 (
b11111111001110001111100011000010 )
b100000 *
b1110101001 %
b1111110101110010 #
b1111110101110010 &
1"
#18840000
0"
#18850000
b1111111001110000 !
b1111111001110000 '
b100010100000 (
b11111111001110000001101010101100 )
b100000 *
b1110101010 %
b1111000000000000 #
b1111000000000000 &
1"
#18860000
0"
#18870000
b1111111001100100 !
b1111111001100100 '
b11111111111111101100001110110000 (
b11111111001100100110000011011010 )
b100000 *
b1110101011 %
b1111011011011101 #
b1111011011011101 &
1"
#18880000
0"
#18890000
b1111111001011000 !
b1111111001011000 '
b101011111000000 (
b11111111001011000000001110101100 )
b100000 *
b1110101100 %
b101010010111 #
b101010010111 &
1"
#18900000
0"
#18910000
b1111111001001001 !
b1111111001001001 '
b1111101101110000 (
b11111111001001001010111111010010 )
b100000 *
b1110101101 %
b1111101100111001 #
b1111101100111001 &
1"
#18920000
0"
#18930000
b1111111000110001 !
b1111111000110001 '
b1011000101100000 (
b11111111000110001101001010100100 )
b100000 *
b1110101110 %
b1111000011110010 #
b1111000011110010 &
1"
#18940000
0"
#18950000
b1111111000010011 !
b1111111000010011 '
b11111111111111011010100101010000 (
b11111111000010011000110101000011 )
b100000 *
b1110101111 %
b1111011010001000 #
b1111011010001000 &
1"
#18960000
0"
#18970000
b1111110111110110 !
b1111110111110110 '
b101001110100000 (
b11111110111110110011010101111100 )
b100000 *
b1110110000 %
b1111100011010011 #
b1111100011010011 &
1"
#18980000
0"
#18990000
b1111110111010001 !
b1111110111010001 '
b11111111111111111010100101100000 (
b11111110111010001001000010101100 )
b100000 *
b1110110001 %
b1111111001101110 #
b1111111001101110 &
1"
#19000000
0"
#19010000
b1111110110101010 !
b1111110110101010 '
b11111111111111111111010001100000 (
b11111110110101010110010110101010 )
b100000 *
b1110110010 %
b1111100111110000 #
b1111100111110000 &
1"
#19020000
0"
#19030000
b1111110101111111 !
b1111110101111111 '
b11111111111111110001011011000000 (
b11111110101111111000001010110100 )
b100000 *
b1110110011 %
b1111101100110000 #
b1111101100110000 &
1"
#19040000
0"
#19050000
b1111110101010010 !
b1111110101010010 '
b11111111111111100000001011000000 (
b11111110101010010001101001100101 )
b100000 *
b1110110100 %
b1111101001111010 #
b1111101001111010 &
1"
#19060000
0"
#19070000
b1111110100100100 !
b1111110100100100 '
b110111011010000 (
b11111110100100100100001101001111 )
b100000 *
b1110110101 %
b1111010110001100 #
b1111010110001100 &
1"
#19080000
0"
#19090000
b1111110011101111 !
b1111110011101111 '
b11111111111111110001001000010000 (
b11111110011101111011001011111000 )
b100000 *
b1110110110 %
b1011101 #
b1011101 &
1"
#19100000
0"
#19110000
b1111110010111110 !
b1111110010111110 '
b11111111111111110011100010110000 (
b11111110010111110000110101110011 )
b100000 *
b1110110111 %
b1111100001100100 #
b1111100001100100 &
1"
#19120000
0"
#19130000
b1111110010001010 !
b1111110010001010 '
b11111111111111111010111000010000 (
b11111110010001010000100100111001 )
b100000 *
b1110111000 %
b1111011111001001 #
b1111011111001001 &
1"
#19140000
0"
#19150000
b1111110001010101 !
b1111110001010101 '
b11110111100110000 (
b11111110001010101101011111010110 )
b100000 *
b1110111001 %
b1111101100001101 #
b1111101100001101 &
1"
#19160000
0"
#19170000
b1111110000011111 !
b1111110000011111 '
b11010111010000000 (
b11111110000011111100010010010110 )
b100000 *
b1110111010 %
b1111100110011100 #
b1111100110011100 &
1"
#19180000
0"
#19190000
b1111101111101011 !
b1111101111101011 '
b11111111111111100011001000000000 (
b11111101111101011010111101010111 )
b100000 *
b1110111011 %
b1111011100101110 #
b1111011100101110 &
1"
#19200000
0"
#19210000
b1111101110111110 !
b1111101110111110 '
b11111111111111101111110010110000 (
b11111101110111110101110101110010 )
b100000 *
b1110111100 %
b1111101001100110 #
b1111101001100110 &
1"
#19220000
0"
#19230000
b1111101110010100 !
b1111101110010100 '
b101111011100000 (
b11111101110010100011010000101101 )
b100000 *
b1110111101 %
b10001110110 #
b10001110110 &
1"
#19240000
0"
#19250000
b1111101101101110 !
b1111101101101110 '
b11111111111111010110100111110000 (
b11111101101101110000010001010100 )
b100000 *
b1110111110 %
b1111110001010000 #
b1111110001010000 &
1"
#19260000
0"
#19270000
b1111101101001111 !
b1111101101001111 '
b1001010000100000 (
b11111101101001111110010100111110 )
b100000 *
b1110111111 %
b1111011000010110 #
b1111011000010110 &
1"
#19280000
0"
#19290000
b1111101100110001 !
b1111101100110001 '
b11111111111111110001000000000000 (
b11111101100110001110011011011001 )
b100000 *
b1111000000 %
b1111010011100011 #
b1111010011100011 &
1"
#19300000
0"
#19310000
b1111101100011101 !
b1111101100011101 '
b1011000001110000 (
b11111101100011101000101001000111 )
b100000 *
b1111000001 %
b1111100000000011 #
b1111100000000011 &
1"
#19320000
0"
#19330000
b1111101100001100 !
b1111101100001100 '
b11111111111111100111101110000000 (
b11111101100001100111001000010010 )
b100000 *
b1111000010 %
b1111000100010001 #
b1111000100010001 &
1"
#19340000
0"
#19350000
b1111101100000011 !
b1111101100000011 '
b11111111111111100110110000100000 (
b11111101100000011011101111001110 )
b100000 *
b1111000011 %
b1001100000 #
b1001100000 &
1"
#19360000
0"
#19370000
b1111101100000010 !
b1111101100000010 '
b11000001001110000 (
b11111101100000010000011101111000 )
b100000 *
b1111000100 %
b1111100111111001 #
b1111100111111001 &
1"
#19380000
0"
#19390000
b1111101011111100 !
b1111101011111100 '
b11111111111111111101010101110000 (
b11111101011111100011000111010101 )
b100000 *
b1111000101 %
b1111001011011111 #
b1111001011011111 &
1"
#19400000
0"
#19410000
b1111101011111001 !
b1111101011111001 '
b11111111111111101111001111100000 (
b11111101011111001010011100011000 )
b100000 *
b1111000110 %
b1111100101010111 #
b1111100101010111 &
1"
#19420000
0"
#19430000
b11111111111111100011110101000000 (
b11111101011111001000001100110010 )
b100000 *
b1111000111 %
b1111000100111011 #
b1111000100111011 &
1"
#19440000
0"
#19450000
b1111101011110101 !
b1111101011110101 '
b100010100110000 (
b11111101011110101001111111010001 )
b100000 *
b1111001000 %
b1111101110000000 #
b1111101110000000 &
1"
#19460000
0"
#19470000
b1111101011101101 !
b1111101011101101 '
b11111111111111111000010101100000 (
b11111101011101101110011101001100 )
b100000 *
b1111001001 %
b1111011101111101 #
b1111011101111101 &
1"
#19480000
0"
#19490000
b1111101011100010 !
b1111101011100010 '
b11111111111111010000000000000000 (
b11111101011100010110010001010010 )
b100000 *
b1111001010 %
b1111100010000111 #
b1111100010000111 &
1"
#19500000
0"
#19510000
b1111101011010110 !
b1111101011010110 '
b11111111111111100100100101110000 (
b11111101011010110101101001110111 )
b100000 *
b1111001011 %
b1111101000010000 #
b1111101000010000 &
1"
#19520000
0"
#19530000
b1111101011000011 !
b1111101011000011 '
b11111110001010000 (
b11111101011000011011010111101001 )
b100000 *
b1111001100 %
b1111110001111011 #
b1111110001111011 &
1"
#19540000
0"
#19550000
b1111101010100110 !
b1111101010100110 '
b11111111111111110001101010110000 (
b11111101010100110100001000100010 )
b100000 *
b1111001101 %
b1111001111011101 #
b1111001111011101 &
1"
#19560000
0"
#19570000
b1111101010000111 !
b1111101010000111 '
b11111111111111010010110101100000 (
b11111101010000111100110100101100 )
b100000 *
b1111001110 %
b1111000001100101 #
b1111000001100101 &
1"
#19580000
0"
#19590000
b1111101001100101 !
b1111101001100101 '
b11111111111111100011100110000000 (
b11111101001100101011110011100101 )
b100000 *
b1111001111 %
b1111011101000101 #
b1111011101000101 &
1"
#19600000
0"
#19610000
b1111101000111111 !
b1111101000111111 '
b11111111111111101010011110010000 (
b11111101000111111101010011101111 )
b100000 *
b1111010000 %
b1111001101111101 #
b1111001101111101 &
1"
#19620000
0"
#19630000
b1111101000010110 !
b1111101000010110 '
b11111111111111111011010010100000 (
b11111101000010110011011100101111 )
b100000 *
b1111010001 %
b1111100111000110 #
b1111100111000110 &
1"
#19640000
0"
#19650000
b1111100111101100 !
b1111100111101100 '
b11111111111111101101110100000000 (
b11111100111101100100010100111001 )
b100000 *
b1111010010 %
b1110111000000000 #
b1110111000000000 &
1"
#19660000
0"
#19670000
b1111100111000000 !
b1111100111000000 '
b11111111111111110001100100000000 (
b11111100111000000101100000010110 )
b100000 *
b1111010011 %
b1111101111001010 #
b1111101111001010 &
1"
#19680000
0"
#19690000
b1111100110011000 !
b1111100110011000 '
b11111111111111101111011011100000 (
b11111100110011000001101010110011 )
b100000 *
b1111010100 %
b1111100011011100 #
b1111100011011100 &
1"
#19700000
0"
#19710000
b1111100101101110 !
b1111100101101110 '
b11111111111111100000101001000000 (
b11111100101101110111110100111011 )
b100000 *
b1111010101 %
b1111000101111111 #
b1111000101111111 &
1"
#19720000
0"
#19730000
b1111100101000101 !
b1111100101000101 '
b1000101110000 (
b11111100101000101101111101000111 )
b100000 *
b1111010110 %
b1111010101110110 #
b1111010101110110 &
1"
#19740000
0"
#19750000
b1111100100011011 !
b1111100100011011 '
b11111111111111101001001011000000 (
b11111100100011011011001010010111 )
b100000 *
b1111010111 %
b1111101101000110 #
b1111101101000110 &
1"
#19760000
0"
#19770000
b1111100011110101 !
b1111100011110101 '
b11111111111111100111010110110000 (
b11111100011110101111101110001010 )
b100000 *
b1111011000 %
b1101001101 #
b1101001101 &
1"
#19780000
0"
#19790000
b1111100011010100 !
b1111100011010100 '
b11111111111111110001001001110000 (
b11111100011010100001010010011110 )
b100000 *
b1111011001 %
b1111010011111011 #
b1111010011111011 &
1"
#19800000
0"
#19810000
b1111100010101111 !
b1111100010101111 '
b11111111111111101100110101000000 (
b11111100010101111100010100101010 )
b100000 *
b1111011010 %
b1111110111000000 #
b1111110111000000 &
1"
#19820000
0"
#19830000
b1111100010010000 !
b1111100010010000 '
b11111111111111100101100010100000 (
b11111100010010000100001011000111 )
b100000 *
b1111011011 %
b1111001000101011 #
b1111001000101011 &
1"
#19840000
0"
#19850000
b1111100001110010 !
b1111100001110010 '
b11111111111111101111001100100000 (
b11111100001110010111110110000010 )
b100000 *
b1111011100 %
b1111011110001000 #
b1111011110001000 &
1"
#19860000
0"
#19870000
b1111100001011010 !
b1111100001011010 '
b1101011000100000 (
b11111100001011010100011111110010 )
b100000 *
b1111011101 %
b1111010101001110 #
b1111010101001110 &
1"
#19880000
0"
#19890000
b1111100001000100 !
b1111100001000100 '
b11111111111111110100111100000000 (
b11111100001000100010100111111101 )
b100000 *
b1111011110 %
b1111100000000010 #
b1111100000000010 &
1"
#19900000
0"
#19910000
b1111100000110111 !
b1111100000110111 '
b11111111111111100010010000100000 (
b11111100000110111110111111101011 )
b100000 *
b1111011111 %
b1111001110011101 #
b1111001110011101 &
1"
#19920000
0"
#19930000
b1111100000110010 !
b1111100000110010 '
b11111111111111011110101010010000 (
b11111100000110010110111111111111 )
b100000 *
b1111100000 %
b1110111011001001 #
b1110111011001001 &
1"
#19940000
0"
#19950000
b1111100000110011 !
b1111100000110011 '
b11111111111111101000000010010000 (
b11111100000110011011001110100100 )
b100000 *
b1111100001 %
b1111010010010011 #
b1111010010010011 &
1"
#19960000
0"
#19970000
b1111100000111010 !
b1111100000111010 '
b11111111111111010011001100110000 (
b11111100000111010100000100110010 )
b100000 *
b1111100010 %
b1111100000011011 #
b1111100000011011 &
1"
#19980000
0"
#19990000
b1111100001001001 !
b1111100001001001 '
b111001000000000 (
b11111100001001001000110011101000 )
b100000 *
b1111100011 %
b1111001100101010 #
b1111001100101010 &
1"
#20000000
0"
#20010000
b1111100001010100 !
b1111100001010100 '
b11111111111111101101111010110000 (
b11111100001010100100100010110010 )
b100000 *
b1111100100 %
b1111010010110101 #
b1111010010110101 &
1"
#20020000
0"
#20030000
b1111100001100011 !
b1111100001100011 '
b11111111111111011000100111010000 (
b11111100001100011010011101000011 )
b100000 *
b1111100101 %
b1111011110011011 #
b1111011110011011 &
1"
#20040000
0"
#20050000
b1111100001110010 !
b1111100001110010 '
b11111111111111101100000001010000 (
b11111100001110010000101100110001 )
b100000 *
b1111100110 %
b1111100000110101 #
b1111100000110101 &
1"
#20060000
0"
#20070000
b1111100001111010 !
b1111100001111010 '
b11111111111111010011101100010000 (
b11111100001111010100111001100110 )
b100000 *
b1111100111 %
b1111000110010111 #
b1111000110010111 &
1"
#20080000
0"
#20090000
b1111100001111101 !
b1111100001111101 '
b11111111111111110010100000000000 (
b11111100001111101010001010001101 )
b100000 *
b1111101000 %
b1111001111011110 #
b1111001111011110 &
1"
#20100000
0"
#20110000
b1111100001110100 !
b1111100001110100 '
b11111111111111100110011101110000 (
b11111100001110100111101101101010 )
b100000 *
b1111101001 %
b1111100110011001 #
b1111100110011001 &
1"
#20120000
0"
#20130000
b1111100001100101 !
b1111100001100101 '
b11111111111111101001100101010000 (
b11111100001100101110100110011100 )
b100000 *
b1111101010 %
b1111011011000010 #
b1111011011000010 &
1"
#20140000
0"
#20150000
b1111100001001100 !
b1111100001001100 '
b11111111111111101110001100000000 (
b11111100001001100110010001100110 )
b100000 *
b1111101011 %
b1110111000010111 #
b1110111000010111 &
1"
#20160000
0"
#20170000
b1111100000101000 !
b1111100000101000 '
b11111111111111110101011100010000 (
b11111100000101000100110110110010 )
b100000 *
b1111101100 %
b1111110011010111 #
b1111110011010111 &
1"
#20180000
0"
#20190000
b1111100000000001 !
b1111100000000001 '
b11111111111111011011100101110000 (
b11111100000000001001111001100010 )
b100000 *
b1111101101 %
b1111000110110000 #
b1111000110110000 &
1"
#20200000
0"
#20210000
b1111011111010101 !
b1111011111010101 '
b11111111111111010001001011110000 (
b11111011111010101000101111011111 )
b100000 *
b1111101110 %
b1111000100110001 #
b1111000100110001 &
1"
#20220000
0"
#20230000
b1111011110100111 !
b1111011110100111 '
b11111111111111100101110011110000 (
b11111011110100111101101010101000 )
b100000 *
b1111101111 %
b1110110101101000 #
b1110110101101000 &
1"
#20240000
0"
#20250000
b1111011101110111 !
b1111011101110111 '
b11111111111111011010011101110000 (
b11111011101110111011100000101101 )
b100000 *
b1111110000 %
b1111010000001111 #
b1111010000001111 &
1"
#20260000
0"
#20270000
b1111011101001100 !
b1111011101001100 '
b11111111111111101101010100100000 (
b11111011101001100100010111111010 )
b100000 *
b1111110001 %
b1111010000000101 #
b1111010000000101 &
1"
#20280000
0"
#20290000
b1111011100100011 !
b1111011100100011 '
b11111111111111001010000000000000 (
b11111011100100011110000001011110 )
b100000 *
b1111110010 %
b1111001011010010 #
b1111001011010010 &
1"
#20300000
0"
#20310000
b1111011100000010 !
b1111011100000010 '
b11111111111111110011010111100000 (
b11111011100000010010100111111011 )
b100000 *
b1111110011 %
b1111000000011001 #
b1111000000011001 &
1"
#20320000
0"
#20330000
b1111011011011111 !
b1111011011011111 '
b11111111111111101010100101000000 (
b11111011011011111100111100100001 )
b100000 *
b1111110100 %
b1110101111010010 #
b1110101111010010 &
1"
#20340000
0"
#20350000
b1111011011000000 !
b1111011011000000 '
b11111111111111010100011111010000 (
b11111011011000000000011011000100 )
b100000 *
b1111110101 %
b1110101011 #
b1110101011 &
1"
#20360000
0"
#20370000
b1111011010101010 !
b1111011010101010 '
b11111111111111100000011000100000 (
b11111011010101010010100011011010 )
b100000 *
b1111110110 %
b1111101111011011 #
b1111101111011011 &
1"
#20380000
0"
#20390000
b1111011010010010 !
b1111011010010010 '
b11111111111111110001110100100000 (
b11111011010010010000000101111000 )
b100000 *
b1111110111 %
b1111001001000011 #
b1111001001000011 &
1"
#20400000
0"
#20410000
b1111011001110101 !
b1111011001110101 '
b1001111001110000 (
b11111011001110101110011110101110 )
b100000 *
b1111111000 %
b1111001101110000 #
b1111001101110000 &
1"
#20420000
0"
#20430000
b1111011001011000 !
b1111011001011000 '
b11111111111111011110111100010000 (
b11111011001011000000000010101110 )
b100000 *
b1111111001 %
b1111010111001001 #
b1111010111001001 &
1"
#20440000
0"
#20450000
b1111011000111110 !
b1111011000111110 '
b11111111111111111001010000000000 (
b11111011000111110110111001100110 )
b100000 *
b1111111010 %
b1111001111010000 #
b1111001111010000 &
1"
#20460000
0"
#20470000
b1111011000100010 !
b1111011000100010 '
b11111111111111010110100000010000 (
b11111011000100010011011100100001 )
b100000 *
b1111111011 %
b1111000011100010 #
b1111000011100010 &
1"
#20480000
0"
#20490000
b1111011000001001 !
b1111011000001001 '
b11111111111111100110100110000000 (
b11111011000001001110001011001000 )
b100000 *
b1111111100 %
b1111100010000010 #
b1111100010000010 &
1"
#20500000
0"
#20510000
b1111010111110100 !
b1111010111110100 '
b11111111111111011111111010100000 (
b11111010111110100000100011000000 )
b100000 *
b1111111101 %
b1110110111010011 #
b1110110111010011 &
1"
#20520000
0"
#20530000
b1111010111011111 !
b1111010111011111 '
b11111111111111101000000001100000 (
b11111010111011111110011001010010 )
b100000 *
b1111111110 %
b1111110110011001 #
b1111110110011001 &
1"
#20540000
0"
#20550000
b1111010111010100 !
b1111010111010100 '
b11111111111111011010110101110000 (
b11111010111010100010001011110010 )
b100000 *
b1111111111 %
b1110101001111010 #
b1110101001111010 &
1"
#20560000
0"
#20570000
b1111010111001011 !
b1111010111001011 '
b11111111111111001100010110110000 (
b11111010111001011011110000100011 )
b100000 *
b10000000000 %
b1111000111000110 #
b1111000111000110 &
1"
#20580000
0"
#20590000
b1111010111001100 !
b1111010111001100 '
b11111111111111011101101110010000 (
b11111010111001100011001100100001 )
b100000 *
b10000000001 %
b1111011111010010 #
b1111011111010010 &
1"
#20600000
0"
#20610000
b1111010111010010 !
b1111010111010010 '
b11111111111111101000010100010000 (
b11111010111010010110110011000010 )
b100000 *
b10000000010 %
b1111001111100010 #
b1111001111100010 &
1"
#20620000
0"
#20630000
b1111010111011100 !
b1111010111011100 '
b11111111111111011001011111100000 (
b11111010111011100011000110100100 )
b100000 *
b10000000011 %
b1110101110000011 #
b1110101110000011 &
1"
#20640000
0"
#20650000
b1111010111101000 !
b1111010111101000 '
b11111111111111011110000111110000 (
b11111010111101000011101101111001 )
b100000 *
b10000000100 %
b1111011111011010 #
b1111011111011010 &
1"
#20660000
0"
#20670000
b1111010111111000 !
b1111010111111000 '
b11111111111111100110110100010000 (
b11111010111111000010100111011111 )
b100000 *
b10000000101 %
b1111001111100101 #
b1111001111100101 &
1"
#20680000
0"
#20690000
b1111011000000101 !
b1111011000000101 '
b11111111111111101000100111110000 (
b11111011000000101011000010110001 )
b100000 *
b10000000110 %
b1110111011010000 #
b1110111011010000 &
1"
#20700000
0"
#20710000
b1111011000001100 !
b1111011000001100 '
b11111111111111010100110001010000 (
b11111011000001100110110011000111 )
b100000 *
b10000000111 %
b1111010011111010 #
b1111010011111010 &
1"
#20720000
0"
#20730000
b1111011000010001 !
b1111011000010001 '
b11111111111111011011100110100000 (
b11111011000010001110111111000110 )
b100000 *
b10000001000 %
b1111011010110100 #
b1111011010110100 &
1"
#20740000
0"
#20750000
b1111011000010000 !
b1111011000010000 '
b11111111111111101100110010110000 (
b11111011000010000001000010000001 )
b100000 *
b10000001001 %
b1111111011011010 #
b1111111011011010 &
1"
#20760000
0"
#20770000
b1111011000001000 !
b1111011000001000 '
b11111111111111100100010001100000 (
b11111011000001000100000000111010 )
b100000 *
b10000001010 %
b1111010000000111 #
b1111010000000111 &
1"
#20780000
0"
#20790000
b1111010111111001 !
b1111010111111001 '
b11111111111111001010010001010000 (
b11111010111111001011111010010111 )
b100000 *
b10000001011 %
b1111001111010111 #
b1111001111010111 &
1"
#20800000
0"
#20810000
b1111010111101000 !
b1111010111101000 '
b11111111111111110110100001010000 (
b11111010111101000100001010101100 )
b100000 *
b10000001100 %
b1111001110011010 #
b1111001110011010 &
1"
#20820000
0"
#20830000
b1111010111010001 !
b1111010111010001 '
b11111111111111010101000100000000 (
b11111010111010001000000011001100 )
b100000 *
b10000001101 %
b1110110100101000 #
b1110110100101000 &
1"
#20840000
0"
#20850000
b1111010110111010 !
b1111010110111010 '
b11111111111111010011100100110000 (
b11111010110111010111100000011111 )
b100000 *
b10000001110 %
b1111101010000111 #
b1111101010000111 &
1"
#20860000
0"
#20870000
b1111010110101010 !
b1111010110101010 '
b11111111111111001000001110000000 (
b11111010110101010011110000010111 )
b100000 *
b10000001111 %
b1110111000101110 #
b1110111000101110 &
1"
#20880000
0"
#20890000
b1111010110011011 !
b1111010110011011 '
b11111111111111011100001011010000 (
b11111010110011011010010011000010 )
b100000 *
b10000010000 %
b1111100000100111 #
b1111100000100111 &
1"
#20900000
0"
#20910000
b1111010110010010 !
b1111010110010010 '
b11111111111111011100000011110000 (
b11111010110010010101011111111010 )
b100000 *
b10000010001 %
b1111100011110111 #
b1111100011110111 &
1"
#20920000
0"
#20930000
b1111010110010001 !
b1111010110010001 '
b11111111111111011000011101100000 (
b11111010110010001001000011100011 )
b100000 *
b10000010010 %
b1111111110001001 #
b1111111110001001 &
1"
#20940000
0"
#20950000
b1111010110011000 !
b1111010110011000 '
b11111111111111010000010010110000 (
b11111010110011000110010000111101 )
b100000 *
b10000010011 %
b1110110111011100 #
b1110110111011100 &
1"
#20960000
0"
#20970000
b1111010110100011 !
b1111010110100011 '
b11111111111111000011011101100000 (
b11111010110100011111100001000111 )
b100000 *
b10000010100 %
b110010101 #
b110010101 &
1"
#20980000
0"
#20990000
b1111010110111100 !
b1111010110111100 '
b1011000000010000 (
b11111010110111100110010011001111 )
b100000 *
b10000010101 %
b1111101100010000 #
b1111101100010000 &
1"
#21000000
0"
#21010000
b1111010111010011 !
b1111010111010011 '
b11111111111111110011100100010000 (
b11111010111010011100010001111000 )
b100000 *
b10000010110 %
b1111011111110001 #
b1111011111110001 &
1"
#21020000
0"
#21030000
b1111010111110010 !
b1111010111110010 '
b11111111111111010110110010010000 (
b11111010111110010100010110100000 )
b100000 *
b10000010111 %
b1111111101011010 #
b1111111101011010 &
1"
#21040000
0"
#21050000
b1111011000011011 !
b1111011000011011 '
b11111111111111011010010100000000 (
b11111011000011011101001000000111 )
b100000 *
b10000011000 %
b101101110 #
b101101110 &
1"
#21060000
0"
#21070000
b1111011001001001 !
b1111011001001001 '
b11111111111111100001010110110000 (
b11111011001001001111111110110110 )
b100000 *
b10000011001 %
b1111111011100111 #
b1111111011100111 &
1"
#21080000
0"
#21090000
b1111011001111100 !
b1111011001111100 '
b11111111111111011011011100000000 (
b11111011001111100101110001001110 )
b100000 *
b10000011010 %
b1111101001100011 #
b1111101001100011 &
1"
#21100000
0"
#21110000
b1111011010110101 !
b1111011010110101 '
b11111111111111010010101001100000 (
b11111011010110101011011110011011 )
b100000 *
b10000011011 %
b100011101100 #
b100011101100 &
1"
#21120000
0"
#21130000
b1111011011111010 !
b1111011011111010 '
b11111111111111101001100001100000 (
b11111011011111010110010000111010 )
b100000 *
b10000011100 %
b10010011000 #
b10010011000 &
1"
#21140000
0"
#21150000
b1111011101000110 !
b1111011101000110 '
b11111111111111001001011110010000 (
b11111011101000110110001111100000 )
b100000 *
b10000011101 %
b11001110 #
b11001110 &
1"
#21160000
0"
#21170000
b1111011110100000 !
b1111011110100000 '
b11111111111111111000110010110000 (
b11111011110100000100110111110110 )
b100000 *
b10000011110 %
b101101111100 #
b101101111100 &
1"
#21180000
0"
#21190000
b1111100000000110 !
b1111100000000110 '
b11111111111110111111011011100000 (
b11111100000000110000101011000010 )
b100000 *
b10000011111 %
b11111111010 #
b11111111010 &
1"
#21200000
0"
#21210000
b1111100001111110 !
b1111100001111110 '
b11111111111111010101010100100000 (
b11111100001111110100101111010001 )
b100000 *
b10000100000 %
b1110010 #
b1110010 &
1"
#21220000
0"
#21230000
b1111100100000010 !
b1111100100000010 '
b11111111111111100111011101100000 (
b11111100100000010100000010100000 )
b100000 *
b10000100001 %
b101011110100 #
b101011110100 &
1"
#21240000
0"
#21250000
b1111100110010111 !
b1111100110010111 '
b11111111111111011011101001100000 (
b11111100110010111010010000101001 )
b100000 *
b10000100010 %
b1111111101101011 #
b1111111101101011 &
1"
#21260000
0"
#21270000
b1111101000111001 !
b1111101000111001 '
b11111111111111000010100010010000 (
b11111101000111001101101001001000 )
b100000 *
b10000100011 %
b10000001000 #
b10000001000 &
1"
#21280000
0"
#21290000
b1111101011101101 !
b1111101011101101 '
b11111111111111100111100011100000 (
b11111101011101101001100001011100 )
b100000 *
b10000100100 %
b101100010000 #
b101100010000 &
1"
#21300000
0"
#21310000
b1111101110101011 !
b1111101110101011 '
b11111111111111011011101011110000 (
b11111101110101011011000101011100 )
b100000 *
b10000100101 %
b110100111010 #
b110100111010 &
1"
#21320000
0"
#21330000
b1111110001110100 !
b1111110001110100 '
b11111111111111001100011100000000 (
b11111110001110100110011100001000 )
b100000 *
b10000100110 %
b110001010010 #
b110001010010 &
1"
#21340000
0"
#21350000
b1111110101000110 !
b1111110101000110 '
b11111111111111011110111011100000 (
b11111110101000110010110101011111 )
b100000 *
b10000100111 %
b1011100111 #
b1011100111 &
1"
#21360000
0"
#21370000
b1111111000010111 !
b1111111000010111 '
b11111111111111100100000111000000 (
b11111111000010111110001110011010 )
b100000 *
b10000101000 %
b1000111010011 #
b1000111010011 &
1"
#21380000
0"
#21390000
b1111111011101101 !
b1111111011101101 '
b11111111111111111100100011100000 (
b11111111011101101100100111010110 )
b100000 *
b10000101001 %
b1010011101110 #
b1010011101110 &
1"
#21400000
0"
#21410000
b1111111111000000 !
b1111111111000000 '
b11111111111111011100000101010000 (
b11111111111000000001011101011001 )
b100000 *
b10000101010 %
b1010101001001 #
b1010101001001 &
1"
#21420000
0"
#21430000
b10010010 !
b10010010 '
b11111111111111011011100001010000 (
b10010010111110010110001 )
b100000 *
b10000101011 %
b110100111010 #
b110100111010 &
1"
#21440000
0"
#21450000
b101011111 !
b101011111 '
b11111111111111011010110011100000 (
b101011111011100101000010 )
b100000 *
b10000101100 %
b111011111000 #
b111011111000 &
1"
#21460000
0"
#21470000
b1000100111 !
b1000100111 '
b11111111111111000111011110000000 (
b1000100111011111001011010 )
b100000 *
b10000101101 %
b101010111100 #
b101010111100 &
1"
#21480000
0"
#21490000
b1011101011 !
b1011101011 '
b11111111111111101111100101010000 (
b1011101011111011001011011 )
b100000 *
b10000101110 %
b1000000101110 #
b1000000101110 &
1"
#21500000
0"
#21510000
b1110101010 !
b1110101010 '
b11111111111111001010100010100000 (
b1110101010100110011110100 )
b100000 *
b10000101111 %
b111100100110 #
b111100100110 &
1"
#21520000
0"
#21530000
b10001101001 !
b10001101001 '
b11111111111111101000011101010000 (
b10001101001100110111000011 )
b100000 *
b10000110000 %
b100011011110 #
b100011011110 &
1"
#21540000
0"
#21550000
b10100100001 !
b10100100001 '
b11111111111111101010111001010000 (
b10100100001011000011111010 )
b100000 *
b10000110001 %
b1000001111011 #
b1000001111011 &
1"
#21560000
0"
#21570000
b10111011001 !
b10111011001 '
b11111111111111111110100110110000 (
b10111011001001011101101101 )
b100000 *
b10000110010 %
b111100011000 #
b111100011000 &
1"
#21580000
0"
#21590000
b11010001100 !
b11010001100 '
b11111111111111001001100101000000 (
b11010001100001000111111000 )
b100000 *
b10000110011 %
b110100001110 #
b110100001110 &
1"
#21600000
0"
#21610000
b11101000000 !
b11101000000 '
b100101111110000 (
b11101000000100100011001001 )
b100000 *
b10000110100 %
b10011001010 #
b10011001010 &
1"
#21620000
0"
#21630000
b11111100111 !
b11111100111 '
b11111111111111110001001100000000 (
b11111100111111111011000000 )
b100000 *
b10000110101 %
b11000001 #
b11000001 &
1"
#21640000
0"
#21650000
b100010001000 !
b100010001000 '
b11111111111111100111110100110000 (
b100010001000111100110010110 )
b100000 *
b10000110110 %
b100111100111 #
b100111100111 &
1"
#21660000
0"
#21670000
b100100100001 !
b100100100001 '
b11111111111111111110000011100000 (
b100100100001110110111001001 )
b100000 *
b10000110111 %
b110011101110 #
b110011101110 &
1"
#21680000
0"
#21690000
b100110101010 !
b100110101010 '
b100010010100000 (
b100110101010111100001001101 )
b100000 *
b10000111000 %
b1111110111100000 #
b1111110111100000 &
1"
#21700000
0"
#21710000
b101000011110 !
b101000011110 '
b11111111111111111100101101010000 (
b101000011110001111100110111 )
b100000 *
b10000111001 %
b1111100000100010 #
b1111100000100010 &
1"
#21720000
0"
#21730000
b101001111010 !
b101001111010 '
b11111111111111101111001010010000 (
b101001111010011001111001000 )
b100000 *
b10000111010 %
b100110111111 #
b100110111111 &
1"
#21740000
0"
#21750000
b101011000001 !
b101011000001 '
b11010110001000000 (
b101011000001110010101001011 )
b100000 *
b10000111011 %
b100001001 #
b100001001 &
1"
#21760000
0"
#21770000
b101011100101 !
b101011100101 '
b1101110010000000 (
b101011100101011000010110001 )
b100000 *
b10000111100 %
b11001010110 #
b11001010110 &
1"
#21780000
0"
#21790000
b101011101101 !
b101011101101 '
b10011010100000 (
b101011101101000100110100100 )
b100000 *
b10000111101 %
b10001010000 #
b10001010000 &
1"
#21800000
0"
#21810000
b101011010101 !
b101011010101 '
b100010011101000000 (
b101011010101011011110011001 )
b100000 *
b10000111110 %
b1111011111111100 #
b1111011111111100 &
1"
#21820000
0"
#21830000
b101010011000 !
b101010011000 '
b10111111011100000 (
b101010011000010100000101100 )
b100000 *
b10000111111 %
b1111101011111001 #
b1111101011111001 &
1"
#21840000
0"
#21850000
b101000111111 !
b101000111111 '
b1010101100000 (
b101000111111000001100000000 )
b100000 *
b10001000000 %
b1111011111011110 #
b1111011111011110 &
1"
#21860000
0"
#21870000
b100111001010 !
b100111001010 '
b100000110111000000 (
b100111001010110001100110001 )
b100000 *
b10001000001 %
b1111110000000100 #
b1111110000000100 &
1"
#21880000
0"
#21890000
b100100111011 !
b100100111011 '
b11111111111111111110010000010000 (
b100100111011001111100001111 )
b100000 *
b10001000010 %
b110 #
b110 &
1"
#21900000
0"
#21910000
b100010011010 !
b100010011010 '
b1100000110000000 (
b100010011010011001011100010 )
b100000 *
b10001000011 %
b1111100101001101 #
b1111100101001101 &
1"
#21920000
0"
#21930000
b11111100100 !
b11111100100 '
b100001001100000000 (
b11111100100010100011110001 )
b100000 *
b10001000100 %
b1110110100111000 #
b1110110100111000 &
1"
#21940000
0"
#21950000
b11100011011 !
b11100011011 '
b100111101011100000 (
b11100011011001100001010110 )
b100000 *
b10001000101 %
b1111110101000000 #
b1111110101000000 &
1"
#21960000
0"
#21970000
b11001001011 !
b11001001011 '
b100100111101100000 (
b11001001011100000111110100 )
b100000 *
b10001000110 %
b1111010111100110 #
b1111010111100110 &
1"
#21980000
0"
#21990000
b10101110011 !
b10101110011 '
b1000101101010000 (
b10101110011000111011101001 )
b100000 *
b10001000111 %
b1111001001111110 #
b1111001001111110 &
1"
#22000000
0"
#22010000
b10010010111 !
b10010010111 '
b110101011110010000 (
b10010010111000001100110011 )
b100000 *
b10001001000 %
b1110100100001001 #
b1110100100001001 &
1"
#22020000
0"
#22030000
b1110110000 !
b1110110000 '
b111110110010100000 (
b1110110000000010000010011 )
b100000 *
b10001001001 %
b1111010010101100 #
b1111010010101100 &
1"
#22040000
0"
#22050000
b1011001001 !
b1011001001 '
b111111110110110000 (
b1011001001010001000110100 )
b100000 *
b10001001010 %
b1111001011111001 #
b1111001011111001 &
1"
#22060000
0"
#22070000
b111100000 !
b111100000 '
b100111101011100000 (
b111100000100010111101000 )
b100000 *
b10001001011 %
b1111001001101000 #
b1111001001101000 &
1"
#22080000
0"
#22090000
b11110111 !
b11110111 '
b101100111010000000 (
b11110111100101001000101 )
b100000 *
b10001001100 %
b1110101000011101 #
b1110101000011101 &
1"
#22100000
0"
#22110000
b1001 !
b1001 '
b100000001101000000 (
b1001011110110101100 )
b100000 *
b10001001101 %
b1110101011011010 #
b1110101011011010 &
1"
#22120000
0"
#22130000
b1111111100011010 !
b1111111100011010 '
b110000100010100000 (
b11111111100011010001011000000101 )
b100000 *
b10001001110 %
b1110100011011011 #
b1110100011011011 &
1"
#22140000
0"
#22150000
b1111111000100110 !
b1111111000100110 '
b101101011100100000 (
b11111111000100110000100110100111 )
b100000 *
b10001001111 %
b1111010110101000 #
b1111010110101000 &
1"
#22160000
0"
#22170000
b1111110100110011 !
b1111110100110011 '
b11010100110100000 (
b11111110100110011110111110100101 )
b100000 *
b10001010000 %
b1110011101000011 #
b1110011101000011 &
1"
#22180000
0"
#22190000
b1111110000111101 !
b1111110000111101 '
b110001011100010000 (
b11111110000111101111000001010111 )
b100000 *
b10001010001 %
b1110101001010110 #
b1110101001010110 &
1"
#22200000
0"
#22210000
b1111101101000100 !
b1111101101000100 '
b101101010010000000 (
b11111101101000100111011100011010 )
b100000 *
b10001010010 %
b1110011010101010 #
b1110011010101010 &
1"
#22220000
0"
#22230000
b1111101001001010 !
b1111101001001010 '
b100111001010100000 (
b11111101001001010001011001011000 )
b100000 *
b10001010011 %
b1110111111000011 #
b1110111111000011 &
1"
#22240000
0"
#22250000
b1111100101010001 !
b1111100101010001 '
b1110010111100000 (
b11111100101010001101000101011000 )
b100000 *
b10001010100 %
b1110101011101010 #
b1110101011101010 &
1"
#22260000
0"
#22270000
b1111100001011010 !
b1111100001011010 '
b10010000110000 (
b11111100001011010111110001101100 )
b100000 *
b10001010101 %
b1110101100111011 #
b1110101100111011 &
1"
#22280000
0"
#22290000
b1111011101101000 !
b1111011101101000 '
b11101101101010000 (
b11111011101101000011101010010101 )
b100000 *
b10001010110 %
b1110111110001011 #
b1110111110001011 &
1"
#22300000
0"
#22310000
b1111011001111000 !
b1111011001111000 '
b100110110010100000 (
b11111011001111000101001110101000 )
b100000 *
b10001010111 %
b1110111000010010 #
b1110111000010010 &
1"
#22320000
0"
#22330000
b1111010110001111 !
b1111010110001111 '
b11111111111111111001101000000000 (
b11111010110001111000100100101110 )
b100000 *
b10001011000 %
b1110111010000100 #
b1110111010000100 &
1"
#22340000
0"
#22350000
b1111010010110011 !
b1111010010110011 '
b11111111111111101000011001100000 (
b11111010010110011100101110000110 )
b100000 *
b10001011001 %
b1101111101110100 #
b1101111101110100 &
1"
#22360000
0"
#22370000
b1111001111100001 !
b1111001111100001 '
b11101001111010000 (
b11111001111100001101110101101100 )
b100000 *
b10001011010 %
b1110101101100000 #
b1110101101100000 &
1"
#22380000
0"
#22390000
b1111001100011011 !
b1111001100011011 '
b11000110110000 (
b11111001100011011000100001110011 )
b100000 *
b10001011011 %
b1110111100010011 #
b1110111100010011 &
1"
#22400000
0"
#22410000
b1111001001100111 !
b1111001001100111 '
b10011000000100000 (
b11111001001100111001111110101110 )
b100000 *
b10001011100 %
b1110101111001101 #
b1110101111001101 &
1"
#22420000
0"
#22430000
b1111000111000000 !
b1111000111000000 '
b1100111100000000 (
b11111000111000000110010100101001 )
b100000 *
b10001011101 %
b1110111010000001 #
b1110111010000001 &
1"
#22440000
0"
#22450000
b1111000100101100 !
b1111000100101100 '
b11111111111111100111111101000000 (
b11111000100101100101011110100111 )
b100000 *
b10001011110 %
b1111010010100000 #
b1111010010100000 &
1"
#22460000
0"
#22470000
b1111000010101110 !
b1111000010101110 '
b11111111111111110000111010110000 (
b11111000010101110111011100011011 )
b100000 *
b10001011111 %
b1111000000001001 #
b1111000000001001 &
1"
#22480000
0"
#22490000
b1111000001000001 !
b1111000001000001 '
b11111111111111100111100110100000 (
b11111000001000001000001101010111 )
b100000 *
b10001100000 %
b1110001111000110 #
b1110001111000110 &
1"
#22500000
0"
#22510000
b1110111111100010 !
b1110111111100010 '
b11111111111111110100000011000000 (
b11110111111100010011100011111101 )
b100000 *
b10001100001 %
b1110010100100111 #
b1110010100100111 &
1"
#22520000
0"
#22530000
b1110111110010100 !
b1110111110010100 '
b100100000 (
b11110111110010100100111111011011 )
b100000 *
b10001100010 %
b1110100010101000 #
b1110100010101000 &
1"
#22540000
0"
#22550000
b1110111101010110 !
b1110111101010110 '
b11111111111111101011111001110000 (
b11110111101010110110000001001001 )
b100000 *
b10001100011 %
b1110010111011111 #
b1110010111011111 &
1"
#22560000
0"
#22570000
b1110111100101000 !
b1110111100101000 '
b11111111111111000111101010000000 (
b11110111100101000011110001100011 )
b100000 *
b10001100100 %
b1110100010100010 #
b1110100010100010 &
1"
#22580000
0"
#22590000
b1110111100001001 !
b1110111100001001 '
b11111111111111110111110000000000 (
b11110111100001001000011010001011 )
b100000 *
b10001100101 %
b1110111100110100 #
b1110111100110100 &
1"
#22600000
0"
#22610000
b1110111011101110 !
b1110111011101110 '
b11111111111111100001101100100000 (
b11110111011101110111100110011001 )
b100000 *
b10001100110 %
b1110011000010011 #
b1110011000010011 &
1"
#22620000
0"
#22630000
b1110111011011010 !
b1110111011011010 '
b11111111111111010111011110100000 (
b11110111011011010101101010011010 )
b100000 *
b10001100111 %
b1110011100110110 #
b1110011100110110 &
1"
#22640000
0"
#22650000
b1110111011001010 !
b1110111011001010 '
b11111111111110111011000110110000 (
b11110111011001010010011110111100 )
b100000 *
b10001101000 %
b1110011101100011 #
b1110011101100011 &
1"
#22660000
0"
#22670000
b1110111010111100 !
b1110111010111100 '
b11111111111111011110000001000000 (
b11110111010111100011001001011011 )
b100000 *
b10001101001 %
b1110101111100010 #
b1110101111100010 &
1"
#22680000
0"
#22690000
b1110111010101001 !
b1110111010101001 '
b11111111111111011000111010110000 (
b11110111010101001110110111110010 )
b100000 *
b10001101010 %
b1110110110011110 #
b1110110110011110 &
1"
#22700000
0"
#22710000
b1110111010010101 !
b1110111010010101 '
b11111111111111010111001110000000 (
b11110111010010101010101101110111 )
b100000 *
b10001101011 %
b1110011101101101 #
b1110011101101101 &
1"
#22720000
0"
#22730000
b1110111001111010 !
b1110111001111010 '
b11111111111110111110010101110000 (
b11110111001111010010111111010111 )
b100000 *
b10001101100 %
b1110011001110010 #
b1110011001110010 &
1"
#22740000
0"
#22750000
b1110111001011011 !
b1110111001011011 '
b11111111111111000000100011100000 (
b11110111001011011011000001001110 )
b100000 *
b10001101101 %
b1110110010111010 #
b1110110010111010 &
1"
#22760000
0"
#22770000
b1110111000110111 !
b1110111000110111 '
b11111111111110111010100100010000 (
b11110111000110111101110011111100 )
b100000 *
b10001101110 %
b1110101110000111 #
b1110101110000111 &
1"
#22780000
0"
#22790000
b1110111000001111 !
b1110111000001111 '
b11111111111111100000111110000000 (
b11110111000001111001010110010101 )
b100000 *
b10001101111 %
b1110101000110100 #
b1110101000110100 &
1"
#22800000
0"
#22810000
b1110110111011110 !
b1110110111011110 '
b11111111111110110101110010010000 (
b11110110111011110101101101100000 )
b100000 *
b10001110000 %
b1111100001001101 #
b1111100001001101 &
1"
#22820000
0"
#22830000
b1110110110110100 !
b1110110110110100 '
b11111111111110111111000000100000 (
b11110110110110100110110101111010 )
b100000 *
b10001110001 %
b1110011110100000 #
b1110011110100000 &
1"
#22840000
0"
#22850000
b1110110110000111 !
b1110110110000111 '
b11111111111110110011111111100000 (
b11110110110000111011110011000100 )
b100000 *
b10001110010 %
b1110100100010110 #
b1110100100010110 &
1"
#22860000
0"
#22870000
b1110110101100000 !
b1110110101100000 '
b11111111111111001111010010010000 (
b11110110101100000001100001101001 )
b100000 *
b10001110011 %
b1110011011001011 #
b1110011011001011 &
1"
#22880000
0"
#22890000
b1110110100111100 !
b1110110100111100 '
b11111111111111000000101111100000 (
b11110110100111100011110001100100 )
b100000 *
b10001110100 %
b1110101001000001 #
b1110101001000001 &
1"
#22900000
0"
#22910000
b1110110100100100 !
b1110110100100100 '
b11111111111111000001101100010000 (
b11110110100100100000000001100010 )
b100000 *
b10001110101 %
b1110010001001010 #
b1110010001001010 &
1"
#22920000
0"
#22930000
b1110110100010011 !
b1110110100010011 '
b11111111111111001110101000010000 (
b11110110100010011001111100111010 )
b100000 *
b10001110110 %
b1110110000000100 #
b1110110000000100 &
1"
#22940000
0"
#22950000
b1110110100001100 !
b1110110100001100 '
b11111111111111001010001101100000 (
b11110110100001100011011011011001 )
b100000 *
b10001110111 %
b1111000000011001 #
b1111000000011001 &
1"
#22960000
0"
#22970000
b1110110100010000 !
b1110110100010000 '
b11111111111111001011100011000000 (
b11110110100010000011001000110100 )
b100000 *
b10001111000 %
b1110011100001101 #
b1110011100001101 &
1"
#22980000
0"
#22990000
b1110110100011010 !
b1110110100011010 '
b11111111111110011110010111000000 (
b11110110100011010001011110111100 )
b100000 *
b10001111001 %
b1110011000100100 #
b1110011000100100 &
1"
#23000000
0"
#23010000
b1110110100101110 !
b1110110100101110 '
b11111111111111000010001000000000 (
b11110110100101110010110101001101 )
b100000 *
b10001111010 %
b1110001101111100 #
b1110001101111100 &
1"
#23020000
0"
#23030000
b1110110101000001 !
b1110110101000001 '
b11111111111111001101001110010000 (
b11110110101000001110110111001101 )
b100000 *
b10001111011 %
b1110001111010011 #
b1110001111010011 &
1"
#23040000
0"
#23050000
b1110110101010101 !
b1110110101010101 '
b11111111111111000011011001110000 (
b11110110101010101101100000111011 )
b100000 *
b10001111100 %
b1101110101101000 #
b1101110101101000 &
1"
#23060000
0"
#23070000
b1110110101100110 !
b1110110101100110 '
b11111111111111001011100000110000 (
b11110110101100110111011000100100 )
b100000 *
b10001111101 %
b1110010110111011 #
b1110010110111011 &
1"
#23080000
0"
#23090000
b1110110101110011 !
b1110110101110011 '
b11111111111111011101111000000000 (
b11110110101110011101010010011100 )
b100000 *
b10001111110 %
b1110000101100000 #
b1110000101100000 &
1"
#23100000
0"
#23110000
b1110110101110100 !
b1110110101110100 '
b11111111111111010000000110110000 (
b11110110101110100000010111100000 )
b100000 *
b10001111111 %
b1110100110001000 #
b1110100110001000 &
1"
#23120000
0"
#23130000
b1110110101101011 !
b1110110101101011 '
b11111111111110101011010100100000 (
b11110110101101011100101111011010 )
b100000 *
b10010000000 %
b1110000100011101 #
b1110000100011101 &
1"
#23140000
0"
#23150000
b1110110101010101 !
b1110110101010101 '
b11111111111110101111011101010000 (
b11110110101010101110010001001011 )
b100000 *
b10010000001 %
b1101110111010000 #
b1101110111010000 &
1"
#23160000
0"
#23170000
b1110110100101101 !
b1110110100101101 '
b11111111111110111001111110000000 (
b11110110100101101111110111011000 )
b100000 *
b10010000010 %
b1110000111101001 #
b1110000111101001 &
1"
#23180000
0"
#23190000
b1110110011110110 !
b1110110011110110 '
b11111111111110110001100111010000 (
b11110110011110110100011000110100 )
b100000 *
b10010000011 %
b1100111011100000 #
b1100111011100000 &
1"
#23200000
0"
#23210000
b1110110010101011 !
b1110110010101011 '
b11111111111110111001111001100000 (
b11110110010101011011110100011101 )
b100000 *
b10010000100 %
b1101011011011110 #
b1101011011011110 &
1"
#23220000
0"
#23230000
b1110110001010001 !
b1110110001010001 '
b11111111111111001101100111000000 (
b11110110001010001111011100100110 )
b100000 *
b10010000101 %
b1100110011111011 #
b1100110011111011 &
1"
#23240000
0"
#23250000
b1110101111100011 !
b1110101111100011 '
b11111111111110110010001110010000 (
b11110101111100011110001110011101 )
b100000 *
b10010000110 %
b1100110001010010 #
b1100110001010010 &
1"
#23260000
0"
#23270000
b1110101101100111 !
b1110101101100111 '
b11111111111110110101101000100000 (
b11110101101100111011011111000100 )
b100000 *
b10010000111 %
b1100111000100111 #
b1100111000100111 &
1"
#23280000
0"
#23290000
b1110101011011000 !
b1110101011011000 '
b11111111111110110110001010010000 (
b11110101011011000100110100011101 )
b100000 *
b10010001000 %
b1100111010011100 #
b1100111010011100 &
1"
#23300000
0"
#23310000
b1110101000110101 !
b1110101000110101 '
b11111111111111000011101001100000 (
b11110101000110101111010001010000 )
b100000 *
b10010001001 %
b1100001011111010 #
b1100001011111010 &
1"
#23320000
0"
#23330000
b1110100101111001 !
b1110100101111001 '
b11111111111111001000110110100000 (
b11110100101111001111101101000111 )
b100000 *
b10010001010 %
b1100111101000100 #
b1100111101000100 &
1"
#23340000
0"
#23350000
b1110100010101010 !
b1110100010101010 '
b11111111111110110110010001110000 (
b11110100010101010010010001100001 )
b100000 *
b10010001011 %
b1101100100010010 #
b1101100100010010 &
1"
#23360000
0"
#23370000
b1110011111000111 !
b1110011111000111 '
b11111111111110110011010101100000 (
b11110011111000111001001100000100 )
b100000 *
b10010001100 %
b1101001001100111 #
b1101001001100111 &
1"
#23380000
0"
#23390000
b1110011011001010 !
b1110011011001010 '
b11111111111111000110001011100000 (
b11110011011001010100001111111110 )
b100000 *
b10010001101 %
b1101011011011111 #
b1101011011011111 &
1"
#23400000
0"
#23410000
b1110010110110110 !
b1110010110110110 '
b11111111111111000010100101010000 (
b11110010110110110101110011010001 )
b100000 *
b10010001110 %
b1110000100010000 #
b1110000100010000 &
1"
#23420000
0"
#23430000
b1110010010010001 !
b1110010010010001 '
b11111111111110111110100111000000 (
b11110010010010001110100100010010 )
b100000 *
b10010001111 %
b1110100110000010 #
b1110100110000010 &
1"
#23440000
0"
#23450000
b1110001101100000 !
b1110001101100000 '
b11111111111111101000111001110000 (
b11110001101100000010011110101111 )
b100000 *
b10010010000 %
b1110101101111010 #
b1110101101111010 &
1"
#23460000
0"
#23470000
b1110001000100011 !
b1110001000100011 '
b11111111111110110110111000000000 (
b11110001000100011011101001010100 )
b100000 *
b10010010001 %
b1110110001110111 #
b1110110001110111 &
1"
#23480000
0"
#23490000
b1110000011101110 !
b1110000011101110 '
b11111111111110111011010000100000 (
b11110000011101110001110111000011 )
b100000 *
b10010010010 %
b1111011001101000 #
b1111011001101000 &
1"
#23500000
0"
#23510000
b1101111111001001 !
b1101111111001001 '
b11111111111110110100011000010000 (
b11101111111001001010111111100001 )
b100000 *
b10010010011 %
b1111110000001100 #
b1111110000001100 &
1"
#23520000
0"
#23530000
b1101111011000011 !
b1101111011000011 '
b11111111111110111110110000110000 (
b11101111011000011011010111110010 )
b100000 *
b10010010100 %
b1111110111100011 #
b1111110111100011 &
1"
#23540000
0"
#23550000
b1101110111101010 !
b1101110111101010 '
b11111111111110101100110111100000 (
b11101110111101010001011001010010 )
b100000 *
b10010010101 %
b1111111110011001 #
b1111111110011001 &
1"
#23560000
0"
#23570000
b1101110101001111 !
b1101110101001111 '
b11111111111111000100000011000000 (
b11101110101001111010010111010111 )
b100000 *
b10010010110 %
b110010111100 #
b110010111100 &
1"
#23580000
0"
#23590000
b1101110100000000 !
b1101110100000000 '
b11111111111111010000010010110000 (
b11101110100000000101010100100110 )
b100000 *
b10010010111 %
b111111000100 #
b111111000100 &
1"
#23600000
0"
#23610000
b1101110100001010 !
b1101110100001010 '
b11111111111110110101001001110000 (
b11101110100001010000011001110101 )
b100000 *
b10010011000 %
b1001011111110 #
b1001011111110 &
1"
#23620000
0"
#23630000
b1101110101111001 !
b1101110101111001 '
b11111111111110110010011011000000 (
b11101110101111001011101100011110 )
b100000 *
b10010011001 %
b1011011001011 #
b1011011001011 &
1"
#23640000
0"
#23650000
b1101111001010011 !
b1101111001010011 '
b11111111111110101010011101000000 (
b11101111001010011101001100001001 )
b100000 *
b10010011010 %
b1110010100011 #
b1110010100011 &
1"
#23660000
0"
#23670000
b1101111110011110 !
b1101111110011110 '
b11111111111110101011011110010000 (
b11101111110011110011100110111001 )
b100000 *
b10010011011 %
b1111111101110 #
b1111111101110 &
1"
#23680000
0"
#23690000
b1110000101011000 !
b1110000101011000 '
b11111111111110011000001110000000 (
b11110000101011000000111111001111 )
b100000 *
b10010011100 %
b10010000111000 #
b10010000111000 &
1"
#23700000
0"
#23710000
b1110001101111111 !
b1110001101111111 '
b11111111111110110001001100010000 (
b11110001101111111000110001011110 )
b100000 *
b10010011101 %
b11010100110001 #
b11010100110001 &
1"
#23720000
0"
#23730000
b1110011000001100 !
b1110011000001100 '
b11111111111110100100001000000000 (
b11110011000001100001010100011010 )
b100000 *
b10010011110 %
b11001010100111 #
b11001010100111 &
1"
#23740000
0"
#23750000
b1110100011110101 !
b1110100011110101 '
b11111111111110111100100110000000 (
b11110100011110101010100110000001 )
b100000 *
b10010011111 %
b11000000110110 #
b11000000110110 &
1"
#23760000
0"
#23770000
b1110110000101011 !
b1110110000101011 '
b11111111111110100011010101110000 (
b11110110000101011001100101001101 )
b100000 *
b10010100000 %
b11101110111100 #
b11101110111100 &
1"
#23780000
0"
#23790000
b1110111110101001 !
b1110111110101001 '
b11111111111110011001011100000000 (
b11110111110101001101100001111001 )
b100000 *
b10010100001 %
b100100011010110 #
b100100011010110 &
1"
#23800000
0"
#23810000
b1111001101100011 !
b1111001101100011 '
b11111111111110100101101110110000 (
b11111001101100011000101011011001 )
b100000 *
b10010100010 %
b100010111010011 #
b100010111010011 &
1"
#23820000
0"
#23830000
b1111011101000101 !
b1111011101000101 '
b11111111111101101100101000000000 (
b11111011101000101111110101111111 )
b100000 *
b10010100011 %
b100101000001011 #
b100101000001011 &
1"
#23840000
0"
#23850000
b1111101101010000 !
b1111101101010000 '
b11111111111110000100100110100000 (
b11111101101010000001111110110100 )
b100000 *
b10010100100 %
b11010101010010 #
b11010101010010 &
1"
#23860000
0"
#23870000
b1111111101101001 !
b1111111101101001 '
b11111111111101100110111100010000 (
b11111111101101001111000001110111 )
b100000 *
b10010100101 %
b10110111010011 #
b10110111010011 &
1"
#23880000
0"
#23890000
b1110010010 !
b1110010010 '
b11111111111101100100111101100000 (
b1110010010111110101100011 )
b100000 *
b10010100110 %
b10010011000010 #
b10010011000010 &
1"
#23900000
0"
#23910000
b11110111110 !
b11110111110 '
b11111111111101101010011101010000 (
b11110111110011111110011111 )
b100000 *
b10010100111 %
b10100001011111 #
b10100001011111 &
1"
#23920000
0"
#23930000
b101111100100 !
b101111100100 '
b11111111111101101011110101000000 (
b101111100100000001111000000 )
b100000 *
b10010101000 %
b1011111001111 #
b1011111001111 &
1"
#23940000
0"
#23950000
b111111110010 !
b111111110010 '
b11111111111101001000111011100000 (
b111111110010101111001010000 )
b100000 *
b10010101001 %
b1010101001000 #
b1010101001000 &
1"
#23960000
0"
#23970000
b1001111100011 !
b1001111100011 '
b11111111111101101101110011000000 (
b1001111100011011111110110100 )
b100000 *
b10010101010 %
b1100010011 #
b1100010011 &
1"
#23980000
0"
#23990000
b1011110011010 !
b1011110011010 '
b11111111111110001011001101100000 (
b1011110011010101100100010101 )
b100000 *
b10010101011 %
b11110011 #
b11110011 &
1"
#24000000
0"
#24010000
b1101100001011 !
b1101100001011 '
b11111111111101110111001101010000 (
b1101100001011001001110101000 )
b100000 *
b10010101100 %
b1111111110011111 #
b1111111110011111 &
1"
#24020000
0"
#24030000
b1111000100101 !
b1111000100101 '
b11111111111110000100100111010000 (
b1111000100101001110001011111 )
b100000 *
b10010101101 %
b1110111000001111 #
b1110111000001111 &
1"
#24040000
0"
#24050000
b10000011001011 !
b10000011001011 '
b11111111111110100011001100000000 (
b10000011001011100011011000111 )
b100000 *
b10010101110 %
b1110110100111100 #
b1110110100111100 &
1"
#24060000
0"
#24070000
b10001011101010 !
b10001011101010 '
b11111111111110111100100001100000 (
b10001011101010111011010011111 )
b100000 *
b10010101111 %
b1110100000100111 #
b1110100000100111 &
1"
#24080000
0"
#24090000
b10010001101111 !
b10010001101111 '
b11111111111111000010011011100000 (
b10010001101111100100000101111 )
b100000 *
b10010110000 %
b1110011011010001 #
b1110011011010001 &
1"
#24100000
0"
#24110000
b10010101001011 !
b10010101001011 '
b11111111111111000101011001010000 (
b10010101001011011101110101010 )
b100000 *
b10010110001 %
b1101100101110111 #
b1101100101110111 &
1"
#24120000
0"
#24130000
b10010101101110 !
b10010101101110 '
b11111111111111100011001110000000 (
b10010101101110001010000000001 )
b100000 *
b10010110010 %
b1101001110011001 #
b1101001110011001 &
1"
#24140000
0"
#24150000
b10010011001110 !
b10010011001110 '
b11111111111111110100001001000000 (
b10010011001110010001000010100 )
b100000 *
b10010110011 %
b1100010110000011 #
b1100010110000011 &
1"
#24160000
0"
#24170000
b10001101101001 !
b10001101101001 '
b11111111111111111001101010010000 (
b10001101101001000011000010100 )
b100000 *
b10010110100 %
b1011110011101111 #
b1011110011101111 &
1"
#24180000
0"
#24190000
b10000101000011 !
b10000101000011 '
b11111111111111111110110010110000 (
b10000101000011111111101100001 )
b100000 *
b10010110101 %
b1011100011000010 #
b1011100011000010 &
1"
#24200000
0"
#24210000
b1111001101001 !
b1111001101001 '
b100110001101000000 (
b1111001101001110111100010000 )
b100000 *
b10010110110 %
b1010110001110111 #
b1010110001110111 &
1"
#24220000
0"
#24230000
b1101011100010 !
b1101011100010 '
b101111010011000000 (
b1101011100010111100000001011 )
b100000 *
b10010110111 %
b1010111101011011 #
b1010111101011011 &
1"
#24240000
0"
#24250000
b1011011000111 !
b1011011000111 '
b111000111110100000 (
b1011011000111100101101110011 )
b100000 *
b10010111000 %
b1010011000100111 #
b1010011000100111 &
1"
#24260000
0"
#24270000
b1001000100111 !
b1001000100111 '
b1000100011000010000 (
b1001000100111011001100010101 )
b100000 *
b10010111001 %
b1001111110101110 #
b1001111110101110 &
1"
#24280000
0"
#24290000
b110100011000 !
b110100011000 '
b1010101111010010000 (
b110100011000100000011001101 )
b100000 *
b10010111010 %
b1001100111000111 #
b1001100111000111 &
1"
#24300000
0"
#24310000
b11110101111 !
b11110101111 '
b1011111110010100000 (
b11110101111101101011111110 )
b100000 *
b10010111011 %
b1000101101011000 #
b1000101101011000 &
1"
#24320000
0"
#24330000
b1000000000 !
b1000000000 '
b1101100101010000000 (
b1000000000100000101010100 )
b100000 *
b10010111100 %
b1001000000110100 #
b1001000000110100 &
1"
#24340000
0"
#24350000
b1111110000100001 !
b1111110000100001 '
b10011111100100110000 (
b11111110000100001011110111010001 )
b100000 *
b10010111101 %
b1001110100011011 #
b1001110100011011 &
1"
#24360000
0"
#24370000
b1111011000100001 !
b1111011000100001 '
b10010111111101010000 (
b11111011000100001011011111110011 )
b100000 *
b10010111110 %
b1010011110010011 #
b1010011110010011 &
1"
#24380000
0"
#24390000
b1111000000010101 !
b1111000000010101 '
b10010000101000100000 (
b11111000000010101000101111101011 )
b100000 *
b10010111111 %
b1010110101010101 #
b1010110101010101 &
1"
#24400000
0"
#24410000
b1110101000001000 !
b1110101000001000 '
b10110011001101000000 (
b11110101000001000110110100111111 )
b100000 *
b10011000000 %
b1011010100001010 #
b1011010100001010 &
1"
#24420000
0"
#24430000
b1110010000000111 !
b1110010000000111 '
b11011010100000100000 (
b11110010000000111100101100011110 )
b100000 *
b10011000001 %
b1011111100101011 #
b1011111100101011 &
1"
#24440000
0"
#24450000
b1101111000100001 !
b1101111000100001 '
b11010001011110010000 (
b11101111000100001001010010110101 )
b100000 *
b10011000010 %
b1100000000111011 #
b1100000000111011 &
1"
#24460000
0"
#24470000
b1101100001101001 !
b1101100001101001 '
b11011110001000010000 (
b11101100001101001000100011110101 )
b100000 *
b10011000011 %
b1100110000100100 #
b1100110000100100 &
1"
#24480000
0"
#24490000
b1101001011110010 !
b1101001011110010 '
b10011111111101100000 (
b11101001011110010011001101111010 )
b100000 *
b10011000100 %
b1100110100101101 #
b1100110100101101 &
1"
#24500000
0"
#24510000
b1100110111010110 !
b1100110111010110 '
b10001001011110010000 (
b11100110111010110101000011001010 )
b100000 *
b10011000101 %
b1101100010001010 #
b1101100010001010 &
1"
#24520000
0"
#24530000
b1100100100101010 !
b1100100100101010 '
b1101110010001100000 (
b11100100100101010111000101001101 )
b100000 *
b10011000110 %
b1101010010010011 #
b1101010010010011 &
1"
#24540000
0"
#24550000
b1100010100000011 !
b1100010100000011 '
b1111001000111010000 (
b11100010100000011001111000011011 )
b100000 *
b10011000111 %
b1110101011101010 #
b1110101011101010 &
1"
#24560000
0"
#24570000
b1100000101111010 !
b1100000101111010 '
b1000111011011010000 (
b11100000101111010000100101010010 )
b100000 *
b10011001000 %
b1101101000001110 #
b1101101000001110 &
1"
#24580000
0"
#24590000
b1011111010011111 !
b1011111010011111 '
b111111110110000000 (
b11011111010011111100000010101011 )
b100000 *
b10011001001 %
b1110010001010001 #
b1110010001010001 &
1"
#24600000
0"
#24610000
b1011110010000110 !
b1011110010000110 '
b1001001110010000 (
b11011110010000110111010011101111 )
b100000 *
b10011001010 %
b1110000110011100 #
b1110000110011100 &
1"
#24620000
0"
#24630000
b1011101100111100 !
b1011101100111100 '
b10110110010000 (
b11011101100111100111111000101101 )
b100000 *
b10011001011 %
b1101110110010010 #
b1101110110010010 &
1"
#24640000
0"
#24650000
b1011101011000001 !
b1011101011000001 '
b11111111111111111110110111010000 (
b11011101011000001011101101110001 )
b100000 *
b10011001100 %
b1110010101011000 #
b1110010101011000 &
1"
#24660000
0"
#24670000
b1011101100010101 !
b1011101100010101 '
b11111111111111001010001011010000 (
b11011101100010101011101100110111 )
b100000 *
b10011001101 %
b1110010101110011 #
b1110010101110011 &
1"
#24680000
0"
#24690000
b1011110000110000 !
b1011110000110000 '
b11111111111111000111101101000000 (
b11011110000110000111100100110010 )
b100000 *
b10011001110 %
b1110101100011000 #
b1110101100011000 &
1"
#24700000
0"
#24710000
b1011110111111101 !
b1011110111111101 '
b11111111111110111000011101010000 (
b11011110111111101101110111100111 )
b100000 *
b10011001111 %
b1110010010110001 #
b1110010010110001 &
1"
#24720000
0"
#24730000
b1100000001100010 !
b1100000001100010 '
b11111111111110110100011100110000 (
b11100000001100010001010111001110 )
b100000 *
b10011010000 %
b1110011100010010 #
b1110011100010010 &
1"
#24740000
0"
#24750000
b1100001101000010 !
b1100001101000010 '
b11111111111110001100011001010000 (
b11100001101000010011101000111101 )
b100000 *
b10011010001 %
b1110010101111010 #
b1110010101111010 &
1"
#24760000
0"
#24770000
b1100011010000001 !
b1100011010000001 '
b11111111111101111010110010110000 (
b11100011010000001000011101001010 )
b100000 *
b10011010010 %
b1110101111011110 #
b1110101111011110 &
1"
#24780000
0"
#24790000
b1100100111111100 !
b1100100111111100 '
b11111111111101010000100010010000 (
b11100100111111100010100101001010 )
b100000 *
b10011010011 %
b1110101001000011 #
b1110101001000011 &
1"
#24800000
0"
#24810000
b1100110110010100 !
b1100110110010100 '
b11111111111100110110110011010000 (
b11100110110010100111110100000110 )
b100000 *
b10011010100 %
b1110010010100111 #
b1110010010100111 &
1"
#24820000
0"
#24830000
b1101000100101010 !
b1101000100101010 '
b11111111111100101010010001100000 (
b11101000100101010010100001011001 )
b100000 *
b10011010101 %
b1110010101011011 #
b1110010101011011 &
1"
#24840000
0"
#24850000
b1101010010100011 !
b1101010010100011 '
b11111111111100000101011001010000 (
b11101010010100011010101011100011 )
b100000 *
b10011010110 %
b1110110111110011 #
b1110110111110011 &
1"
#24860000
0"
#24870000
b1101011111101111 !
b1101011111101111 '
b11111111111100001110000100010000 (
b11101011111101111001010001100111 )
b100000 *
b10011010111 %
b1110001110111100 #
b1110001110111100 &
1"
#24880000
0"
#24890000
b1101101011110101 !
b1101101011110101 '
b11111111111011110010011101010000 (
b11101101011110101001100110100000 )
b100000 *
b10011011000 %
b1110100101111010 #
b1110100101111010 &
1"
#24900000
0"
#24910000
b1101110110110001 !
b1101110110110001 '
b11111111111011011111000010100000 (
b11101110110110001111010010000010 )
b100000 *
b10011011001 %
b1110000010110101 #
b1110000010110101 &
1"
#24920000
0"
#24930000
b1110000000011100 !
b1110000000011100 '
b11111111111011001101010101010000 (
b11110000000011100001001000101001 )
b100000 *
b10011011010 %
b1110000101101101 #
b1110000101101101 &
1"
#24940000
0"
#24950000
b1110001000110100 !
b1110001000110100 '
b11111111111010100010000010000000 (
b11110001000110100111101111110100 )
b100000 *
b10011011011 %
b1110100111011101 #
b1110100111011101 &
1"
#24960000
0"
#24970000
b1110010000000011 !
b1110010000000011 '
b11111111111010110000100111000000 (
b11110010000000011111100111110001 )
b100000 *
b10011011100 %
b1110100011100011 #
b1110100011100011 &
1"
#24980000
0"
#24990000
b1110010110000110 !
b1110010110000110 '
b11111111111011010111010100010000 (
b11110010110000110111111111011100 )
b100000 *
b10011011101 %
b1110101100011011 #
b1110101100011011 &
1"
#25000000
0"
#25010000
b1110011011000100 !
b1110011011000100 '
b11111111111011110110101110010000 (
b11110011011000100100001000000100 )
b100000 *
b10011011110 %
b1110001010010010 #
b1110001010010010 &
1"
#25020000
0"
#25030000
b1110011111000010 !
b1110011111000010 '
b11111111111100000111111111110000 (
b11110011111000010110101000010111 )
b100000 *
b10011011111 %
b1110101100100101 #
b1110101100100101 &
1"
#25040000
0"
#25050000
b1110100010001111 !
b1110100010001111 '
b11111111111100011111000111100000 (
b11110100010001111011000010011101 )
b100000 *
b10011100000 %
b1110011011101111 #
b1110011011101111 &
1"
#25060000
0"
#25070000
b1110100100101110 !
b1110100100101110 '
b11111111111100111101100000010000 (
b11110100100101110001011101100111 )
b100000 *
b10011100001 %
b1110010111101111 #
b1110010111101111 &
1"
#25080000
0"
#25090000
b1110100110100110 !
b1110100110100110 '
b11111111111101000000101100010000 (
b11110100110100110100000010101111 )
b100000 *
b10011100010 %
b1110111011110010 #
b1110111011110010 &
1"
#25100000
0"
#25110000
b1110101000000100 !
b1110101000000100 '
b11111111111101100100011011000000 (
b11110101000000100000101000011001 )
b100000 *
b10011100011 %
b1110110111000111 #
b1110110111000111 &
1"
#25120000
0"
#25130000
b1110101001000111 !
b1110101001000111 '
b11111111111101100111100001110000 (
b11110101001000111000010001010010 )
b100000 *
b10011100100 %
b1101101100000101 #
b1101101100000101 &
1"
#25140000
0"
#25150000
b1110101001110011 !
b1110101001110011 '
b11111111111110001001100111100000 (
b11110101001110011110000010110011 )
b100000 *
b10011100101 %
b1110100001111101 #
b1110100001111101 &
1"
#25160000
0"
#25170000
b1110101010010100 !
b1110101010010100 '
b11111111111101111101101110010000 (
b11110101010010100001011011000101 )
b100000 *
b10011100110 %
b1110001001101110 #
b1110001001101110 &
1"
#25180000
0"
#25190000
b1110101010101011 !
b1110101010101011 '
b11111111111111000000101111100000 (
b11110101010101011011000000110010 )
b100000 *
b10011100111 %
b1110010101011111 #
b1110010101011111 &
1"
#25200000
0"
#25210000
b1110101010110110 !
b1110101010110110 '
b11111111111110001110001010100000 (
b11110101010110110010101001000111 )
b100000 *
b10011101000 %
b1110001111001000 #
b1110001111001000 &
1"
#25220000
0"
#25230000
b1110101011000001 !
b1110101011000001 '
b11111111111110101100111100110000 (
b11110101011000001111011100001111 )
b100000 *
b10011101001 %
b1110111101110111 #
b1110111101110111 &
1"
#25240000
0"
#25250000
b1110101011001010 !
b1110101011001010 '
b11111111111110100100110101000000 (
b11110101011001010001011000100000 )
b100000 *
b10011101010 %
b1110110110011111 #
b1110110110011111 &
1"
#25260000
0"
#25270000
b1110101011010001 !
b1110101011010001 '
b11111111111110011000101101100000 (
b11110101011010001110000011011101 )
b100000 *
b10011101011 %
b1110101000111100 #
b1110101000111100 &
1"
#25280000
0"
#25290000
b1110101011011001 !
b1110101011011001 '
b11111111111110110000000010000000 (
b11110101011011001101001010101011 )
b100000 *
b10011101100 %
b1110101100011101 #
b1110101100011101 &
1"
#25300000
0"
#25310000
b1110101011011111 !
b1110101011011111 '
b11111111111110110000010110010000 (
b11110101011011111111000110000101 )
b100000 *
b10011101101 %
b1110100111111011 #
b1110100111111011 &
1"
#25320000
0"
#25330000
b1110101011100111 !
b1110101011100111 '
b11111111111111000001010010000000 (
b11110101011100111001001011011111 )
b100000 *
b10011101110 %
b1110101101000010 #
b1110101101000010 &
1"
#25340000
0"
#25350000
b1110101011101110 !
b1110101011101110 '
b11111111111110101110000100110000 (
b11110101011101110110100001011011 )
b100000 *
b10011101111 %
b1110100100101010 #
b1110100100101010 &
1"
#25360000
0"
#25370000
b1110101011111010 !
b1110101011111010 '
b11111111111110110101001101100000 (
b11110101011111010011101101010000 )
b100000 *
b10011110000 %
b1110011100010110 #
b1110011100010110 &
1"
#25380000
0"
#25390000
b1110101100000111 !
b1110101100000111 '
b11111111111110110000011011100000 (
b11110101100000111001010110100100 )
b100000 *
b10011110001 %
b1110101010111000 #
b1110101010111000 &
1"
#25400000
0"
#25410000
b1110101100011000 !
b1110101100011000 '
b11111111111111000011100110100000 (
b11110101100011000011000111011100 )
b100000 *
b10011110010 %
b1110011010101000 #
b1110011010101000 &
1"
#25420000
0"
#25430000
b1110101100101010 !
b1110101100101010 '
b11111111111110111110110010010000 (
b11110101100101010001011011011000 )
b100000 *
b10011110011 %
b1110011001011000 #
b1110011001011000 &
1"
#25440000
0"
#25450000
b1110101100111111 !
b1110101100111111 '
b11111111111110101101111101010000 (
b11110101100111111100111001000011 )
b100000 *
b10011110100 %
b1110011100011010 #
b1110011100011010 &
1"
#25460000
0"
#25470000
b1110101101011001 !
b1110101101011001 '
b11111111111110110000000100010000 (
b11110101101011001101110111100010 )
b100000 *
b10011110101 %
b1110100000101000 #
b1110100000101000 &
1"
#25480000
0"
#25490000
b1110101101110111 !
b1110101101110111 '
b11111111111111001001110110010000 (
b11110101101110111011011001010001 )
b100000 *
b10011110110 %
b1110100011000101 #
b1110100011000101 &
1"
#25500000
0"
#25510000
b1110101110010101 !
b1110101110010101 '
b11111111111110101011001101000000 (
b11110101110010101001001011010101 )
b100000 *
b10011110111 %
b1111010111001111 #
b1111010111001111 &
1"
#25520000
0"
#25530000
b1110101110111011 !
b1110101110111011 '
b11111111111110111100011011100000 (
b11110101110111011001100110110101 )
b100000 *
b10011111000 %
b1110001010110101 #
b1110001010110101 &
1"
#25540000
0"
#25550000
b1110101111011011 !
b1110101111011011 '
b11111111111110100010000111110000 (
b11110101111011011001110001011000 )
b100000 *
b10011111001 %
b1110001110011011 #
b1110001110011011 &
1"
#25560000
0"
#25570000
b1110101111111101 !
b1110101111111101 '
b11111111111110100100010001110000 (
b11110101111111101101101110000111 )
b100000 *
b10011111010 %
b1110101001111001 #
b1110101001111001 &
1"
#25580000
0"
#25590000
b1110110000011111 !
b1110110000011111 '
b11111111111110111101100101110000 (
b11110110000011111000000000001001 )
b100000 *
b10011111011 %
b1110100100010011 #
b1110100100010011 &
1"
#25600000
0"
#25610000
b1110110000111010 !
b1110110000111010 '
b11111111111110111010101010010000 (
b11110110000111010000001111011110 )
b100000 *
b10011111100 %
b1110010110111000 #
b1110010110111000 &
1"
#25620000
0"
#25630000
b1110110001010000 !
b1110110001010000 '
b11111111111111000001010100010000 (
b11110110001010000001001000111011 )
b100000 *
b10011111101 %
b1110101101000000 #
b1110101101000000 &
1"
#25640000
0"
#25650000
b1110110001100001 !
b1110110001100001 '
b11111111111110100111101101100000 (
b11110110001100001011100001001010 )
b100000 *
b10011111110 %
b1110110110001110 #
b1110110110001110 &
1"
#25660000
0"
#25670000
b1110110001101111 !
b1110110001101111 '
b11111111111111000001011011110000 (
b11110110001101111100011010000011 )
b100000 *
b10011111111 %
b1110001111101010 #
b1110001111101010 &
1"
#25680000
0"
#25690000
b1110110001110010 !
b1110110001110010 '
b11111111111110110100110011010000 (
b11110110001110010101010010000100 )
b100000 *
b10100000000 %
b1110011111011011 #
b1110011111011011 &
1"
#25700000
0"
#25710000
b11111111111110110001110011010000 (
b11110110001110010101011100100100 )
b100000 *
b10100000001 %
b1110001101111000 #
b1110001101111000 &
1"
#25720000
0"
#25730000
b1110110001101100 !
b1110110001101100 '
b11111111111111001100110101100000 (
b11110110001101100111111111000110 )
b100000 *
b10100000010 %
b1110101010011101 #
b1110101010011101 &
1"
#25740000
0"
#25750000
b1110110001100010 !
b1110110001100010 '
b11111111111111001001010101010000 (
b11110110001100010011111101010001 )
b100000 *
b10100000011 %
b1110101100100101 #
b1110101100100101 &
1"
#25760000
0"
#25770000
b1110110001010110 !
b1110110001010110 '
b11111111111110010001000011110000 (
b11110110001010110000010110001111 )
b100000 *
b10100000100 %
b1110110111101100 #
b1110110111101100 &
1"
#25780000
0"
#25790000
b1110110001001101 !
b1110110001001101 '
b11111111111110111001011101110000 (
b11110110001001101111110000000010 )
b100000 *
b10100000101 %
b1110010011111101 #
b1110010011111101 &
1"
#25800000
0"
#25810000
b1110110000111111 !
b1110110000111111 '
b11111111111110100111010010100000 (
b11110110000111111000011000010001 )
b100000 *
b10100000110 %
b1110110000110001 #
b1110110000110001 &
1"
#25820000
0"
#25830000
b1110110000110100 !
b1110110000110100 '
b11111111111110110000000111010000 (
b11110110000110100111111010111111 )
b100000 *
b10100000111 %
b1110101000001111 #
b1110101000001111 &
1"
#25840000
0"
#25850000
b1110110000101011 !
b1110110000101011 '
b11111111111110101011010110000000 (
b11110110000101011011001011001011 )
b100000 *
b10100001000 %
b1111001000001010 #
b1111001000001010 &
1"
#25860000
0"
#25870000
b1110110000100110 !
b1110110000100110 '
b11111111111111001110011001010000 (
b11110110000100110100011111110001 )
b100000 *
b10100001001 %
b1110110010011011 #
b1110110010011011 &
1"
#25880000
0"
#25890000
b1110110000100001 !
b1110110000100001 '
b11111111111111001000110111010000 (
b11110110000100001000101111000010 )
b100000 *
b10100001010 %
b1110100001101000 #
b1110100001101000 &
1"
#25900000
0"
#25910000
b1110110000100000 !
b1110110000100000 '
b11111111111110111110101101000000 (
b11110110000100000000101001101001 )
b100000 *
b10100001011 %
b1110101000011011 #
b1110101000011011 &
1"
#25920000
0"
#25930000
b1110110000100101 !
b1110110000100101 '
b11111111111111000001010101110000 (
b11110110000100101000011110001001 )
b100000 *
b10100001100 %
b1110100010100111 #
b1110100010100111 &
1"
#25940000
0"
#25950000
b1110110000101110 !
b1110110000101110 '
b11111111111110111101111100010000 (
b11110110000101110001011101101111 )
b100000 *
b10100001101 %
b1111001011100011 #
b1111001011100011 &
1"
#25960000
0"
#25970000
b1110110000111111 !
b1110110000111111 '
b11111111111111000001110001100000 (
b11110110000111111101000100000000 )
b100000 *
b10100001110 %
b1110100100000111 #
b1110100100000111 &
1"
#25980000
0"
#25990000
b1110110001010011 !
b1110110001010011 '
b11111111111110111011011111100000 (
b11110110001010011101000000000101 )
b100000 *
b10100001111 %
b1110001110001010 #
b1110001110001010 &
1"
#26000000
0"
#26010000
b1110110001101100 !
b1110110001101100 '
b11111111111110110101010000100000 (
b11110110001101100001010010101101 )
b100000 *
b10100010000 %
b1110101011011011 #
b1110101011011011 &
1"
#26020000
0"
#26030000
b1110110010001100 !
b1110110010001100 '
b11111111111111000000001010000000 (
b11110110010001100100110110100111 )
b100000 *
b10100010001 %
b1111000111011100 #
b1111000111011100 &
1"
#26040000
0"
#26050000
b1110110010110010 !
b1110110010110010 '
b11111111111110110011111110000000 (
b11110110010110010100001011010100 )
b100000 *
b10100010010 %
b1110111110000110 #
b1110111110000110 &
1"
#26060000
0"
#26070000
b1110110011011101 !
b1110110011011101 '
b11111111111110110011000010000000 (
b11110110011011101010000000000010 )
b100000 *
b10100010011 %
b1110110100010111 #
b1110110100010111 &
1"
#26080000
0"
#26090000
b1110110100001010 !
b1110110100001010 '
b11111111111110110101010011100000 (
b11110110100001010010000010100101 )
b100000 *
b10100010100 %
b1111010110000011 #
b1111010110000011 &
1"
#26100000
0"
#26110000
b1110110100111011 !
b1110110100111011 '
b11111111111110111000011110000000 (
b11110110100111011010010010110001 )
b100000 *
b10100010101 %
b1110100101111100 #
b1110100101111100 &
1"
#26120000
0"
#26130000
b1110110101101010 !
b1110110101101010 '
b11111111111110111010010011110000 (
b11110110101101010001011101011011 )
b100000 *
b10100010110 %
b1110110111110000 #
b1110110111110000 &
1"
#26140000
0"
#26150000
b1110110110011011 !
b1110110110011011 '
b11111111111111100001011011010000 (
b11110110110011011000101110000100 )
b100000 *
b10100010111 %
b1110100001000110 #
b1110100001000110 &
1"
#26160000
0"
#26170000
b1110110111000110 !
b1110110111000110 '
b11111111111110101000000111110000 (
b11110110111000110101100110000101 )
b100000 *
b10100011000 %
b1110100011010011 #
b1110100011010011 &
1"
#26180000
0"
#26190000
b1110110111110111 !
b1110110111110111 '
b11111111111110101010110100010000 (
b11110110111110111001001100101001 )
b100000 *
b10100011001 %
b1110101100110111 #
b1110101100110111 &
1"
#26200000
0"
#26210000
b1110111000100101 !
b1110111000100101 '
b11111111111110111111011010110000 (
b11110111000100101001111010011011 )
b100000 *
b10100011010 %
b1111000001101010 #
b1111000001101010 &
1"
#26220000
0"
#26230000
b1110111001010000 !
b1110111001010000 '
b11111111111110111011001110010000 (
b11110111001010000100101011001010 )
b100000 *
b10100011011 %
b1111011110111100 #
b1111011110111100 &
1"
#26240000
0"
#26250000
b1110111001111100 !
b1110111001111100 '
b11111111111110110001001010000000 (
b11110111001111100101010010011010 )
b100000 *
b10100011100 %
b1111000101101111 #
b1111000101101111 &
1"
#26260000
0"
#26270000
b1110111010100110 !
b1110111010100110 '
b11111111111111000001110000000000 (
b11110111010100110110101111001000 )
b100000 *
b10100011101 %
b1110011111111011 #
b1110011111111011 &
1"
#26280000
0"
#26290000
b1110111011001100 !
b1110111011001100 '
b11111111111111001000101010100000 (
b11110111011001100000011110000101 )
b100000 *
b10100011110 %
b1110110010001001 #
b1110110010001001 &
1"
#26300000
0"
#26310000
b1110111011110000 !
b1110111011110000 '
b11111111111110101011101111100000 (
b11110111011110000110110101000001 )
b100000 *
b10100011111 %
b1110101011011110 #
b1110101011011110 &
1"
#26320000
0"
#26330000
b1110111100010111 !
b1110111100010111 '
b11111111111110110111100100010000 (
b11110111100010111011101100000010 )
b100000 *
b10100100000 %
b1110110001010100 #
b1110110001010100 &
1"
#26340000
0"
#26350000
b1110111100111100 !
b1110111100111100 '
b11111111111110101010011010000000 (
b11110111100111100111010000001110 )
b100000 *
b10100100001 %
b1111001111111110 #
b1111001111111110 &
1"
#26360000
0"
#26370000
b1110111101100100 !
b1110111101100100 '
b11111111111110111111110101110000 (
b11110111101100100111001010100110 )
b100000 *
b10100100010 %
b1111000000000001 #
b1111000000000001 &
1"
#26380000
0"
#26390000
b1110111110001000 !
b1110111110001000 '
b11111111111111000001011011110000 (
b11110111110001000101001001110110 )
b100000 *
b10100100011 %
b1111001110110101 #
b1111001110110101 &
1"
#26400000
0"
#26410000
b1110111110101100 !
b1110111110101100 '
b11111111111111001001110001000000 (
b11110111110101100010110101000100 )
b100000 *
b10100100100 %
b1111001001001000 #
b1111001001001000 &
1"
#26420000
0"
#26430000
b1110111111001110 !
b1110111111001110 '
b11111111111110101110111101110000 (
b11110111111001110001100001000101 )
b100000 *
b10100100101 %
b1110101110110001 #
b1110101110110001 &
1"
#26440000
0"
#26450000
b1110111111101111 !
b1110111111101111 '
b11111111111111000100100100110000 (
b11110111111101111110001110000111 )
b100000 *
b10100100110 %
b1111010100010100 #
b1111010100010100 &
1"
#26460000
0"
#26470000
b1111000000010001 !
b1111000000010001 '
b11111111111110111110001011010000 (
b11111000000010001011001111100100 )
b100000 *
b10100100111 %
b1110100111110110 #
b1110100111110110 &
1"
#26480000
0"
#26490000
b1111000000110001 !
b1111000000110001 '
b11111111111111010110000111100000 (
b11111000000110001000110010010101 )
b100000 *
b10100101000 %
b1111010110000111 #
b1111010110000111 &
1"
#26500000
0"
#26510000
b1111000001010010 !
b1111000001010010 '
b11111111111111000101110100010000 (
b11111000001010010011000000101010 )
b100000 *
b10100101001 %
b1111010100010000 #
b1111010100010000 &
1"
#26520000
0"
#26530000
b1111000001110110 !
b1111000001110110 '
b11111111111110111001001110000000 (
b11111000001110110101011110011111 )
b100000 *
b10100101010 %
b1111100000110000 #
b1111100000110000 &
1"
#26540000
0"
#26550000
b1111000010011111 !
b1111000010011111 '
b11111111111110111110010100010000 (
b11111000010011111000001010110000 )
b100000 *
b10100101011 %
b1110101111011000 #
b1110101111011000 &
1"
#26560000
0"
#26570000
b1111000011000110 !
b1111000011000110 '
b11111111111110111001111101010000 (
b11111000011000110001000001110100 )
b100000 *
b10100101100 %
b1111001010100010 #
b1111001010100010 &
1"
#26580000
0"
#26590000
b1111000011110010 !
b1111000011110010 '
b11111111111111011000101010010000 (
b11111000011110010010011111100010 )
b100000 *
b10100101101 %
b1111010001010011 #
b1111010001010011 &
1"
#26600000
0"
#26610000
b1111000100011111 !
b1111000100011111 '
b11111111111110111011000101010000 (
b11111000100011111110100101011001 )
b100000 *
b10100101110 %
b1111010101001111 #
b1111010101001111 &
1"
#26620000
0"
#26630000
b1111000101010101 !
b1111000101010101 '
b11111111111110101010100111100000 (
b11111000101010101011111011110110 )
b100000 *
b10100101111 %
b1111100111010111 #
b1111100111010111 &
1"
#26640000
0"
#26650000
b1111000110010010 !
b1111000110010010 '
b11111111111111000000100100010000 (
b11111000110010010010100111001010 )
b100000 *
b10100110000 %
b1111100110000000 #
b1111100110000000 &
1"
#26660000
0"
#26670000
b1111000111010001 !
b1111000111010001 '
b11111111111111010101100101000000 (
b11111000111010001111101110011101 )
b100000 *
b10100110001 %
b1111100111010000 #
b1111100111010000 &
1"
#26680000
0"
#26690000
b1111001000010101 !
b1111001000010101 '
b11111111111111001110100100100000 (
b11111001000010101001001000100001 )
b100000 *
b10100110010 %
b1111011111110011 #
b1111011111110011 &
1"
#26700000
0"
#26710000
b1111001001011101 !
b1111001001011101 '
b11111111111111000111010001010000 (
b11111001001011101101101110100010 )
b100000 *
b10100110011 %
b101101 #
b101101 &
1"
#26720000
0"
#26730000
b1111001010101110 !
b1111001010101110 '
b11111111111111100000100010010000 (
b11111001010101110001010010010110 )
b100000 *
b10100110100 %
b1111011001111110 #
b1111011001111110 &
1"
#26740000
0"
#26750000
b1111001011111111 !
b1111001011111111 '
b11111111111110111100011101000000 (
b11111001011111111000100101010101 )
b100000 *
b10100110101 %
b1111100100111100 #
b1111100100111100 &
1"
#26760000
0"
#26770000
b1111001101011010 !
b1111001101011010 '
b11111111111111001001110100000000 (
b11111001101011010000110101001011 )
b100000 *
b10100110110 %
b1111011001010011 #
b1111011001010011 &
1"
#26780000
0"
#26790000
b1111001110111001 !
b1111001110111001 '
b11111111111110111000110100100000 (
b11111001110111001010100011101001 )
b100000 *
b10100110111 %
b1111100110000110 #
b1111100110000110 &
1"
#26800000
0"
#26810000
b1111010000100001 !
b1111010000100001 '
b11111111111110111010011110010000 (
b11111010000100001010001110100110 )
b100000 *
b10100111000 %
b1111111000011100 #
b1111111000011100 &
1"
#26820000
0"
#26830000
b1111010010010001 !
b1111010010010001 '
b11111111111111000001101001010000 (
b11111010010010001000101010000100 )
b100000 *
b10100111001 %
b1111010010101101 #
b1111010010101101 &
1"
#26840000
0"
#26850000
b1111010100000011 !
b1111010100000011 '
b11111111111111010001001111100000 (
b11111010100000011101100001011011 )
b100000 *
b10100111010 %
b1111110001111111 #
b1111110001111111 &
1"
#26860000
0"
#26870000
b1111010101111011 !
b1111010101111011 '
b11111111111111100111001101000000 (
b11111010101111011111000000110111 )
b100000 *
b10100111011 %
b1111100001010001 #
b1111100001010001 &
1"
#26880000
0"
#26890000
b1111010111110100 !
b1111010111110100 '
b11111111111111010100010011010000 (
b11111010111110100011110001100000 )
b100000 *
b10100111100 %
b10101101 #
b10101101 &
1"
#26900000
0"
#26910000
b1111011001110011 !
b1111011001110011 '
b11111111111110110111111100010000 (
b11111011001110011100001101110001 )
b100000 *
b10100111101 %
b1111001100100011 #
b1111001100100011 &
1"
#26920000
0"
#26930000
b1111011011110001 !
b1111011011110001 '
b11111111111111000101100110110000 (
b11111011011110001011111100101000 )
b100000 *
b10100111110 %
b1111001111000000 #
b1111001111000000 &
1"
#26940000
0"
#26950000
b1111011101101011 !
b1111011101101011 '
b11111111111111000000100110100000 (
b11111011101101011101001000010000 )
b100000 *
b10100111111 %
b11010100010 #
b11010100010 &
1"
#26960000
0"
#26970000
b1111011111100110 !
b1111011111100110 '
b11111111111111000100111111000000 (
b11111011111100110101101011011000 )
b100000 *
b10101000000 %
b1111111000011101 #
b1111111000011101 &
1"
#26980000
0"
#26990000
b1111100001011001 !
b1111100001011001 '
b11111111111111011011111110100000 (
b11111100001011001000000100010101 )
b100000 *
b10101000001 %
b1111010101011101 #
b1111010101011101 &
1"
#27000000
0"
#27010000
b1111100010111111 !
b1111100010111111 '
b11111111111111010000000000110000 (
b11111100010111111010001111010100 )
b100000 *
b10101000010 %
b1111011101011110 #
b1111011101011110 &
1"
#27020000
0"
#27030000
b1111100100011110 !
b1111100100011110 '
b11111111111111011011000111110000 (
b11111100100011110011001110110101 )
b100000 *
b10101000011 %
b11101 #
b11101 &
1"
#27040000
0"
#27050000
b1111100101110100 !
b1111100101110100 '
b11111111111111010110110110000000 (
b11111100101110100101111111001010 )
b100000 *
b10101000100 %
b1010110010 #
b1010110010 &
1"
#27060000
0"
#27070000
b1111100111000001 !
b1111100111000001 '
b11111111111111000011000100110000 (
b11111100111000001111111011111100 )
b100000 *
b10101000101 %
b1101101001 #
b1101101001 &
1"
#27080000
0"
#27090000
b1111101000001000 !
b1111101000001000 '
b11111111111111011111001111000000 (
b11111101000001000010001111110001 )
b100000 *
b10101000110 %
b11110110100 #
b11110110100 &
1"
#27100000
0"
#27110000
b1111101001000101 !
b1111101001000101 '
b11111111111110111101111000100000 (
b11111101001000101110001100111000 )
b100000 *
b10101000111 %
b1101111101 #
b1101111101 &
1"
#27120000
0"
#27130000
b1111101010000001 !
b1111101010000001 '
b11111111111111100000100101010000 (
b11111101010000001011000001111101 )
b100000 *
b10101001000 %
b11011001 #
b11011001 &
1"
#27140000
0"
#27150000
b1111101010110111 !
b1111101010110111 '
b11111111111111011111001100000000 (
b11111101010110111101001010111111 )
b100000 *
b10101001001 %
b11000000111 #
b11000000111 &
1"
#27160000
0"
#27170000
b1111101011110001 !
b1111101011110001 '
b11111111111111101000100100000000 (
b11111101011110001100000011001111 )
b100000 *
b10101001010 %
b101010100100 #
b101010100100 &
1"
#27180000
0"
#27190000
b1111101100110001 !
b1111101100110001 '
b11111111111111000011100010000000 (
b11111101100110001011000100011111 )
b100000 *
b10101001011 %
b1111111110101110 #
b1111111110101110 &
1"
#27200000
0"
#27210000
b1111101101111010 !
b1111101101111010 '
b11111111111111010111111001100000 (
b11111101101111010011011110001101 )
b100000 *
b10101001100 %
b1111110111000000 #
b1111110111000000 &
1"
#27220000
0"
#27230000
b1111101111001011 !
b1111101111001011 '
b11111111111111011100111110010000 (
b11111101111001011110101110001011 )
b100000 *
b10101001101 %
b1110111101 #
b1110111101 &
1"
#27240000
0"
#27250000
b1111110000101010 !
b1111110000101010 '
b11111111111111011111111011010000 (
b11111110000101010110001110000110 )
b100000 *
b10101001110 %
b1111101101000100 #
b1111101101000100 &
1"
#27260000
0"
#27270000
b1111110010010100 !
b1111110010010100 '
b11111111111111101101100001010000 (
b11111110010010100110000111000110 )
b100000 *
b10101001111 %
b1111010110110110 #
b1111010110110110 &
1"
#27280000
0"
#27290000
b1111110100001000 !
b1111110100001000 '
b11111111111111101100100000000000 (
b11111110100001000000110010000111 )
b100000 *
b10101010000 %
b1111110000110010 #
b1111110000110010 &
1"
#27300000
0"
#27310000
b1111110110000101 !
b1111110110000101 '
b11111111111111101101011100000000 (
b11111110110000101010100000010110 )
b100000 *
b10101010001 %
b1111110101110000 #
b1111110101110000 &
1"
#27320000
0"
#27330000
b1111111000000111 !
b1111111000000111 '
b11111111111111100111110110010000 (
b11111111000000111000100001001111 )
b100000 *
b10101010010 %
b1111110001011110 #
b1111110001011110 &
1"
#27340000
0"
#27350000
b1111111010001001 !
b1111111010001001 '
b100001110000 (
b11111111010001001000010010101000 )
b100000 *
b10101010011 %
b1111010101010110 #
b1111010101010110 &
1"
#27360000
0"
#27370000
b1111111100000000 !
b1111111100000000 '
b11111111111111100011011110100000 (
b11111111100000000111111010100101 )
b100000 *
b10101010100 %
b1111011101110010 #
b1111011101110010 &
1"
#27380000
0"
#27390000
b1111111101110000 !
b1111111101110000 '
b11111111111111101011101101000000 (
b11111111101110000000000101110000 )
b100000 *
b10101010101 %
b1111011001110110 #
b1111011001110110 &
1"
#27400000
0"
#27410000
b1111111111001011 !
b1111111111001011 '
b11111111111111100010111110010000 (
b11111111111001011010010001111110 )
b100000 *
b10101010110 %
b1111111001000101 #
b1111111001000101 &
1"
#27420000
0"
#27430000
b10001 !
b10001 '
b11111111111111101100100100100000 (
b10001110011001110101 )
b100000 *
b10101010111 %
b1111100000100110 #
b1111100000100110 &
1"
#27440000
0"
#27450000
b111001 !
b111001 '
b11111111111111111010010101000000 (
b111001111000101100111 )
b100000 *
b10101011000 %
b1111101110010101 #
b1111101110010101 &
1"
#27460000
0"
#27470000
b1000011 !
b1000011 '
b11111111111111011110000001110000 (
b1000011101100110111010 )
b100000 *
b10101011001 %
b1111101011000011 #
b1111101011000011 &
1"
#27480000
0"
#27490000
b110001 !
b110001 '
b11111111111111110101011111010000 (
b110001100000100010001 )
b100000 *
b10101011010 %
b1111011000100111 #
b1111011000100111 &
1"
#27500000
0"
#27510000
b1111111111111101 !
b1111111111111101 '
b11111111111111101000111100110000 (
b11111111111111101101000101001010 )
b100000 *
b10101011011 %
b1110110001110000 #
b1110110001110000 &
1"
#27520000
0"
#27530000
b1111111110101100 !
b1111111110101100 '
b10000001110000 (
b11111111110101100011111001100111 )
b100000 *
b10101011100 %
b1111011111100000 #
b1111011111100000 &
1"
#27540000
0"
#27550000
b1111111101000011 !
b1111111101000011 '
b11111111111111011001011010010000 (
b11111111101000011110111101100110 )
b100000 *
b10101011101 %
b1111100100001111 #
b1111100100001111 &
1"
#27560000
0"
#27570000
b1111111011001100 !
b1111111011001100 '
b11111111111111011011010000000000 (
b11111111011001100001011100111000 )
b100000 *
b10101011110 %
b1111000100001011 #
b1111000100001011 &
1"
#27580000
0"
#27590000
b1111111001000011 !
b1111111001000011 '
b10011111001100000 (
b11111111001000011010111100010100 )
b100000 *
b10101011111 %
b1111010001000000 #
b1111010001000000 &
1"
#27600000
0"
#27610000
b1111110110101101 !
b1111110110101101 '
b11111111111111111010010101110000 (
b11111110110101101001001001110100 )
b100000 *
b10101100000 %
b1111000110000100 #
b1111000110000100 &
1"
#27620000
0"
#27630000
b1111110100010101 !
b1111110100010101 '
b11111111111111100000000101110000 (
b11111110100010101010110001101000 )
b100000 *
b10101100001 %
b1111101111101101 #
b1111101111101101 &
1"
#27640000
0"
#27650000
b1111110010000010 !
b1111110010000010 '
b11111111111111100110000110100000 (
b11111110010000010011001110000100 )
b100000 *
b10101100010 %
b1111001010000000 #
b1111001010000000 &
1"
#27660000
0"
#27670000
b1111101111101111 !
b1111101111101111 '
b10101110000 (
b11111101111101111100100000011000 )
b100000 *
b10101100011 %
b1111001100100100 #
b1111001100100100 &
1"
#27680000
0"
#27690000
b1111101101100000 !
b1111101101100000 '
b1000000101100000 (
b11111101101100000100100000110100 )
b100000 *
b10101100100 %
b1110110000101100 #
b1110110000101100 &
1"
#27700000
0"
#27710000
b1111101011010111 !
b1111101011010111 '
b1010001110110000 (
b11111101011010111010000010010110 )
b100000 *
b10101100101 %
b1110110100110110 #
b1110110100110110 &
1"
#27720000
0"
#27730000
b1111101001010101 !
b1111101001010101 '
b10111000111000000 (
b11111101001010101111101111110101 )
b100000 *
b10101100110 %
b1110100101111000 #
b1110100101111000 &
1"
#27740000
0"
#27750000
b1111100111011001 !
b1111100111011001 '
b1010011101110000 (
b11111100111011001010011001011100 )
b100000 *
b10101100111 %
b1111001110010101 #
b1111001110010101 &
1"
#27760000
0"
#27770000
b1111100101100101 !
b1111100101100101 '
b10100010110000 (
b11111100101100101000010110001010 )
b100000 *
b10101101000 %
b1111001001100111 #
b1111001001100111 &
1"
#27780000
0"
#27790000
b1111100011110011 !
b1111100011110011 '
b10010000101010000 (
b11111100011110011111101001000011 )
b100000 *
b10101101001 %
b1110101001111110 #
b1110101001111110 &
1"
#27800000
0"
#27810000
b1111100010000000 !
b1111100010000000 '
b11111111011000000 (
b11111100010000000001011101101111 )
b100000 *
b10101101010 %
b1111110011110100 #
b1111110011110100 &
1"
#27820000
0"
#27830000
b1111100000001111 !
b1111100000001111 '
b11111111111111111111000010100000 (
b11111100000001111101011000001111 )
b100000 *
b10101101011 %
b1111001010110001 #
b1111001010110001 &
1"
#27840000
0"
#27850000
b1111011110011111 !
b1111011110011111 '
b11111111111111111001010000000000 (
b11111011110011111000010101000001 )
b100000 *
b10101101100 %
b1110111111100001 #
b1110111111100001 &
1"
#27860000
0"
#27870000
b1111011100101101 !
b1111011100101101 '
b1011001101110000 (
b11111011100101101101100111111010 )
b100000 *
b10101101101 %
b1111011101101101 #
b1111011101101101 &
1"
#27880000
0"
#27890000
b1111011010111100 !
b1111011010111100 '
b11111111111111110001110011000000 (
b11111011010111100011111010101000 )
b100000 *
b10101101110 %
b1110000011011101 #
b1110000011011101 &
1"
#27900000
0"
#27910000
b1111011001001001 !
b1111011001001001 '
b11111111111111100001001000100000 (
b11111011001001001000011011010000 )
b100000 *
b10101101111 %
b1110110011001000 #
b1110110011001000 &
1"
#27920000
0"
#27930000
b1111010111011100 !
b1111010111011100 '
b11111111111111110100100101100000 (
b11111010111011100101010011001010 )
b100000 *
b10101110000 %
b1110110011110000 #
b1110110011110000 &
1"
#27940000
0"
#27950000
b1111010101110001 !
b1111010101110001 '
b11111111111111111000010100000000 (
b11111010101110001111100101100011 )
b100000 *
b10101110001 %
b1110110111100111 #
b1110110111100111 &
1"
#27960000
0"
#27970000
b1111010100001011 !
b1111010100001011 '
b11111111111111110101000110100000 (
b11111010100001011111111000111010 )
b100000 *
b10101110010 %
b1110011101100001 #
b1110011101100001 &
1"
#27980000
0"
#27990000
b1111010010101001 !
b1111010010101001 '
b11111111111111100000000000100000 (
b11111010010101001011010001010101 )
b100000 *
b10101110011 %
b1110111100111000 #
b1110111100111000 &
1"
#28000000
0"
#28010000
b1111010001010000 !
b1111010001010000 '
b11111111111111100110010101100000 (
b11111010001010000000001111101111 )
b100000 *
b10101110100 %
b1110000011111001 #
b1110000011111001 &
1"
#28020000
0"
#28030000
b1111001111110110 !
b1111001111110110 '
b11111111111111100011011000100000 (
b11111001111110110110101111110110 )
b100000 *
b10101110101 %
b1110110010110000 #
b1110110010110000 &
1"
#28040000
0"
#28050000
b1111001110100101 !
b1111001110100101 '
b11111111111111111010110011110000 (
b11111001110100101001000101111111 )
b100000 *
b10101110110 %
b1110111000110011 #
b1110111000110011 &
1"
#28060000
0"
#28070000
b1111001101010100 !
b1111001101010100 '
b11111111111111101000011100100000 (
b11111001101010100010010011111001 )
b100000 *
b10101110111 %
b1110101110001111 #
b1110101110001111 &
1"
#28080000
0"
#28090000
b1111001100000101 !
b1111001100000101 '
b11111111111111110010101111110000 (
b11111001100000101110110101011100 )
b100000 *
b10101111000 %
b1110110101110011 #
b1110110101110011 &
1"
#28100000
0"
#28110000
b1111001010110101 !
b1111001010110101 '
b11111111111111110000010010010000 (
b11111001010110101100101011001111 )
b100000 *
b10101111001 %
b1110011101111101 #
b1110011101111101 &
1"
#28120000
0"
#28130000
b1111001001100001 !
b1111001001100001 '
b11111111111111100010011101010000 (
b11111001001100001100110011111011 )
b100000 *
b10101111010 %
b1110111000000111 #
b1110111000000111 &
1"
#28140000
0"
#28150000
b1111001000001101 !
b1111001000001101 '
b11111111111111000101010100000000 (
b11111001000001101010110000001101 )
b100000 *
b10101111011 %
b1110100100011100 #
b1110100100011100 &
1"
#28160000
0"
#28170000
b1111000110110110 !
b1111000110110110 '
b11111111111111100111101000000000 (
b11111000110110110000011101010101 )
b100000 *
b10101111100 %
b1110001001011010 #
b1110001001011010 &
1"
#28180000
0"
#28190000
b1111000101010101 !
b1111000101010101 '
b11111111111111101011001011010000 (
b11111000101010101101011001110011 )
b100000 *
b10101111101 %
b1110100100010010 #
b1110100100010010 &
1"
#28200000
0"
#28210000
b1111000011110100 !
b1111000011110100 '
b11111111111111010011001000010000 (
b11111000011110100000001000110001 )
b100000 *
b10101111110 %
b1110011101001101 #
b1110011101001101 &
1"
#28220000
0"
#28230000
b1111000010010001 !
b1111000010010001 '
b11111111111111011100110000000000 (
b11111000010010001101111101100111 )
b100000 *
b10101111111 %
b1110010100001011 #
b1110010100001011 &
1"
#28240000
0"
#28250000
b1111000000101101 !
b1111000000101101 '
b11111111111111010100100011000000 (
b11111000000101101100100110011011 )
b100000 *
b10110000000 %
b1110110011000101 #
b1110110011000101 &
1"
#28260000
0"
#28270000
b1110111111001100 !
b1110111111001100 '
b11111111111111110011110001110000 (
b11110111111001100100100101010111 )
b100000 *
b10110000001 %
b1110101001001010 #
b1110101001001010 &
1"
#28280000
0"
#28290000
b1110111101101001 !
b1110111101101001 '
b11111111111111010111100000000000 (
b11110111101101001101111000001100 )
b100000 *
b10110000010 %
b1110100010101101 #
b1110100010101101 &
1"
#28300000
0"
#28310000
b1110111100001100 !
b1110111100001100 '
b11111111111111011001011011000000 (
b11110111100001100010101101111100 )
b100000 *
b10110000011 %
b1110011100010011 #
b1110011100010011 &
1"
#28320000
0"
#28330000
b1110111010110010 !
b1110111010110010 '
b11111111111111000100100001000000 (
b11110111010110010101001000101010 )
b100000 *
b10110000100 %
b1111001001011100 #
b1111001001011100 &
1"
#28340000
0"
#28350000
b1110111001100011 !
b1110111001100011 '
b11111111111111000111101000100000 (
b11110111001100011000101100000100 )
b100000 *
b10110000101 %
b1110111110101110 #
b1110111110101110 &
1"
#28360000
0"
#28370000
b1110111000011001 !
b1110111000011001 '
b11111111111110111100011010000000 (
b11110111000011001110010101001011 )
b100000 *
b10110000110 %
b1110100010011010 #
b1110100010011010 &
1"
#28380000
0"
#28390000
b1110110111010111 !
b1110110111010111 '
b11111111111111011010101111110000 (
b11110110111010111110001110100101 )
b100000 *
b10110000111 %
b1110100111101001 #
b1110100111101001 &
1"
#28400000
0"
#28410000
b1110110110011011 !
b1110110110011011 '
b11111111111111010111001101010000 (
b11110110110011011111011000001111 )
b100000 *
b10110001000 %
b1111000100011100 #
b1111000100011100 &
1"
#28420000
0"
#28430000
b1110110101101011 !
b1110110101101011 '
b11111111111110111111011110100000 (
b11110110101101011111001000010110 )
b100000 *
b10110001001 %
b1111001001110010 #
b1111001001110010 &
1"
#28440000
0"
#28450000
b1110110101001000 !
b1110110101001000 '
b11111111111111110110110111000000 (
b11110110101001000011110011000110 )
b100000 *
b10110001010 %
b1110111011001110 #
b1110111011001110 &
1"
#28460000
0"
#28470000
b1110110100101001 !
b1110110100101001 '
b11111111111111011000000100110000 (
b11110110100101001101001011100110 )
b100000 *
b10110001011 %
b1110011101100100 #
b1110011101100100 &
1"
#28480000
0"
#28490000
b1110110100010111 !
b1110110100010111 '
b11111111111111001111101000110000 (
b11110110100010111010110001101101 )
b100000 *
b10110001100 %
b1110010111111001 #
b1110010111111001 &
1"
#28500000
0"
#28510000
b1110110100010000 !
b1110110100010000 '
b11111111111111100110010001110000 (
b11110110100010000101100010010010 )
b100000 *
b10110001101 %
b1110110010110100 #
b1110110010110100 &
1"
#28520000
0"
#28530000
b1110110100010101 !
b1110110100010101 '
b11111111111110100010100101110000 (
b11110110100010101010101000100010 )
b100000 *
b10110001110 %
b1110010001010101 #
b1110010001010101 &
1"
#28540000
0"
#28550000
b1110110100101001 !
b1110110100101001 '
b11111111111111000110010110000000 (
b11110110100101001001010010100100 )
b100000 *
b10110001111 %
b1110001100101011 #
b1110001100101011 &
1"
#28560000
0"
#28570000
b1110110101000010 !
b1110110101000010 '
b11111111111111000110110100000000 (
b11110110101000010011001010011100 )
b100000 *
b10110010000 %
b1110011010111011 #
b1110011010111011 &
1"
#28580000
0"
#28590000
b1110110101100100 !
b1110110101100100 '
b11111111111111001001101101010000 (
b11110110101100100011010101111111 )
b100000 *
b10110010001 %
b1110110101010111 #
b1110110101010111 &
1"
#28600000
0"
#28610000
b1110110110001100 !
b1110110110001100 '
b11111111111110110110001000110000 (
b11110110110001100011010011011110 )
b100000 *
b10110010010 %
b1110100100101000 #
b1110100100101000 &
1"
#28620000
0"
#28630000
b1110110110110110 !
b1110110110110110 '
b11111111111111001101101010000000 (
b11110110110110110011110011111100 )
b100000 *
b10110010011 %
b1110100101111110 #
b1110100101111110 &
1"
#28640000
0"
#28650000
b1110110111011100 !
b1110110111011100 '
b11111111111110100010111010110000 (
b11110110111011100000110001001000 )
b100000 *
b10110010100 %
b1110110111100101 #
b1110110111100101 &
1"
#28660000
0"
#28670000
b1110111000000001 !
b1110111000000001 '
b11111111111111000110000100000000 (
b11110111000000001100011111010011 )
b100000 *
b10110010101 %
b1110100100111101 #
b1110100100111101 &
1"
#28680000
0"
#28690000
b1110111000011001 !
b1110111000011001 '
b11111111111111001010100110010000 (
b11110111000011001010001001111010 )
b100000 *
b10110010110 %
b1110001000011011 #
b1110001000011011 &
1"
#28700000
0"
#28710000
b1110111000100011 !
b1110111000100011 '
b11111111111111000010101011010000 (
b11110111000100011111101100110100 )
b100000 *
b10110010111 %
b1110110000100100 #
b1110110000100100 &
1"
#28720000
0"
#28730000
b1110111000100101 !
b1110111000100101 '
b11111111111111001000010110010000 (
b11110111000100101110001111100000 )
b100000 *
b10110011000 %
b1110101000101011 #
b1110101000101011 &
1"
#28740000
0"
#28750000
b1110111000011001 !
b1110111000011001 '
b11111111111110110110011101110000 (
b11110111000011001100001100000011 )
b100000 *
b10110011001 %
b1110011100101100 #
b1110011100101100 &
1"
#28760000
0"
#28770000
b1110111000000001 !
b1110111000000001 '
b11111111111111001010000101010000 (
b11110111000000001011000011101010 )
b100000 *
b10110011010 %
b1110010101101001 #
b1110010101101001 &
1"
#28780000
0"
#28790000
b1110110111011011 !
b1110110111011011 '
b11111111111110111011010101000000 (
b11110110111011011010111001000111 )
b100000 *
b10110011011 %
b1110010010100010 #
b1110010010100010 &
1"
#28800000
0"
#28810000
b1110110110101101 !
b1110110110101101 '
b11111111111110100111000011100000 (
b11110110110101101100111101101001 )
b100000 *
b10110011100 %
b1110011100110010 #
b1110011100110010 &
1"
#28820000
0"
#28830000
b1110110101111100 !
b1110110101111100 '
b11111111111110111011001101100000 (
b11110110101111100010011111000110 )
b100000 *
b10110011101 %
b1110001100011110 #
b1110001100011110 &
1"
#28840000
0"
#28850000
b1110110101000100 !
b1110110101000100 '
b11111111111110110101111001110000 (
b11110110101000100101101100101010 )
b100000 *
b10110011110 %
b1110010001111110 #
b1110010001111110 &
1"
#28860000
0"
#28870000
b1110110100001100 !
b1110110100001100 '
b11111111111110101111001000010000 (
b11110110100001100111110111100101 )
b100000 *
b10110011111 %
b1101111101100111 #
b1101111101100111 &
1"
#28880000
0"
#28890000
b1110110011010101 !
b1110110011010101 '
b11111111111111000110010011110000 (
b11110110011010101011010100110100 )
b100000 *
b10110100000 %
b1110010001000001 #
b1110010001000001 &
1"
#28900000
0"
#28910000
b1110110010011110 !
b1110110010011110 '
b11111111111110111110110111100000 (
b11110110010011110100100010110101 )
b100000 *
b10110100001 %
b1110001101000010 #
b1110001101000010 &
1"
#28920000
0"
#28930000
b1110110001101001 !
b1110110001101001 '
b11111111111110111010000001110000 (
b11110110001101001110101011101010 )
b100000 *
b10110100010 %
b1110100110101001 #
b1110100110101001 &
1"
#28940000
0"
#28950000
b1110110000110111 !
b1110110000110111 '
b11111111111110110101001110010000 (
b11110110000110111100110100110010 )
b100000 *
b10110100011 %
b1110111000001101 #
b1110111000001101 &
1"
#28960000
0"
#28970000
b1110110000000110 !
b1110110000000110 '
b11111111111111010111000101000000 (
b11110110000000110110011000000111 )
b100000 *
b10110100100 %
b1110101111001101 #
b1110101111001101 &
1"
#28980000
0"
#28990000
b1110101111010001 !
b1110101111010001 '
b11111111111111001111000010100000 (
b11110101111010001100111001111101 )
b100000 *
b10110100101 %
b1110101111000010 #
b1110101111000010 &
1"
#29000000
0"
#29010000
b1110101110011100 !
b1110101110011100 '
b11111111111110111001110011100000 (
b11110101110011100100110101010111 )
b100000 *
b10110100110 %
b1110100111000010 #
b1110100111000010 &
1"
#29020000
0"
#29030000
b1110101101101000 !
b1110101101101000 '
b11111111111110111101101110110000 (
b11110101101101000110100010111110 )
b100000 *
b10110100111 %
b1110100011111110 #
b1110100011111110 &
1"
#29040000
0"
#29050000
b1110101100110101 !
b1110101100110101 '
b11111111111111010011010101000000 (
b11110101100110101011011010101110 )
b100000 *
b10110101000 %
b1110100111101110 #
b1110100111101110 &
1"
#29060000
0"
#29070000
b1110101100000010 !
b1110101100000010 '
b11111111111111010111010101100000 (
b11110101100000010100010100010011 )
b100000 *
b10110101001 %
b1110001001000000 #
b1110001001000000 &
1"
#29080000
0"
#29090000
b1110101011010001 !
b1110101011010001 '
b11111111111111001100011010100000 (
b11110101011010001110100010110101 )
b100000 *
b10110101010 %
b1110101000100111 #
b1110101000100111 &
1"
#29100000
0"
#29110000
b1110101010101010 !
b1110101010101010 '
b11111111111110110110001011000000 (
b11110101010101010110000011100000 )
b100000 *
b10110101011 %
b1101111110100110 #
b1101111110100110 &
1"
#29120000
0"
#29130000
b1110101010001011 !
b1110101010001011 '
b11111111111110110001111010110000 (
b11110101010001011011110100010000 )
b100000 *
b10110101100 %
b1110100011011001 #
b1110100011011001 &
1"
#29140000
0"
#29150000
b1110101001111000 !
b1110101001111000 '
b11111111111111000110000111000000 (
b11110101001111000110011100010100 )
b100000 *
b10110101101 %
b1110000101010001 #
b1110000101010001 &
1"
#29160000
0"
#29170000
b1110101001101101 !
b1110101001101101 '
b11111111111110101100111111110000 (
b11110101001101101001001011000011 )
b100000 *
b10110101110 %
b1110000010000010 #
b1110000010000010 &
1"
#29180000
0"
#29190000
b1110101001101110 !
b1110101001101110 '
b11111111111110101001100000010000 (
b11110101001101110110010000000111 )
b100000 *
b10110101111 %
b1110001100001101 #
b1110001100001101 &
1"
#29200000
0"
#29210000
b1110101001111010 !
b1110101001111010 '
b11111111111110110100001100010000 (
b11110101001111010100011100000100 )
b100000 *
b10110110000 %
b1101111010011010 #
b1101111010011010 &
1"
#29220000
0"
#29230000
b1110101010001011 !
b1110101010001011 '
b11111111111111001000000001010000 (
b11110101010001011001011110011101 )
b100000 *
b10110110001 %
b1110010101000000 #
b1110010101000000 &
1"
#29240000
0"
#29250000
b1110101010011110 !
b1110101010011110 '
b11111111111110111011011110000000 (
b11110101010011110111101000010110 )
b100000 *
b10110110010 %
b1110101011000000 #
b1110101011000000 &
1"
#29260000
0"
#29270000
b1110101010110100 !
b1110101010110100 '
b11111111111110111100011110100000 (
b11110101010110100100101110011000 )
b100000 *
b10110110011 %
b1110001110110000 #
b1110001110110000 &
1"
#29280000
0"
#29290000
b1110101011000010 !
b1110101011000010 '
b11111111111111001001101011110000 (
b11110101011000010101011000011000 )
b100000 *
b10110110100 %
b1110011101100110 #
b1110011101100110 &
1"
#29300000
0"
#29310000
b1110101011000111 !
b1110101011000111 '
b11111111111110111011101101110000 (
b11110101011000111001011011101010 )
b100000 *
b10110110101 %
b1110010110010111 #
b1110010110010111 &
1"
#29320000
0"
#29330000
b1110101011000000 !
b1110101011000000 '
b11111111111110100110010100010000 (
b11110101011000000110100000000101 )
b100000 *
b10110110110 %
b1110101011011100 #
b1110101011011100 &
1"
#29340000
0"
#29350000
b1110101010110000 !
b1110101010110000 '
b11111111111111000100011011000000 (
b11110101010110000101110100000110 )
b100000 *
b10110110111 %
b1110001110111111 #
b1110001110111111 &
1"
#29360000
0"
#29370000
b1110101010001111 !
b1110101010001111 '
b11111111111110111110100000010000 (
b11110101010001111000111111100001 )
b100000 *
b10110111000 %
b1110010111110100 #
b1110010111110100 &
1"
#29380000
0"
#29390000
b1110101001100011 !
b1110101001100011 '
b11111111111110110101100001000000 (
b11110101001100011111011011000111 )
b100000 *
b10110111001 %
b1111000011111011 #
b1111000011111011 &
1"
#29400000
0"
#29410000
b1110101000110100 !
b1110101000110100 '
b11111111111110110000001110110000 (
b11110101000110100001001010100110 )
b100000 *
b10110111010 %
b1110101000011101 #
b1110101000011101 &
1"
#29420000
0"
#29430000
b1110100111111111 !
b1110100111111111 '
b11111111111110101101111001100000 (
b11110100111111111010101101110100 )
b100000 *
b10110111011 %
b1101111101011101 #
b1101111101011101 &
1"
#29440000
0"
#29450000
b1110100111001000 !
b1110100111001000 '
b11111111111110110101100101100000 (
b11110100111001000010100000010110 )
b100000 *
b10110111100 %
b1110100111000110 #
b1110100111000110 &
1"
#29460000
0"
#29470000
b1110100110011000 !
b1110100110011000 '
b11111111111110101001010110100000 (
b11110100110011000101010101000111 )
b100000 *
b10110111101 %
b1101111100110110 #
b1101111100110110 &
1"
#29480000
0"
#29490000
b1110100101110000 !
b1110100101110000 '
b11111111111110101101011110100000 (
b11110100101110000010111001111010 )
b100000 *
b10110111110 %
b1110001111100011 #
b1110001111100011 &
1"
#29500000
0"
#29510000
b1110100101010100 !
b1110100101010100 '
b11111111111110011110001101010000 (
b11110100101010100111111110011111 )
b100000 *
b10110111111 %
b1110010100111000 #
b1110010100111000 &
1"
#29520000
0"
#29530000
b1110100101001001 !
b1110100101001001 '
b11111111111110101100110000110000 (
b11110100101001001001001010011100 )
b100000 *
b10111000000 %
b1110100000010110 #
b1110100000010110 &
1"
#29540000
0"
#29550000
b1110100101001010 !
b1110100101001010 '
b11111111111110101001110001100000 (
b11110100101001010100001101001110 )
b100000 *
b10111000001 %
b1110000101111111 #
b1110000101111111 &
1"
#29560000
0"
#29570000
b1110100101010111 !
b1110100101010111 '
b11111111111110111100111110110000 (
b11110100101010111100101111010001 )
b100000 *
b10111000010 %
b1110011000101111 #
b1110011000101111 &
1"
#29580000
0"
#29590000
b1110100101101110 !
b1110100101101110 '
b11111111111111001010001001110000 (
b11110100101101110010000111101001 )
b100000 *
b10111000011 %
b1110110001100011 #
b1110110001100011 &
1"
#29600000
0"
#29610000
b1110100110001011 !
b1110100110001011 '
b11111111111111000011011001110000 (
b11110100110001011110111000111000 )
b100000 *
b10111000100 %
b1101100101111000 #
b1101100101111000 &
1"
#29620000
0"
#29630000
b1110100110101000 !
b1110100110101000 '
b11111111111111000011010001100000 (
b11110100110101000010011010001000 )
b100000 *
b10111000101 %
b1101110110011100 #
b1101110110011100 &
1"
#29640000
0"
#29650000
b1110100111000100 !
b1110100111000100 '
b11111111111110111101010001100000 (
b11110100111000100000001010001011 )
b100000 *
b10111000110 %
b1110100100100011 #
b1110100100100011 &
1"
#29660000
0"
#29670000
b1110100111011101 !
b1110100111011101 '
b11111111111110111010111110100000 (
b11110100111011101101000100110100 )
b100000 *
b10111000111 %
b1110000101101001 #
b1110000101101001 &
1"
#29680000
0"
#29690000
b1110100111101100 !
b1110100111101100 '
b11111111111110111101110010100000 (
b11110100111101100010100110100101 )
b100000 *
b10111001000 %
b1110001010011110 #
b1110001010011110 &
1"
#29700000
0"
#29710000
b1110100111110000 !
b1110100111110000 '
b11111111111110100110110000000000 (
b11110100111110000001100110010011 )
b100000 *
b10111001001 %
b1110011101110001 #
b1110011101110001 &
1"
#29720000
0"
#29730000
b1110100111101011 !
b1110100111101011 '
b11111111111110111110011101010000 (
b11110100111101011001000010001001 )
b100000 *
b10111001010 %
b1110110111111101 #
b1110110111111101 &
1"
#29740000
0"
#29750000
b1110100111011000 !
b1110100111011000 '
b11111111111110011110111100100000 (
b11110100111011000101101100100100 )
b100000 *
b10111001011 %
b1101101111011000 #
b1101101111011000 &
1"
#29760000
0"
#29770000
b1110100110111001 !
b1110100110111001 '
b11111111111110111010100010110000 (
b11110100110111001111000000111110 )
b100000 *
b10111001100 %
b1101110111000000 #
b1101110111000000 &
1"
#29780000
0"
#29790000
b1110100110010000 !
b1110100110010000 '
b11111111111110100011111100110000 (
b11110100110010000001011111000100 )
b100000 *
b10111001101 %
b1110000111101000 #
b1110000111101000 &
1"
#29800000
0"
#29810000
b1110100101100010 !
b1110100101100010 '
b11111111111110100001100001100000 (
b11110100101100010110101001010101 )
b100000 *
b10111001110 %
b1110001000110100 #
b1110001000110100 &
1"
#29820000
0"
#29830000
b1110100100110001 !
b1110100100110001 '
b11111111111110101001001001110000 (
b11110100100110001100101011111011 )
b100000 *
b10111001111 %
b1110001010100101 #
b1110001010100101 &
1"
#29840000
0"
#29850000
b1110100011111101 !
b1110100011111101 '
b11111111111110011011110011100000 (
b11110100011111101101101011111110 )
b100000 *
b10111010000 %
b1110000001100101 #
b1110000001100101 &
1"
#29860000
0"
#29870000
b1110100011001010 !
b1110100011001010 '
b11111111111110101111110000000000 (
b11110100011001010011011110001011 )
b100000 *
b10111010001 %
b1110100000100011 #
b1110100000100011 &
1"
#29880000
0"
#29890000
b1110100010011000 !
b1110100010011000 '
b11111111111111000000010000000000 (
b11110100010011000011100010111010 )
b100000 *
b10111010010 %
b1101110100100010 #
b1101110100100010 &
1"
#29900000
0"
#29910000
b1110100001100101 !
b1110100001100101 '
b11111111111110101011000100000000 (
b11110100001100101001111101101001 )
b100000 *
b10111010011 %
b1110001010111011 #
b1110001010111011 &
1"
#29920000
0"
#29930000
b1110100000111000 !
b1110100000111000 '
b11111111111110110110001100100000 (
b11110100000111000101110111011000 )
b100000 *
b10111010100 %
b1110011010100111 #
b1110011010100111 &
1"
#29940000
0"
#29950000
b1110100000001110 !
b1110100000001110 '
b11111111111110110000110001010000 (
b11110100000001110111001011100001 )
b100000 *
b10111010101 %
b1110001101100111 #
b1110001101100111 &
1"
#29960000
0"
#29970000
b1110011111101000 !
b1110011111101000 '
b11111111111111000000100101000000 (
b11110011111101000110001101110010 )
b100000 *
b10111010110 %
b1101111000110010 #
b1101111000110010 &
1"
#29980000
0"
#29990000
b1110011111000011 !
b1110011111000011 '
b11111111111110101011001111010000 (
b11110011111000011100001000100001 )
b100000 *
b10111010111 %
b1110000111100101 #
b1110000111100101 &
1"
#30000000
0"
#30010000
b1110011110100011 !
b1110011110100011 '
b11111111111110110001110111000000 (
b11110011110100011110011000110011 )
b100000 *
b10111011000 %
b1101111110001101 #
b1101111110001101 &
1"
#30020000
0"
#30030000
b1110011110000100 !
b1110011110000100 '
b11111111111111010010111100010000 (
b11110011110000100111100000011110 )
b100000 *
b10111011001 %
b1101111000000001 #
b1101111000000001 &
1"
#30040000
0"
#30050000
b1110011101100100 !
b1110011101100100 '
b11111111111110111110010101110000 (
b11110011101100100001110100010011 )
b100000 *
b10111011010 %
b1110011111100110 #
b1110011111100110 &
1"
#30060000
0"
#30070000
b1110011101001000 !
b1110011101001000 '
b11111111111110011110000101110000 (
b11110011101001000111110000001101 )
b100000 *
b10111011011 %
b1101111111011011 #
b1101111111011011 &
1"
#30080000
0"
#30090000
b1110011100101110 !
b1110011100101110 '
b11111111111110111101010100100000 (
b11110011100101110011100011000011 )
b100000 *
b10111011100 %
b1101110111001111 #
b1101110111001111 &
1"
#30100000
0"
#30110000
b1110011100010001 !
b1110011100010001 '
b11111111111110011101101000100000 (
b11110011100010001000111011011100 )
b100000 *
b10111011101 %
b1101110011100110 #
b1101110011100110 &
1"
#30120000
0"
#30130000
b1110011011110111 !
b1110011011110111 '
b11111111111110101011101010010000 (
b11110011011110111100011100010001 )
b100000 *
b10111011110 %
b1110000110000100 #
b1110000110000100 &
1"
#30140000
0"
#30150000
b1110011011011101 !
b1110011011011101 '
b11111111111110101111101010000000 (
b11110011011011101110111010100110 )
b100000 *
b10111011111 %
b1101100101011111 #
b1101100101011111 &
1"
#30160000
0"
#30170000
b1110011011000001 !
b1110011011000001 '
b11111111111110111000010000100000 (
b11110011011000001101100001001010 )
b100000 *
b10111100000 %
b1101100010111011 #
b1101100010111011 &
1"
#30180000
0"
#30190000
b1110011010100011 !
b1110011010100011 '
b11111111111110100100011111010000 (
b11110011010100011101001001010001 )
b100000 *
b10111100001 %
b1110001001000111 #
b1110001001000111 &
1"
#30200000
0"
#30210000
b1110011010000111 !
b1110011010000111 '
b11111111111110110010100011010000 (
b11110011010000111110110011011001 )
b100000 *
b10111100010 %
b1101101011010001 #
b1101101011010001 &
1"
#30220000
0"
#30230000
b1110011001100101 !
b1110011001100101 '
b11111111111111000101001010010000 (
b11110011001100101001011010011101 )
b100000 *
b10111100011 %
b1101111110000001 #
b1101111110000001 &
1"
#30240000
0"
#30250000
b1110011000111110 !
b1110011000111110 '
b11111111111110001100011010000000 (
b11110011000111110010011010000000 )
b100000 *
b10111100100 %
b1110010110100110 #
b1110010110100110 &
1"
#30260000
0"
#30270000
b1110011000011001 !
b1110011000011001 '
b11111111111110011000110101000000 (
b11110011000011001101101001110100 )
b100000 *
b10111100101 %
b1110011010001000 #
b1110011010001000 &
1"
#30280000
0"
#30290000
b1110010111101110 !
b1110010111101110 '
b11111111111110111011011010010000 (
b11110010111101110101011000000101 )
b100000 *
b10111100110 %
b1110100111011001 #
b1110100111011001 &
1"
#30300000
0"
#30310000
b1110010110111101 !
b1110010110111101 '
b11111111111110100100001110110000 (
b11110010110111101101111000100010 )
b100000 *
b10111100111 %
b1101110011100111 #
b1101110011100111 &
1"
#30320000
0"
#30330000
b1110010110001010 !
b1110010110001010 '
b11111111111110100111110110100000 (
b11110010110001010010000010111100 )
b100000 *
b10111101000 %
b1110011010010110 #
b1110011010010110 &
1"
#30340000
0"
#30350000
b1110010101011000 !
b1110010101011000 '
b11111111111110110110010100110000 (
b11110010101011000101000101001110 )
b100000 *
b10111101001 %
b1110001111111111 #
b1110001111111111 &
1"
#30360000
0"
#30370000
b1110010100100111 !
b1110010100100111 '
b11111111111111001001111101110000 (
b11110010100100111011000101110010 )
b100000 *
b10111101010 %
b1110100011011111 #
b1110100011011111 &
1"
#30380000
0"
#30390000
b1110010011111011 !
b1110010011111011 '
b11111111111110010011100010000000 (
b11110010011111011000010110010011 )
b100000 *
b10111101011 %
b1110001110111000 #
b1110001110111000 &
1"
#30400000
0"
#30410000
b1110010011011010 !
b1110010011011010 '
b11111111111110011001010000000000 (
b11110010011011010011011110011011 )
b100000 *
b10111101100 %
b1110011011100101 #
b1110011011100101 &
1"
#30420000
0"
#30430000
b1110010011000100 !
b1110010011000100 '
b11111111111110100101101110000000 (
b11110010011000100111000110111111 )
b100000 *
b10111101101 %
b1110100010101111 #
b1110100010101111 &
1"
#30440000
0"
#30450000
b1110010010111101 !
b1110010010111101 '
b11111111111110100110100111000000 (
b11110010010111101001101000100001 )
b100000 *
b10111101110 %
b1110000011100000 #
b1110000011100000 &
1"
#30460000
0"
#30470000
b1110010011000100 !
b1110010011000100 '
b11111111111110100111111011110000 (
b11110010011000100101000010000010 )
b100000 *
b10111101111 %
b1110000011000001 #
b1110000011000001 &
1"
#30480000
0"
#30490000
b1110010011011101 !
b1110010011011101 '
b11111111111110100001001011110000 (
b11110010011011101101111010110110 )
b100000 *
b10111110000 %
b1101110001110001 #
b1101110001110001 &
1"
#30500000
0"
#30510000
b1110010100001000 !
b1110010100001000 '
b11111111111110111000011010010000 (
b11110010100001000010001010111111 )
b100000 *
b10111110001 %
b1110001011101101 #
b1110001011101101 &
1"
#30520000
0"
#30530000
b1110010101000010 !
b1110010101000010 '
b11111111111110010111011001100000 (
b11110010101000010011010000011011 )
b100000 *
b10111110010 %
b1110010101010011 #
b1110010101010011 &
1"
#30540000
0"
#30550000
b1110010110001101 !
b1110010110001101 '
b11111111111110101000001100010000 (
b11110010110001101010001001001111 )
b100000 *
b10111110011 %
b1101111111010101 #
b1101111111010101 &
1"
#30560000
0"
#30570000
b1110010111011110 !
b1110010111011110 '
b11111111111110110011111101010000 (
b11110010111011110001000000101110 )
b100000 *
b10111110100 %
b1110010000100010 #
b1110010000100010 &
1"
#30580000
0"
#30590000
b1110011000110011 !
b1110011000110011 '
b11111111111110101010001101010000 (
b11110011000110011101110010000011 )
b100000 *
b10111110101 %
b1110001000010010 #
b1110001000010010 &
1"
#30600000
0"
#30610000
b1110011010001001 !
b1110011010001001 '
b11111111111110011010100101100000 (
b11110011010001001001101101010010 )
b100000 *
b10111110110 %
b1110000111010001 #
b1110000111010001 &
1"
#30620000
0"
#30630000
b1110011011011010 !
b1110011011011010 '
b11111111111110100101101011110000 (
b11110011011011010101100010011111 )
b100000 *
b10111110111 %
b1110100000100101 #
b1110100000100101 &
1"
#30640000
0"
#30650000
b1110011100100011 !
b1110011100100011 '
b11111111111110011110101001110000 (
b11110011100100011001011011101000 )
b100000 *
b10111111000 %
b1110100001110111 #
b1110100001110111 &
1"
#30660000
0"
#30670000
b1110011101100000 !
b1110011101100000 '
b11111111111110011010000000110000 (
b11110011101100000111100001010010 )
b100000 *
b10111111001 %
b1110101001001100 #
b1110101001001100 &
1"
#30680000
0"
#30690000
b1110011110010001 !
b1110011110010001 '
b11111111111110110111101100100000 (
b11110011110010001111100110011100 )
b100000 *
b10111111010 %
b1101111011111110 #
b1101111011111110 &
1"
#30700000
0"
#30710000
b1110011110101111 !
b1110011110101111 '
b11111111111110011111100100010000 (
b11110011110101111100000000111001 )
b100000 *
b10111111011 %
b1110001111111011 #
b1110001111111011 &
1"
#30720000
0"
#30730000
b1110011111000011 !
b1110011111000011 '
b11111111111110011001011011010000 (
b11110011111000011100011011011001 )
b100000 *
b10111111100 %
b1110100000101001 #
b1110100000101001 &
1"
#30740000
0"
#30750000
b1110011111001101 !
b1110011111001101 '
b11111111111110010110101100100000 (
b11110011111001101110100000110111 )
b100000 *
b10111111101 %
b1101111100111011 #
b1101111100111011 &
1"
#30760000
0"
#30770000
b11111111111110100100100011000000 (
b11110011111001101010010110110111 )
b100000 *
b10111111110 %
b1111000011000001 #
b1111000011000001 &
1"
#30780000
0"
#30790000
b1110011111001010 !
b1110011111001010 '
b11111111111110001100000111010000 (
b11110011111001010110011011100101 )
b100000 *
b10111111111 %
b1110100100100001 #
b1110100100100001 &
1"
#30800000
0"
#30810000
b1110011111000111 !
b1110011111000111 '
b11111111111110001010001100010000 (
b11110011111000111111110110001011 )
b100000 *
b11000000000 %
b1110011000110000 #
b1110011000110000 &
1"
#30820000
0"
#30830000
b11111111111110100110110101010000 (
b11110011111000111100100111111001 )
b100000 *
b11000000001 %
b1110111101001110 #
b1110111101001110 &
1"
#30840000
0"
#30850000
b1110011111001101 !
b1110011111001101 '
b11111111111110010000011100110000 (
b11110011111001101101110100111101 )
b100000 *
b11000000010 %
b1110110011111110 #
b1110110011111110 &
1"
#30860000
0"
#30870000
b1110011111011111 !
b1110011111011111 '
b11111111111110011110100000110000 (
b11110011111011111010001000100111 )
b100000 *
b11000000011 %
b1110110010101010 #
b1110110010101010 &
1"
#30880000
0"
#30890000
b1110011111111010 !
b1110011111111010 '
b11111111111110110000111100100000 (
b11110011111111010111001101100000 )
b100000 *
b11000000100 %
b1110100110101010 #
b1110100110101010 &
1"
#30900000
0"
#30910000
b1110100000100001 !
b1110100000100001 '
b11111111111110110011100110000000 (
b11110100000100001011110011001101 )
b100000 *
b11000000101 %
b1110010100100111 #
b1110010100100111 &
1"
#30920000
0"
#30930000
b1110100001010100 !
b1110100001010100 '
b11111111111110111101100010110000 (
b11110100001010100001010100100010 )
b100000 *
b11000000110 %
b1110101001001100 #
b1110101001001100 &
1"
#30940000
0"
#30950000
b1110100010010100 !
b1110100010010100 '
b11111111111110010110101101010000 (
b11110100010010100001001001001001 )
b100000 *
b11000000111 %
b1110110011111000 #
b1110110011111000 &
1"
#30960000
0"
#30970000
b1110100011100100 !
b1110100011100100 '
b11111111111110110011110000100000 (
b11110100011100100000001110100111 )
b100000 *
b11000001000 %
b1111001110100010 #
b1111001110100010 &
1"
#30980000
0"
#30990000
b1110100100111100 !
b1110100100111100 '
b11111111111110101011111111010000 (
b11110100100111100001100000100010 )
b100000 *
b11000001001 %
b1111010110000001 #
b1111010110000001 &
1"
#31000000
0"
#31010000
b1110100110011110 !
b1110100110011110 '
b11111111111110111010100111010000 (
b11110100110011110000011111000101 )
b100000 *
b11000001010 %
b1110111101100001 #
b1110111101100001 &
1"
#31020000
0"
#31030000
b1110101000000100 !
b1110101000000100 '
b11111111111110101011001010000000 (
b11110101000000100000100000111001 )
b100000 *
b11000001011 %
b1111100010101111 #
b1111100010101111 &
1"
#31040000
0"
#31050000
b1110101001110100 !
b1110101001110100 '
b11111111111110110100101011110000 (
b11110101001110100101111000000100 )
b100000 *
b11000001100 %
b1111100011100111 #
b1111100011100111 &
1"
#31060000
0"
#31070000
b1110101011101010 !
b1110101011101010 '
b11111111111110111010000011010000 (
b11110101011101010011001000100101 )
b100000 *
b11000001101 %
b1111010111100010 #
b1111010111100010 &
1"
#31080000
0"
#31090000
b1110101101100100 !
b1110101101100100 '
b11111111111110100010101000000000 (
b11110101101100100100101010100110 )
b100000 *
b11000001110 %
b1111001010110011 #
b1111001010110011 &
1"
#31100000
0"
#31110000
b1110101111100110 !
b1110101111100110 '
b11111111111110100010010000110000 (
b11110101111100110101010001101010 )
b100000 *
b11000001111 %
b1111110100101110 #
b1111110100101110 &
1"
#31120000
0"
#31130000
b1110110001110001 !
b1110110001110001 '
b11111111111110010101010100110000 (
b11110110001110001100010111010010 )
b100000 *
b11000010000 %
b1111100011111101 #
b1111100011111101 &
1"
#31140000
0"
#31150000
b1110110100000100 !
b1110110100000100 '
b11111111111110101000110001110000 (
b11110110100000100011010010110110 )
b100000 *
b11000010001 %
b1111010110000010 #
b1111010110000010 &
1"
#31160000
0"
#31170000
b1110110110011101 !
b1110110110011101 '
b11111111111110101111111110010000 (
b11110110110011101110000000011110 )
b100000 *
b11000010010 %
b1111110100001000 #
b1111110100001000 &
1"
#31180000
0"
#31190000
b1110111001000010 !
b1110111001000010 '
b11111111111110011111011111110000 (
b11110111001000010001110101010100 )
b100000 *
b11000010011 %
b1111111101110110 #
b1111111101110110 &
1"
#31200000
0"
#31210000
b1110111011110011 !
b1110111011110011 '
b11111111111110101100011001100000 (
b11110111011110011011001011000000 )
b100000 *
b11000010100 %
b1111011001010111 #
b1111011001010111 &
1"
#31220000
0"
#31230000
b1110111110101011 !
b1110111110101011 '
b11111111111110100110001101100000 (
b11110111110101011101001011101101 )
b100000 *
b11000010101 %
b100001101011 #
b100001101011 &
1"
#31240000
0"
#31250000
b1111000001110100 !
b1111000001110100 '
b11111111111110100101011100110000 (
b11111000001110100001100101101011 )
b100000 *
b11000010110 %
b1111010011101000 #
b1111010011101000 &
1"
#31260000
0"
#31270000
b1111000101000010 !
b1111000101000010 '
b11111111111110111000011011110000 (
b11111000101000010010011011101011 )
b100000 *
b11000010111 %
b1111100010010100 #
b1111100010010100 &
1"
#31280000
0"
#31290000
b1111001000011000 !
b1111001000011000 '
b11111111111110111001011001010000 (
b11111001000011000100000001000010 )
b100000 *
b11000011000 %
b100001000010 #
b100001000010 &
1"
#31300000
0"
#31310000
b1111001011111001 !
b1111001011111001 '
b11111111111110111110111001000000 (
b11111001011111001100111110100000 )
b100000 *
b11000011001 %
b10010110011 #
b10010110011 &
1"
#31320000
0"
#31330000
b1111001111011101 !
b1111001111011101 '
b11111111111110011100111110100000 (
b11111001111011101101101100000100 )
b100000 *
b11000011010 %
b111100010 #
b111100010 &
1"
#31340000
0"
#31350000
b1111010011000110 !
b1111010011000110 '
b11111111111110101011111100010000 (
b11111010011000110100011001010110 )
b100000 *
b11000011011 %
b10100101110 #
b10100101110 &
1"
#31360000
0"
#31370000
b1111010110101111 !
b1111010110101111 '
b11111111111110111000011110110000 (
b11111010110101111011010100111010 )
b100000 *
b11000011100 %
b100111101000 #
b100111101000 &
1"
#31380000
0"
#31390000
b1111011010010111 !
b1111011010010111 '
b11111111111110011101101100010000 (
b11111011010010111011100001100101 )
b100000 *
b11000011101 %
b1011000011 #
b1011000011 &
1"
#31400000
0"
#31410000
b1111011101111110 !
b1111011101111110 '
b11111111111111010010010000110000 (
b11111011101111110011010010000111 )
b100000 *
b11000011110 %
b110011111111 #
b110011111111 &
1"
#31420000
0"
#31430000
b1111100001100000 !
b1111100001100000 '
b11111111111110111011011000110000 (
b11111100001100000100011011000011 )
b100000 *
b11000011111 %
b110011011100 #
b110011011100 &
1"
#31440000
0"
#31450000
b1111100101000011 !
b1111100101000011 '
b11111111111110110010100100000000 (
b11111100101000011000101010111001 )
b100000 *
b11000100000 %
b101000011001 #
b101000011001 &
1"
#31460000
0"
#31470000
b1111101000100011 !
b1111101000100011 '
b11111111111111001101111010100000 (
b11111101000100011011000001010110 )
b100000 *
b11000100001 %
b101001111001 #
b101001111001 &
1"
#31480000
0"
#31490000
b1111101100000000 !
b1111101100000000 '
b11111111111111000110111110100000 (
b11111101100000000001100010011111 )
b100000 *
b11000100010 %
b10101110000 #
b10101110000 &
1"
#31500000
0"
#31510000
b1111101111011100 !
b1111101111011100 '
b11111111111111000101111111100000 (
b11111101111011100110111101010100 )
b100000 *
b11000100011 %
b1101101111 #
b1101101111 &
1"
#31520000
0"
#31530000
b1111110010111001 !
b1111110010111001 '
b11111111111110111100111111100000 (
b11111110010111001110100000010000 )
b100000 *
b11000100100 %
b10011111110 #
b10011111110 &
1"
#31540000
0"
#31550000
b1111110110011000 !
b1111110110011000 '
b11111111111110101111011101010000 (
b11111110110011000111001100010010 )
b100000 *
b11000100101 %
b101101101000 #
b101101101000 &
1"
#31560000
0"
#31570000
b1111111001111100 !
b1111111001111100 '
b11111111111110111110111001000000 (
b11111111001111100001000111100101 )
b100000 *
b11000100110 %
b10000010100 #
b10000010100 &
1"
#31580000
0"
#31590000
b1111111101011011 !
b1111111101011011 '
b11111111111111000110111010000000 (
b11111111101011011100110001001001 )
b100000 *
b11000100111 %
b1000101000 #
b1000101000 &
1"
#31600000
0"
#31610000
b111000 !
b111000 '
b11111111111111011010111001100000 (
b111000111010100000010 )
b100000 *
b11000101000 %
b1111111010011110 #
b1111111010011110 &
1"
#31620000
0"
#31630000
b100001111 !
b100001111 '
b11111111111111100000100000110000 (
b100001111010011010000111 )
b100000 *
b11000101001 %
b1111110011111110 #
b1111110011111110 &
1"
#31640000
0"
#31650000
b111011011 !
b111011011 '
b11111111111111001110001000110000 (
b111011011101111000110110 )
b100000 *
b11000101010 %
b1000010010 #
b1000010010 &
1"
#31660000
0"
#31670000
b1010011101 !
b1010011101 '
b11111111111111101010000011010000 (
b1010011101001011100111000 )
b100000 *
b11000101011 %
b11001110001 #
b11001110001 &
1"
#31680000
0"
#31690000
b1101001010 !
b1101001010 '
b11111111111111101010101101010000 (
b1101001010010010110110101 )
b100000 *
b11000101100 %
b11010010110 #
b11010010110 &
1"
#31700000
0"
#31710000
b1111100000 !
b1111100000 '
b11111111111111100001101001100000 (
b1111100000100001000000100 )
b100000 *
b11000101101 %
b1001001111 #
b1001001111 &
1"
#31720000
0"
#31730000
b10001011011 !
b10001011011 '
b11111111111111011000000110010000 (
b10001011011110001011011011 )
b100000 *
b11000101110 %
b1111110100000110 #
b1111110100000110 &
1"
#31740000
0"
#31750000
b10010111001 !
b10010111001 '
b11111111111111110111100010100000 (
b10010111001100000100101111 )
b100000 *
b11000101111 %
b1111101111100011 #
b1111101111100011 &
1"
#31760000
0"
#31770000
b10011110101 !
b10011110101 '
b11111111111111101010111101110000 (
b10011110101000100010101110 )
b100000 *
b11000110000 %
b1111111011001101 #
b1111111011001101 &
1"
#31780000
0"
#31790000
b10100010011 !
b10100010011 '
b11111111111111100000100001100000 (
b10100010011100110011100101 )
b100000 *
b11000110001 %
b11100100 #
b11100100 &
1"
#31800000
0"
#31810000
b10100010101 !
b10100010101 '
b11111111111111110111000110000000 (
b10100010101100101000110010 )
b100000 *
b11000110010 %
b111110 #
b111110 &
1"
#31820000
0"
#31830000
b10011111001 !
b10011111001 '
b11111111111111111110011000100000 (
b10011111001100001011001111 )
b100000 *
b11000110011 %
b1110111110010010 #
b1110111110010010 &
1"
#31840000
0"
#31850000
b10011000000 !
b10011000000 '
b11111111111111100011000001010000 (
b10011000000001111011001110 )
b100000 *
b11000110100 %
b1111100101011000 #
b1111100101011000 &
1"
#31860000
0"
#31870000
b10001110110 !
b10001110110 '
b11001010000010000 (
b10001110110111001111100110 )
b100000 *
b11000110101 %
b1111001111001011 #
b1111001111001011 &
1"
#31880000
0"
#31890000
b10000010100 !
b10000010100 '
b11111111111111011110101110000000 (
b10000010100101111111110111 )
b100000 *
b11000110110 %
b1111010101111110 #
b1111010101111110 &
1"
#31900000
0"
#31910000
b1110101001 !
b1110101001 '
b11111111111111101001101111000000 (
b1110101001011111011011100 )
b100000 *
b11000110111 %
b1111111111110011 #
b1111111111110011 &
1"
#31920000
0"
#31930000
b1100110011 !
b1100110011 '
b11000110001100000 (
b1100110011000000011010100 )
b100000 *
b11000111000 %
b1111001001000000 #
b1111001001000000 &
1"
#31940000
0"
#31950000
b1010101010 !
b1010101010 '
b1110000110010000 (
b1010101010111110010000000 )
b100000 *
b11000111001 %
b1110110011000110 #
b1110110011000110 &
1"
#31960000
0"
#31970000
b1000011011 !
b1000011011 '
b101101001100000 (
b1000011011000010101011111 )
b100000 *
b11000111010 %
b1111010101110110 #
b1111010101110110 &
1"
#31980000
0"
#31990000
b110000110 !
b110000110 '
b1111100010100000 (
b110000110101110110100111 )
b100000 *
b11000111011 %
b1111001100010100 #
b1111001100010100 &
1"
#32000000
0"
#32010000
b11101001 !
b11101001 '
b11101101110000000 (
b11101001000101100100101 )
b100000 *
b11000111100 %
b1111000011000001 #
b1111000011000001 &
1"
#32020000
0"
#32030000
b1000001 !
b1000001 '
b1000010010010000 (
b1000001011101000000011 )
b100000 *
b11000111101 %
b1111011010001011 #
b1111011010001011 &
1"
#32040000
0"
#32050000
b1111111110010101 !
b1111111110010101 '
b100110111111010000 (
b11111111110010101000011101000000 )
b100000 *
b11000111110 %
b1111010000011010 #
b1111010000011010 &
1"
#32060000
0"
#32070000
b1111111011011101 !
b1111111011011101 '
b100110100101000000 (
b11111111011011101000001101110011 )
b100000 *
b11000111111 %
b1111001001001011 #
b1111001001001011 &
1"
#32080000
0"
#32090000
b1111111000011101 !
b1111111000011101 '
b11110010010110000 (
b11111111000011101110110101100010 )
b100000 *
b11001000000 %
b1110111000011101 #
b1110111000011101 &
1"
#32100000
0"
#32110000
b1111110101011000 !
b1111110101011000 '
b11111011010110000 (
b11111110101011000011010010010011 )
b100000 *
b11001000001 %
b1111000001111100 #
b1111000001111100 &
1"
#32120000
0"
#32130000
b1111110010001110 !
b1111110010001110 '
b10000010100000000 (
b11111110010001110100000001111101 )
b100000 *
b11001000010 %
b1110110001011101 #
b1110110001011101 &
1"
#32140000
0"
#32150000
b1111101111000001 !
b1111101111000001 '
b1010010011010000 (
b11111101111000001110111000011001 )
b100000 *
b11001000011 %
b1110110111111000 #
b1110110111111000 &
1"
#32160000
0"
#32170000
b1111101011110101 !
b1111101011110101 '
b1110111110100000 (
b11111101011110101010100111011000 )
b100000 *
b11001000100 %
b1110111100100001 #
b1110111100100001 &
1"
#32180000
0"
#32190000
b1111101000101011 !
b1111101000101011 '
b100010001110000000 (
b11111101000101011000111010100101 )
b100000 *
b11001000101 %
b1110111000000000 #
b1110111000000000 &
1"
#32200000
0"
#32210000
b1111100101100011 !
b1111100101100011 '
b1100001111000000 (
b11111100101100011001101000111011 )
b100000 *
b11001000110 %
b1110100011100111 #
b1110100011100111 &
1"
#32220000
0"
#32230000
b1111100010100010 !
b1111100010100010 '
b110011110000000 (
b11111100010100010100001110101010 )
b100000 *
b11001000111 %
b1110100110101110 #
b1110100110101110 &
1"
#32240000
0"
#32250000
b1111011111101001 !
b1111011111101001 '
b11111111111111111011110110100000 (
b11111011111101001100100100110101 )
b100000 *
b11001001000 %
b1110011100110000 #
b1110011100110000 &
1"
#32260000
0"
#32270000
b1111011100110111 !
b1111011100110111 '
b11111111111111110110111110100000 (
b11111011100110111111110110110010 )
b100000 *
b11001001001 %
b1111000110110100 #
b1111000110110100 &
1"
#32280000
0"
#32290000
b1111011010010001 !
b1111011010010001 '
b110001101100000 (
b11111011010010001011000110011111 )
b100000 *
b11001001010 %
b1110110010001100 #
b1110110010001100 &
1"
#32300000
0"
#32310000
b1111010111101111 !
b1111010111101111 '
b10011010100110000 (
b11111010111101111111111111110011 )
b100000 *
b11001001011 %
b1110100101100111 #
b1110100101100111 &
1"
#32320000
0"
#32330000
b1111010101010011 !
b1111010101010011 '
b10011110000100000 (
b11111010101010011011101010010001 )
b100000 *
b11001001100 %
b1111000001010001 #
b1111000001010001 &
1"
#32340000
0"
#32350000
b1111010010111110 !
b1111010010111110 '
b110111011010000 (
b11111010010111110011100001100100 )
b100000 *
b11001001101 %
b1110101001010001 #
b1110101001010001 &
1"
#32360000
0"
#32370000
b1111010000101101 !
b1111010000101101 '
b11111111111111110111000100100000 (
b11111010000101101110100100010100 )
b100000 *
b11001001110 %
b1110111101001100 #
b1110111101001100 &
1"
#32380000
0"
#32390000
b1111001110100011 !
b1111001110100011 '
b11111111111111110011101010010000 (
b11111001110100011101000111111000 )
b100000 *
b11001001111 %
b1111010011011101 #
b1111010011011101 &
1"
#32400000
0"
#32410000
b1111001100011111 !
b1111001100011111 '
b11111111111111111100011001110000 (
b11111001100011111000110111001001 )
b100000 *
b11001010000 %
b1111000111111011 #
b1111000111111011 &
1"
#32420000
0"
#32430000
b1111001010011110 !
b1111001010011110 '
b10101011000000 (
b11111001010011110010000001100010 )
b100000 *
b11001010001 %
b1110110001110010 #
b1110110001110010 &
1"
#32440000
0"
#32450000
b1111001000100010 !
b1111001000100010 '
b101110100000 (
b11111001000100010101001100011110 )
b100000 *
b11001010010 %
b1110110011000100 #
b1110110011000100 &
1"
#32460000
0"
#32470000
b1111000110110000 !
b1111000110110000 '
b11111111111111001110101101100000 (
b11111000110110000001001000101111 )
b100000 *
b11001010011 %
b1111011101011001 #
b1111011101011001 &
1"
#32480000
0"
#32490000
b1111000101010000 !
b1111000101010000 '
b11111111111111101100000010000000 (
b11111000101010000001000011101000 )
b100000 *
b11001010100 %
b1110110010100100 #
b1110110010100100 &
1"
#32500000
0"
#32510000
b1111000011110111 !
b1111000011110111 '
b11111111111111011011011000010000 (
b11111000011110111101001000101101 )
b100000 *
b11001010101 %
b1110111100100100 #
b1110111100100100 &
1"
#32520000
0"
#32530000
b1111000010110001 !
b1111000010110001 '
b11111111111111100000011110100000 (
b11111000010110001001010000011100 )
b100000 *
b11001010110 %
b1110111101011010 #
b1110111101011010 &
1"
#32540000
0"
#32550000
b1111000001111011 !
b1111000001111011 '
b11111111111111111111110110010000 (
b11111000001111011010010110110011 )
b100000 *
b11001010111 %
b1111001010000000 #
b1111001010000000 &
1"
#32560000
0"
#32570000
b1111000001010101 !
b1111000001010101 '
b11111111111111010110110000000000 (
b11111000001010101110110010100101 )
b100000 *
b11001011000 %
b1110111011110100 #
b1110111011110100 &
1"
#32580000
0"
#32590000
b1111000001000110 !
b1111000001000110 '
b11111111111111000110010100100000 (
b11111000001000110000101011111101 )
b100000 *
b11001011001 %
b1110111111001111 #
b1110111111001111 &
1"
#32600000
0"
#32610000
b1111000001001001 !
b1111000001001001 '
b11111111111111100000011000100000 (
b11111000001001001010101111100111 )
b100000 *
b11001011010 %
b1110111110101010 #
b1110111110101010 &
1"
#32620000
0"
#32630000
b1111000001011001 !
b1111000001011001 '
b11111111111111011001001111000000 (
b11111000001011001011000011111010 )
b100000 *
b11001011011 %
b1111101111011101 #
b1111101111011101 &
1"
#32640000
0"
#32650000
b1111000001111011 !
b1111000001111011 '
b11111111111111010010010000110000 (
b11111000001111011011010111001010 )
b100000 *
b11001011100 %
b1111001010101011 #
b1111001010101011 &
1"
#32660000
0"
#32670000
b1111000010100111 !
b1111000010100111 '
b11111111111111100011101000010000 (
b11111000010100111100000000011001 )
b100000 *
b11001011101 %
b1110100111001000 #
b1110100111001000 &
1"
#32680000
0"
#32690000
b1111000011011000 !
b1111000011011000 '
b11111111111111011100010011100000 (
b11111000011011000010111000101001 )
b100000 *
b11001011110 %
b1110100000011110 #
b1110100000011110 &
1"
#32700000
0"
#32710000
b1111000100001111 !
b1111000100001111 '
b11111111111111010110111000010000 (
b11111000100001111010101100000100 )
b100000 *
b11001011111 %
b1110011000101011 #
b1110011000101011 &
1"
#32720000
0"
#32730000
b1111000101001000 !
b1111000101001000 '
b11111111111111001010010101110000 (
b11111000101001000001100000011000 )
b100000 *
b11001100000 %
b1111011111110000 #
b1111011111110000 &
1"
#32740000
0"
#32750000
b1111000110000100 !
b1111000110000100 '
b11111111111111010001011101000000 (
b11111000110000100111010110011111 )
b100000 *
b11001100001 %
b1110101001101001 #
b1110101001101001 &
1"
#32760000
0"
#32770000
b1111000110111001 !
b1111000110111001 '
b11111111111111000101000101110000 (
b11111000110111001000001101111000 )
b100000 *
b11001100010 %
b1111001111000011 #
b1111001111000011 &
1"
#32780000
0"
#32790000
b1111000111101010 !
b1111000111101010 '
b11111111111111001001111010000000 (
b11111000111101010011011110111001 )
b100000 *
b11001100011 %
b1111000110000000 #
b1111000110000000 &
1"
#32800000
0"
#32810000
b1111001000010010 !
b1111001000010010 '
b11111111111111001101011000110000 (
b11111001000010010110111111001000 )
b100000 *
b11001100100 %
b1110011100001001 #
b1110011100001001 &
1"
#32820000
0"
#32830000
b1111001000101110 !
b1111001000101110 '
b11111111111111001010000000000000 (
b11111001000101110110010001111000 )
b100000 *
b11001100101 %
b1111100101001010 #
b1111100101001010 &
1"
#32840000
0"
#32850000
b1111001001000110 !
b1111001001000110 '
b11111111111110111010101101010000 (
b11111001001000110001111111111111 )
b100000 *
b11001100110 %
b1111000111011001 #
b1111000111011001 &
1"
#32860000
0"
#32870000
b1111001001010011 !
b1111001001010011 '
b11111111111110111101000010100000 (
b11111001001010011110111110001011 )
b100000 *
b11001100111 %
b1111100001101011 #
b1111100001101011 &
1"
#32880000
0"
#32890000
b1111001001011010 !
b1111001001011010 '
b11111111111110110101100100000000 (
b11111001001011010101000100001000 )
b100000 *
b11001101000 %
b1111000011110001 #
b1111000011110001 &
1"
#32900000
0"
#32910000
b1111001001011001 !
b1111001001011001 '
b11111111111111010101000111000000 (
b11111001001011001101110011001110 )
b100000 *
b11001101001 %
b1111000000110000 #
b1111000000110000 &
1"
#32920000
0"
#32930000
b1111001001010001 !
b1111001001010001 '
b11111111111111000101101001000000 (
b11111001001010001100111101011000 )
b100000 *
b11001101010 %
b1110101000100011 #
b1110101000100011 &
1"
#32940000
0"
#32950000
b1111001001000111 !
b1111001001000111 '
b11111111111110111100001101010000 (
b11111001001000111101100101100111 )
b100000 *
b11001101011 %
b1110111110100001 #
b1110111110100001 &
1"
#32960000
0"
#32970000
b1111001000111111 !
b1111001000111111 '
b11111111111111010000111100110000 (
b11111001000111111110111100100000 )
b100000 *
b11001101100 %
b1111000000111001 #
b1111000000111001 &
1"
#32980000
0"
#32990000
b1111001000110111 !
b1111001000110111 '
b11111111111110111110111100110000 (
b11111001000110111001010000111000 )
b100000 *
b11001101101 %
b1110011111010001 #
b1110011111010001 &
1"
#33000000
0"
#33010000
b1111001000110001 !
b1111001000110001 '
b11111111111111001101111001000000 (
b11111001000110001000111100010100 )
b100000 *
b11001101110 %
b1110111110010111 #
b1110111110010111 &
1"
#33020000
0"
#33030000
b1111001000101111 !
b1111001000101111 '
b11111111111111011110100101110000 (
b11111001000101111101011011111011 )
b100000 *
b11001101111 %
b1111000010011011 #
b1111000010011011 &
1"
#33040000
0"
#33050000
b1111001000110001 !
b1111001000110001 '
b11111111111111010101111100010000 (
b11111001000110001100011110000111 )
b100000 *
b11001110000 %
b1110110000101010 #
b1110110000101010 &
1"
#33060000
0"
#33070000
b1111001000110111 !
b1111001000110111 '
b11111111111111000101010101100000 (
b11111001000110111001001001100110 )
b100000 *
b11001110001 %
b1111001000001010 #
b1111001000001010 &
1"
#33080000
0"
#33090000
b1111001001000001 !
b1111001001000001 '
b11111111111111000110010011000000 (
b11111001001000001011110110010011 )
b100000 *
b11001110010 %
b1110100111010000 #
b1110100111010000 &
1"
#33100000
0"
#33110000
b1111001001001010 !
b1111001001001010 '
b11111111111111100110000010110000 (
b11111001001001010000110011001110 )
b100000 *
b11001110011 %
b1110101010000001 #
b1110101010000001 &
1"
#33120000
0"
#33130000
b1111001001001110 !
b1111001001001110 '
b11111111111111000101111011000000 (
b11111001001001110011001000110110 )
b100000 *
b11001110100 %
b1110101101100111 #
b1110101101100111 &
1"
#33140000
0"
#33150000
b1111001001010010 !
b1111001001010010 '
b11111111111111001101011011000000 (
b11111001001010010101101000111110 )
b100000 *
b11001110101 %
b1110010100101111 #
b1110010100101111 &
1"
#33160000
0"
#33170000
b1111001001001111 !
b1111001001001111 '
b11111111111111001110000011100000 (
b11111001001001111001000100001011 )
b100000 *
b11001110110 %
b1110011111011101 #
b1110011111011101 &
1"
#33180000
0"
#33190000
b1111001001000011 !
b1111001001000011 '
b11111111111111010111100000000000 (
b11111001001000011100100010100111 )
b100000 *
b11001110111 %
b1110000101000100 #
b1110000101000100 &
1"
#33200000
0"
#33210000
b1111001000101010 !
b1111001000101010 '
b11111111111111001100110111000000 (
b11111001000101010111110101001111 )
b100000 *
b11001111000 %
b1101110000010010 #
b1101110000010010 &
1"
#33220000
0"
#33230000
b1111001000000101 !
b1111001000000101 '
b11111111111111001111011011010000 (
b11111001000000101001110001000110 )
b100000 *
b11001111001 %
b1110001010111100 #
b1110001010111100 &
1"
#33240000
0"
#33250000
b1111000111010010 !
b1111000111010010 '
b11111111111111001110111111100000 (
b11111000111010010011100110111010 )
b100000 *
b11001111010 %
b1101111001110101 #
b1101111001110101 &
1"
#33260000
0"
#33270000
b1111000110001110 !
b1111000110001110 '
b11111111111111110011100101110000 (
b11111000110001110101001001011111 )
b100000 *
b11001111011 %
b1101101110111011 #
b1101101110111011 &
1"
#33280000
0"
#33290000
b1111000100110101 !
b1111000100110101 '
b11111111111111011000000000010000 (
b11111000100110101100111110111001 )
b100000 *
b11001111100 %
b1101100110111100 #
b1101100110111100 &
1"
#33300000
0"
#33310000
b1111000011001100 !
b1111000011001100 '
b11111111111110111101010110000000 (
b11111000011001100010011101001110 )
b100000 *
b11001111101 %
b1101100011010001 #
b1101100011010001 &
1"
#33320000
0"
#33330000
b1111000001010001 !
b1111000001010001 '
b11111111111110111000010110100000 (
b11111000001010001001011011000001 )
b100000 *
b11001111110 %
b1101111000011001 #
b1101111000011001 &
1"
#33340000
0"
#33350000
b1110111111000011 !
b1110111111000011 '
b11111111111110110010100000010000 (
b11110111111000011100101001110011 )
b100000 *
b11001111111 %
b1101111010010011 #
b1101111010010011 &
1"
#33360000
0"
#33370000
b1110111100100010 !
b1110111100100010 '
b11111111111111100111110100000000 (
b11110111100100010011100000000001 )
b100000 *
b11010000000 %
b1110000101111010 #
b1110000101111010 &
1"
#33380000
0"
#33390000
b1110111001101001 !
b1110111001101001 '
b11111111111110111111001110110000 (
b11110111001101001011110110000001 )
b100000 *
b11010000001 %
b1110100010010111 #
b1110100010010111 &
1"
#33400000
0"
#33410000
b1110110110100100 !
b1110110110100100 '
b11111111111111011011010010010000 (
b11110110110100100111100110111110 )
b100000 *
b11010000010 %
b1111010011011111 #
b1111010011011111 &
1"
#33420000
0"
#33430000
b1110110011010001 !
b1110110011010001 '
b11111111111111010100100000000000 (
b11110110011010001101001011100010 )
b100000 *
b11010000011 %
b1110110111001000 #
b1110110111001000 &
1"
#33440000
0"
#33450000
b1110101111110011 !
b1110101111110011 '
b11111111111110110101000110110000 (
b11110101111110011100101001011110 )
b100000 *
b11010000100 %
b1111011001100111 #
b1111011001100111 &
1"
#33460000
0"
#33470000
b1110101100010111 !
b1110101100010111 '
b11111111111111101011110111100000 (
b11110101100010111010100001010101 )
b100000 *
b11010000101 %
b10000000010 #
b10000000010 &
1"
#33480000
0"
#33490000
b1110101000111110 !
b1110101000111110 '
b11111111111111010101100010110000 (
b11110101000111110011101010110101 )
b100000 *
b11010000110 %
b100001100000 #
b100001100000 &
1"
#33500000
0"
#33510000
b1110100101111001 !
b1110100101111001 '
b11111111111111101001010000010000 (
b11110100101111001100100100010111 )
b100000 *
b11010000111 %
b11011100011 #
b11011100011 &
1"
#33520000
0"
#33530000
b1110100011001110 !
b1110100011001110 '
b11111111111111010010110100110000 (
b11110100011001110101000101011101 )
b100000 *
b11010001000 %
b110110111110 #
b110110111110 &
1"
#33540000
0"
#33550000
b1110100001010001 !
b1110100001010001 '
b11111111111111010000100100000000 (
b11110100001010001011011000101101 )
b100000 *
b11010001001 %
b1001101100001 #
b1001101100001 &
1"
#33560000
0"
#33570000
b1110100000001101 !
b1110100000001101 '
b11111111111110111110011010010000 (
b11110100000001101000110011111001 )
b100000 *
b11010001010 %
b1100000100101 #
b1100000100101 &
1"
#33580000
0"
#33590000
b1110100000001111 !
b1110100000001111 '
b11111111111111001110111000110000 (
b11110100000001111111110100000001 )
b100000 *
b11010001011 %
b1001001101101 #
b1001001101101 &
1"
#33600000
0"
#33610000
b1110100001011111 !
b1110100001011111 '
b11111111111111010000101010110000 (
b11110100001011111111010101110000 )
b100000 *
b11010001100 %
b10001000100000 #
b10001000100000 &
1"
#33620000
0"
#33630000
b1110100100001101 !
b1110100100001101 '
b11111111111110110111011100110000 (
b11110100100001101101111010010011 )
b100000 *
b11010001101 %
b10101101000101 #
b10101101000101 &
1"
#33640000
0"
#33650000
b1110101000100001 !
b1110101000100001 '
b11111111111111001110110001010000 (
b11110101000100001001010100101111 )
b100000 *
b11010001110 %
b11101110011101 #
b11101110011101 &
1"
#33660000
0"
#33670000
b1110101110011011 !
b1110101110011011 '
b11111111111111010001110100010000 (
b11110101110011011100101001001101 )
b100000 *
b11010001111 %
b10110011110101 #
b10110011110101 &
1"
#33680000
0"
#33690000
b1110110101111000 !
b1110110101111000 '
b11111111111111000100011111100000 (
b11110110101111000001000101110011 )
b100000 *
b11010010000 %
b11011010010001 #
b11011010010001 &
1"
#33700000
0"
#33710000
b1110111110111100 !
b1110111110111100 '
b11111111111111010110000111100000 (
b11110111110111100010100111010100 )
b100000 *
b11010010001 %
b11110100111010 #
b11110100111010 &
1"
#33720000
0"
#33730000
b1111001001011111 !
b1111001001011111 '
b11111111111110111101011100000000 (
b11111001001011111000101001111001 )
b100000 *
b11010010010 %
b11111111000001 #
b11111111000001 &
1"
#33740000
0"
#33750000
b1111010101011011 !
b1111010101011011 '
b11111111111110111111100000110000 (
b11111010101011011111100010000000 )
b100000 *
b11010010011 %
b100011010000001 #
b100011010000001 &
1"
#33760000
0"
#33770000
b1111100010100111 !
b1111100010100111 '
b11111111111111000010001101010000 (
b11111100010100111010001000011011 )
b100000 *
b11010010100 %
b100010101111011 #
b100010101111011 &
1"
#33780000
0"
#33790000
b1111110000110101 !
b1111110000110101 '
b11111111111110101111100011010000 (
b11111110000110101001110000000111 )
b100000 *
b11010010101 %
b101010000100010 #
b101010000100010 &
1"
#33800000
0"
#33810000
b0 !
b0 '
b11111111111110110111100101110000 (
b11011111010001 )
b100000 *
b11010010110 %
b101011101101110 #
b101011101101110 &
1"
#33820000
0"
#33830000
b1111111000 !
b1111111000 '
b11111111111110100011110011000000 (
b1111111000000010001100000 )
b100000 *
b11010010111 %
b101010101100101 #
b101010101100101 &
1"
#33840000
0"
#33850000
b100000010010 !
b100000010010 '
b11111111111110010100001101100000 (
b100000010010111111000000010 )
b100000 *
b11010011000 %
b100101110000110 #
b100101110000110 &
1"
#33860000
0"
#33870000
b110001000101 !
b110001000101 '
b11111111111110101000001101000000 (
b110001000101001000011101001 )
b100000 *
b11010011001 %
b100100101000001 #
b100100101000001 &
1"
#33880000
0"
#33890000
b1000010000011 !
b1000010000011 '
b11111111111110011011010111110000 (
b1000010000011010010101000010 )
b100000 *
b11010011010 %
b100010010101011 #
b100010010101011 &
1"
#33900000
0"
#33910000
b1010011000110 !
b1010011000110 '
b11111111111110010011001100010000 (
b1010011000110101000101011101 )
b100000 *
b11010011011 %
b11010110010001 #
b11010110010001 &
1"
#33920000
0"
#33930000
b1100100000001 !
b1100100000001 '
b11111111111110001101001101000000 (
b1100100000001010111000111110 )
b100000 *
b11010011100 %
b10011100101101 #
b10011100101101 &
1"
#33940000
0"
#33950000
b1110100101000 !
b1110100101000 '
b11111111111110001010011100110000 (
b1110100101000000111111010000 )
b100000 *
b11010011101 %
b10011101010110 #
b10011101010110 &
1"
#33960000
0"
#33970000
b10000100101111 !
b10000100101111 '
b11111111111110011010010010110000 (
b10000100101111111111001101110 )
b100000 *
b11010011110 %
b10010111010001 #
b10010111010001 &
1"
#33980000
0"
#33990000
b10010100000111 !
b10010100000111 '
b11111111111110011011101110010000 (
b10010100000111010010000010110 )
b100000 *
b11010011111 %
b1011010111101 #
b1011010111101 &
1"
#34000000
0"
#34010000
b10100010011010 !
b10100010011010 '
b11111111111110100100011011100000 (
b10100010011010010100110011101 )
b100000 *
b11010100000 %
b1000111001001 #
b1000111001001 &
1"
#34020000
0"
#34030000
b10101111011001 !
b10101111011001 '
b11111111111110111001110001010000 (
b10101111011001001000110111010 )
b100000 *
b11010100001 %
b1101101101 #
b1101101101 &
1"
#34040000
0"
#34050000
b10111010101011 !
b10111010101011 '
b11111111111111011110100111010000 (
b10111010101011111111110100101 )
b100000 *
b11010100010 %
b100010101011 #
b100010101011 &
1"
#34060000
0"
#34070000
b11000100000010 !
b11000100000010 '
b11111111111111001001010110000000 (
b11000100000010101001000010111 )
b100000 *
b11010100011 %
b1111101110010101 #
b1111101110010101 &
1"
#34080000
0"
#34090000
b11001011001010 !
b11001011001010 '
b11111111111111100011001101010000 (
b11001011001010110100000000000 )
b100000 *
b11010100100 %
b1110111111101101 #
b1110111111101101 &
1"
#34100000
0"
#34110000
b11001111101110 !
b11001111101110 '
b1100000001100000 (
b11001111101110100100000010010 )
b100000 *
b11010100101 %
b1110001000010111 #
b1110001000010111 &
1"
#34120000
0"
#34130000
b11010001011110 !
b11010001011110 '
b11001001000000000 (
b11010001011110000000111011000 )
b100000 *
b11010100110 %
b1101111110110101 #
b1101111110110101 &
1"
#34140000
0"
#34150000
b11010000010011 !
b11010000010011 '
b10100101010010000 (
b11010000010011110000111101000 )
b100000 *
b11010100111 %
b1101011010001011 #
b1101011010001011 &
1"
#34160000
0"
#34170000
b11001100001001 !
b11001100001001 '
b101001001110100000 (
b11001100001001000011000010101 )
b100000 *
b11010101000 %
b1101000111011010 #
b1101000111011010 &
1"
#34180000
0"
#34190000
b11000100111011 !
b11000100111011 '
b111010001000110000 (
b11000100111011100001101111001 )
b100000 *
b11010101001 %
b1100111010111000 #
b1100111010111000 &
1"
#34200000
0"
#34210000
b10111010110000 !
b10111010110000 '
b1001000011011110000 (
b10111010110000110011000001110 )
b100000 *
b11010101010 %
b1100100111000011 #
b1100100111000011 &
1"
#34220000
0"
#34230000
b10101101110010 !
b10101101110010 '
b110111010001110000 (
b10101101110010010101100010101 )
b100000 *
b11010101011 %
b1011111011100010 #
b1011111011100010 &
1"
#34240000
0"
#34250000
b10011110001111 !
b10011110001111 '
b1100110011000000000 (
b10011110001111100011111001100 )
b100000 *
b11010101100 %
b1011011100010110 #
b1011011100010110 &
1"
#34260000
0"
#34270000
b10001100010101 !
b10001100010101 '
b10000001110011110000 (
b10001100010101000101110001100 )
b100000 *
b11010101101 %
b1011000100100110 #
b1011000100100110 &
1"
#34280000
0"
#34290000
b1111000011010 !
b1111000011010 '
b10110010110101110000 (
b1111000011010000101100000011 )
b100000 *
b11010101110 %
b1011010101100010 #
b1011010101100010 &
1"
#34300000
0"
#34310000
b1100010110100 !
b1100010110100 '
b10000110110111110000 (
b1100010110100000111101100111 )
b100000 *
b11010101111 %
b1010001000010011 #
b1010001000010011 &
1"
#34320000
0"
#34330000
b1001011111011 !
b1001011111011 '
b10100011101100110000 (
b1001011111011010011001100011 )
b100000 *
b11010110000 %
b1010100001011010 #
b1010100001011010 &
1"
#34340000
0"
#34350000
b110100000100 !
b110100000100 '
b10110111101011100000 (
b110100000100010001000010010 )
b100000 *
b11010110001 %
b1011011011111000 #
b1011011011111000 &
1"
#34360000
0"
#34370000
b11011100111 !
b11011100111 '
b10111111010000110000 (
b11011100111010111101110100 )
b100000 *
b11010110010 %
b1011011010011100 #
b1011011010011100 &
1"
#34380000
0"
#34390000
b10110110 !
b10110110 '
b11010011100000110000 (
b10110110101111101001010 )
b100000 *
b11010110011 %
b1011100111111000 #
b1011100111111000 &
1"
#34400000
0"
#34410000
b1111101010000100 !
b1111101010000100 '
b11010000011100010000 (
b11111101010000100110001111011110 )
b100000 *
b11010110100 %
b1100100101110010 #
b1100100101110010 &
1"
#34420000
0"
#34430000
b1111010001101001 !
b1111010001101001 '
b11111100011001100000 (
b11111010001101001111110110010011 )
b100000 *
b11010110101 %
b1100101000011010 #
b1100101000011010 &
1"
#34440000
0"
#34450000
b1110111001110000 !
b1110111001110000 '
b100000110010010100000 (
b11110111001110000101111101101001 )
b100000 *
b11010110110 %
b1101010000111010 #
b1101010000111010 &
1"
#34460000
0"
#34470000
b1110100010110010 !
b1110100010110010 '
b100000000001011110000 (
b11110100010110010010101101000101 )
b100000 *
b11010110111 %
b1101111011110000 #
b1101111011110000 &
1"
#34480000
0"
#34490000
b1110001101000010 !
b1110001101000010 '
b11100010100100100000 (
b11110001101000010110000001111100 )
b100000 *
b11010111000 %
b1110010111011010 #
b1110010111011010 &
1"
#34500000
0"
#34510000
b1101111000110110 !
b1101111000110110 '
b11011011110000110000 (
b11101111000110110101101010111110 )
b100000 *
b11010111001 %
b1110000011000100 #
b1110000011000100 &
1"
#34520000
0"
#34530000
b1101100110011100 !
b1101100110011100 '
b11001110000000010000 (
b11101100110011100100000101011010 )
b100000 *
b11010111010 %
b1110010000100101 #
b1110010000100101 &
1"
#34540000
0"
#34550000
b1101010110001010 !
b1101010110001010 '
b10100000101100110000 (
b11101010110001010101100010000111 )
b100000 *
b11010111011 %
b1111001111100111 #
b1111001111100111 &
1"
#34560000
0"
#34570000
b1101001000011001 !
b1101001000011001 '
b1110101100001110000 (
b11101001000011001100110100110011 )
b100000 *
b11010111100 %
b10010 #
b10010 &
1"
#34580000
0"
#34590000
b1100111101011001 !
b1100111101011001 '
b1110110000000100000 (
b11100111101011001000110001001101 )
b100000 *
b11010111101 %
b1111100011110001 #
b1111100011110001 &
1"
#34600000
0"
#34610000
b1100110101001110 !
b1100110101001110 '
b1110001011100110000 (
b11100110101001110000101111011000 )
b100000 *
b11010111110 %
b1111011100010101 #
b1111011100010101 &
1"
#34620000
0"
#34630000
b1100110000000100 !
b1100110000000100 '
b1000100001101110000 (
b11100110000000100100001010011001 )
b100000 *
b11010111111 %
b1111011100101111 #
b1111011100101111 &
1"
#34640000
0"
#34650000
b1100101110000100 !
b1100101110000100 '
b110101010110110000 (
b11100101110000100010000111001000 )
b100000 *
b11011000000 %
b1111110101101011 #
b1111110101101011 &
1"
#34660000
0"
#34670000
b1100101111001010 !
b1100101111001010 '
b1010010001110000 (
b11100101111001010101100011000110 )
b100000 *
b11011000001 %
b1111100111101010 #
b1111100111101010 &
1"
#34680000
0"
#34690000
b1100110011001111 !
b1100110011001111 '
b11010000000010000 (
b11100110011001111010100111001000 )
b100000 *
b11011000010 %
b1111101011001000 #
b1111101011001000 &
1"
#34700000
0"
#34710000
b1100111001111110 !
b1100111001111110 '
b11111111111111110010101111110000 (
b11100111001111110010111001110000 )
b100000 *
b11011000011 %
b1110110111000100 #
b1110110111000100 &
1"
#34720000
0"
#34730000
b1101000011000101 !
b1101000011000101 '
b11111111111111001111110001110000 (
b11101000011000101011101001000111 )
b100000 *
b11011000100 %
b1111011110110010 #
b1111011110110010 &
1"
#34740000
0"
#34750000
b1101001110010000 !
b1101001110010000 '
b11111111111110100110010001010000 (
b11101001110010000010010001100000 )
b100000 *
b11011000101 %
b1111100011001111 #
b1111100011001111 &
1"
#34760000
0"
#34770000
b1101011010111111 !
b1101011010111111 '
b11111111111110011111000111110000 (
b11101011010111111011001001001011 )
b100000 *
b11011000110 %
b1111010001101110 #
b1111010001101110 &
1"
#34780000
0"
#34790000
b1101101000101111 !
b1101101000101111 '
b11111111111110000011101000010000 (
b11101101000101111010101001011101 )
b100000 *
b11011000111 %
b1111100011010110 #
b1111100011010110 &
1"
#34800000
0"
#34810000
b1101110111000100 !
b1101110111000100 '
b11111111111101110101100011100000 (
b11101110111000100100111101100101 )
b100000 *
b11011001000 %
b1111010111111110 #
b1111010111111110 &
1"
#34820000
0"
#34830000
b1110000101011101 !
b1110000101011101 '
b11111111111101101100001010000000 (
b11110000101011101000110101011011 )
b100000 *
b11011001001 %
b1111110110100110 #
b1111110110100110 &
1"
#34840000
0"
#34850000
b1110010011011110 !
b1110010011011110 '
b11111111111101011101010010010000 (
b11110010011011110111011100011001 )
b100000 *
b11011001010 %
b1111011001100101 #
b1111011001100101 &
1"
#34860000
0"
#34870000
b1110100000101111 !
b1110100000101111 '
b11111111111100111100101001100000 (
b11110100000101111100000100011100 )
b100000 *
b11011001011 %
b11110 #
b11110 &
1"
#34880000
0"
#34890000
b1110101101000001 !
b1110101101000001 '
b11111111111100100101010000100000 (
b11110101101000001100110001000101 )
b100000 *
b11011001100 %
b1111100101010111 #
b1111100101010111 &
1"
#34900000
0"
#34910000
b1110111000000001 !
b1110111000000001 '
b11111111111100010011011100100000 (
b11110111000000001101111110100110 )
b100000 *
b11011001101 %
b1111111001000100 #
b1111111001000100 &
1"
#34920000
0"
#34930000
b1111000001101010 !
b1111000001101010 '
b11111111111100100000001001100000 (
b11111000001101010100100100111110 )
b100000 *
b11011001110 %
b10110000000 #
b10110000000 &
1"
#34940000
0"
#34950000
b1111001001111001 !
b1111001001111001 '
b11111111111011100110001110010000 (
b11111001001111001000010001101010 )
b100000 *
b11011001111 %
b1111101001000100 #
b1111101001000100 &
1"
#34960000
0"
#34970000
b1111010000110011 !
b1111010000110011 '
b11111111111011111001000011100000 (
b11111010000110011000011010010000 )
b100000 *
b11011010000 %
b110110010 #
b110110010 &
1"
#34980000
0"
#34990000
b1111010110011101 !
b1111010110011101 '
b11111111111100100100111010000000 (
b11111010110011101011011010011100 )
b100000 *
b11011010001 %
b1111010010101101 #
b1111010010101101 &
1"
#35000000
0"
#35010000
b1111011010111011 !
b1111011010111011 '
b11111111111100100011110101000000 (
b11111011010111011011000000111100 )
b100000 *
b11011010010 %
b1110011111 #
b1110011111 &
1"
#35020000
0"
#35030000
b1111011110100100 !
b1111011110100100 '
b11111111111100101101111010000000 (
b11111011110100100101111101000010 )
b100000 *
b11011010011 %
b1111010000111001 #
b1111010000111001 &
1"
#35040000
0"
#35050000
b1111100001011100 !
b1111100001011100 '
b11111111111101011100010101100000 (
b11111100001011100011000011011011 )
b100000 *
b11011010100 %
b1111101000110010 #
b1111101000110010 &
1"
#35060000
0"
#35070000
b1111100011110000 !
b1111100011110000 '
b11111111111101011110010011100000 (
b11111100011110000101001000000010 )
b100000 *
b11011010101 %
b1111100011111011 #
b1111100011111011 &
1"
#35080000
0"
#35090000
b1111100101101101 !
b1111100101101101 '
b11111111111101111100101011100000 (
b11111100101101101100110001111110 )
b100000 *
b11011010110 %
b1111010011100100 #
b1111010011100100 &
1"
#35100000
0"
#35110000
b1111100111010111 !
b1111100111010111 '
b11111111111110011100110100000000 (
b11111100111010111010010010110011 )
b100000 *
b11011010111 %
b1111010000110011 #
b1111010000110011 &
1"
#35120000
0"
#35130000
b1111101000110100 !
b1111101000110100 '
b11111111111110110001100011100000 (
b11111101000110100000010011001100 )
b100000 *
b11011011000 %
b1111111001010011 #
b1111111001010011 &
1"
#35140000
0"
#35150000
b1111101010001010 !
b1111101010001010 '
b11111111111110100010010011000000 (
b11111101010001010101101011011111 )
b100000 *
b11011011001 %
b1111010000000111 #
b1111010000000111 &
1"
#35160000
0"
#35170000
b1111101011011010 !
b1111101011011010 '
b11111111111110101100011011110000 (
b11111101011011010010011100000111 )
b100000 *
b11011011010 %
b1111010001100110 #
b1111010001100110 &
1"
#35180000
0"
#35190000
b1111101100100001 !
b1111101100100001 '
b11111111111111011011101101010000 (
b11111101100100001110000100100000 )
b100000 *
b11011011011 %
b100101001 #
b100101001 &
1"
#35200000
0"
#35210000
b1111101101011111 !
b1111101101011111 '
b1101100000 (
b11111101101011111010100110111100 )
b100000 *
b11011011100 %
b1111101110000011 #
b1111101110000011 &
1"
#35220000
0"
#35230000
b1111101110001101 !
b1111101110001101 '
b11111111111111101010110100110000 (
b11111101110001101000000010101101 )
b100000 *
b11011011101 %
b1111110110010001 #
b1111110110010001 &
1"
#35240000
0"
#35250000
b1111101110110000 !
b1111101110110000 '
b11111111111111100101001111110000 (
b11111101110110000000011011011011 )
b100000 *
b11011011110 %
b1111011100100010 #
b1111011100100010 &
1"
#35260000
0"
#35270000
b1111101111000010 !
b1111101111000010 '
b11111111111111100101100011010000 (
b11111101111000010010100100101100 )
b100000 *
b11011011111 %
b1111101011011100 #
b1111101011011100 &
1"
#35280000
0"
#35290000
b1111101111000100 !
b1111101111000100 '
b11111111111111111000010000010000 (
b11111101111000100111001010011001 )
b100000 *
b11011100000 %
b1111110110001111 #
b1111110110001111 &
1"
#35300000
0"
#35310000
b1111101110110111 !
b1111101110110111 '
b11111111111111101101101111100000 (
b11111101110110111100001110011001 )
b100000 *
b11011100001 %
b1111110011111000 #
b1111110011111000 &
1"
#35320000
0"
#35330000
b1111101110011110 !
b1111101110011110 '
b11111111111111110000010110000000 (
b11111101110011110001111110100100 )
b100000 *
b11011100010 %
b10101100010 #
b10101100010 &
1"
#35340000
0"
#35350000
b1111101101111110 !
b1111101101111110 '
b11111111111111001001010011000000 (
b11111101101111110000101101010000 )
b100000 *
b11011100011 %
b1111100100101000 #
b1111100100101000 &
1"
#35360000
0"
#35370000
b1111101101011001 !
b1111101101011001 '
b11111111111111100111000101100000 (
b11111101101011001011101010001010 )
b100000 *
b11011100100 %
b1111101110110101 #
b1111101110110101 &
1"
#35380000
0"
#35390000
b1111101100110011 !
b1111101100110011 '
b11111111111111101010011011010000 (
b11111101100110011000101011000001 )
b100000 *
b11011100101 %
b11011011 #
b11011011 &
1"
#35400000
0"
#35410000
b1111101100010011 !
b1111101100010011 '
b11111111111111011101010010100000 (
b11111101100010011001101110101011 )
b100000 *
b11011100110 %
b110010010 #
b110010010 &
1"
#35420000
0"
#35430000
b1111101011111110 !
b1111101011111110 '
b11111111111111101010100000100000 (
b11111101011111110100011111111000 )
b100000 *
b11011100111 %
b1111001010111100 #
b1111001010111100 &
1"
#35440000
0"
#35450000
b1111101011110001 !
b1111101011110001 '
b11111111111111100001111110100000 (
b11111101011110001110110100100100 )
b100000 *
b11011101000 %
b1111101011110100 #
b1111101011110100 &
1"
#35460000
0"
#35470000
b1111101011110111 !
b1111101011110111 '
b11111111111111111000111100100000 (
b11111101011110111000101101100010 )
b100000 *
b11011101001 %
b1111100110011110 #
b1111100110011110 &
1"
#35480000
0"
#35490000
b1111101100001000 !
b1111101100001000 '
b11111111111111100011001011110000 (
b11111101100001000010101001110001 )
b100000 *
b11011101010 %
b1111110100011111 #
b1111110100011111 &
1"
#35500000
0"
#35510000
b1111101100101010 !
b1111101100101010 '
b10110100000 (
b11111101100101010111000111010000 )
b100000 *
b11011101011 %
b1111111111110110 #
b1111111111110110 &
1"
#35520000
0"
#35530000
b1111101101010111 !
b1111101101010111 '
b11111111111111101100000001010000 (
b11111101101010111000110100011001 )
b100000 *
b11011101100 %
b1111111110111001 #
b1111111110111001 &
1"
#35540000
0"
#35550000
b1111101110001101 !
b1111101110001101 '
b11111111111111111010110011000000 (
b11111101110001101101010111000001 )
b100000 *
b11011101101 %
b1101101000 #
b1101101000 &
1"
#35560000
0"
#35570000
b1111101111001000 !
b1111101111001000 '
b10000100000000000 (
b11111101111001000110100100100110 )
b100000 *
b11011101110 %
b1111111111111011 #
b1111111111111011 &
1"
#35580000
0"
#35590000
b1111110000000011 !
b1111110000000011 '
b11111111111111101110110011000000 (
b11111110000000011011100100100010 )
b100000 *
b11011101111 %
b1111111101101101 #
b1111111101101101 &
1"
#35600000
0"
#35610000
b1111110001000000 !
b1111110001000000 '
b101000101100000 (
b11111110001000000111010111010001 )
b100000 *
b11011110000 %
b1011000110 #
b1011000110 &
1"
#35620000
0"
#35630000
b1111110001111010 !
b1111110001111010 '
b11111111111111011110000001110000 (
b11111110001111010010000101111100 )
b100000 *
b11011110001 %
b111111 #
b111111 &
1"
#35640000
0"
#35650000
b1111110010110010 !
b1111110010110010 '
b1010110111010000 (
b11111110010110010110001110110111 )
b100000 *
b11011110010 %
b1111011101100101 #
b1111011101100101 &
1"
#35660000
0"
#35670000
b1111110011100000 !
b1111110011100000 '
b11111111111111011100101010110000 (
b11111110011100000001000100011111 )
b100000 *
b11011110011 %
b1111111011011100 #
b1111111011011100 &
1"
#35680000
0"
#35690000
b1111110100001111 !
b1111110100001111 '
b11111111111111101110100101100000 (
b11111110100001111010011001101100 )
b100000 *
b11011110100 %
b1111010111110010 #
b1111010111110010 &
1"
#35700000
0"
#35710000
b1111110100110110 !
b1111110100110110 '
b11111111111111101010111100010000 (
b11111110100110110100000011110101 )
b100000 *
b11011110101 %
b10000111001 #
b10000111001 &
1"
#35720000
0"
#35730000
b1111110101011110 !
b1111110101011110 '
b11111111111111011110101011000000 (
b11111110101011110111001101000110 )
b100000 *
b11011110110 %
b1111001111011111 #
b1111001111011111 &
1"
#35740000
0"
#35750000
b1111110110000001 !
b1111110110000001 '
b11111111111111011100100110010000 (
b11111110110000001100111100010101 )
b100000 *
b11011110111 %
b1111101111111000 #
b1111101111111000 &
1"
#35760000
0"
#35770000
b1111110110100100 !
b1111110110100100 '
b11111111111111111010111110010000 (
b11111110110100100001000100001111 )
b100000 *
b11011111000 %
b1111111101100011 #
b1111111101100011 &
1"
#35780000
0"
#35790000
b1111110111000011 !
b1111110111000011 '
b11111111111111011100000101010000 (
b11111110111000011001000101001111 )
b100000 *
b11011111001 %
b1111111011010100 #
b1111111011010100 &
1"
#35800000
0"
#35810000
b1111110111100010 !
b1111110111100010 '
b11111111111111011101001100100000 (
b11111110111100010111101010000111 )
b100000 *
b11011111010 %
b100011001001 #
b100011001001 &
1"
#35820000
0"
#35830000
b1111111000000010 !
b1111111000000010 '
b11011110110000 (
b11111111000000010001101010111111 )
b100000 *
b11011111011 %
b1111111110001101 #
b1111111110001101 &
1"
#35840000
0"
#35850000
b1111111000011000 !
b1111111000011000 '
b11111111111111110010100010010000 (
b11111111000011000001000011110110 )
b100000 *
b11011111100 %
b1111110000111111 #
b1111110000111111 &
1"
#35860000
0"
#35870000
b1111111000101011 !
b1111111000101011 '
b11111111111111111000101100110000 (
b11111111000101011001000010001101 )
b100000 *
b11011111101 %
b1010000100 #
b1010000100 &
1"
#35880000
0"
#35890000
b1111111000111010 !
b1111111000111010 '
b11111111111111100101011001100000 (
b11111111000111010101010011111001 )
b100000 *
b11011111110 %
b1111100101110100 #
b1111100101110100 &
1"
#35900000
0"
#35910000
b1111111001000101 !
b1111111001000101 '
b11111111111111110000100101000000 (
b11111111001000101001000010011110 )
b100000 *
b11011111111 %
b1010001011 #
b1010001011 &
1"
#35920000
0"
#35930000
b1111111001001100 !
b1111111001001100 '
b11111111111111111000101011010000 (
b11111111001001100110101111111101 )
b100000 *
b11100000000 %
b100101001 #
b100101001 &
1"
#35940000
0"
#35950000
b1111111001010000 !
b1111111001010000 '
b11111111111111110110111010000000 (
b11111111001010000100110110000100 )
b100000 *
b11100000001 %
b1111110111111100 #
b1111110111111100 &
1"
#35960000
0"
#35970000
b1111111001010010 !
b1111111001010010 '
b10000001001100000 (
b11111111001010010000011111000110 )
b100000 *
b11100000010 %
b1111110011101111 #
b1111110011101111 &
1"
#35980000
0"
#35990000
b1111111001010000 !
b1111111001010000 '
b11111111111111101011011110000000 (
b11111111001010000101111000001010 )
b100000 *
b11100000011 %
b1111101000100101 #
b1111101000100101 &
1"
#36000000
0"
#36010000
b1111111001010011 !
b1111111001010011 '
b11111111111111110011000111110000 (
b11111111001010011111100011011000 )
b100000 *
b11100000100 %
b1111011010111111 #
b1111011010111111 &
1"
#36020000
0"
#36030000
b1111111001010111 !
b1111111001010111 '
b10100100010000 (
b11111111001010111001100100101011 )
b100000 *
b11100000101 %
b1111111001010000 #
b1111111001010000 &
1"
#36040000
0"
#36050000
b1111111001011101 !
b1111111001011101 '
b100101101100000 (
b11111111001011101110110001001101 )
b100000 *
b11100000110 %
b10010010101 #
b10010010101 &
1"
#36060000
0"
#36070000
b1111111001101000 !
b1111111001101000 '
b11111111111111011000001101000000 (
b11111111001101000010011000100111 )
b100000 *
b11100000111 %
b1111110100010010 #
b1111110100010010 &
1"
#36080000
0"
#36090000
b1111111001110111 !
b1111111001110111 '
b11111111111111110000110111000000 (
b11111111001110111110100000011000 )
b100000 *
b11100001000 %
b100011110101 #
b100011110101 &
1"
#36100000
0"
#36110000
b1111111010001001 !
b1111111010001001 '
b11111111111111101100110110100000 (
b11111111010001001100000001110100 )
b100000 *
b11100001001 %
b1111110001101100 #
b1111110001101100 &
1"
#36120000
0"
#36130000
b1111111010011001 !
b1111111010011001 '
b11111111111111110111010111010000 (
b11111111010011001101001110010111 )
b100000 *
b11100001010 %
b110000001100 #
b110000001100 &
1"
#36140000
0"
#36150000
b1111111010101101 !
b1111111010101101 '
b11111111111111111111111000100000 (
b11111111010101101010001111011011 )
b100000 *
b11100001011 %
b1111110110101011 #
b1111110110101011 &
1"
#36160000
0"
#36170000
b1111111010111100 !
b1111111010111100 '
b11111111111111111111001010110000 (
b11111111010111100000001010010111 )
b100000 *
b11100001100 %
b111010111 #
b111010111 &
1"
#36180000
0"
#36190000
b1111111011001011 !
b1111111011001011 '
b1010001110000000 (
b11111111011001011100100100111010 )
b100000 *
b11100001101 %
b100011001101 #
b100011001101 &
1"
#36200000
0"
#36210000
b1111111011011011 !
b1111111011011011 '
b11111111111111111111111100010000 (
b11111111011011011111110000001101 )
b100000 *
b11100001110 %
b11111100011 #
b11111100011 &
1"
#36220000
0"
#36230000
b1111111011101110 !
b1111111011101110 '
b11111111111111111110010001110000 (
b11111111011101110000000101011101 )
b100000 *
b11100001111 %
b1111110111010001 #
b1111110111010001 &
1"
#36240000
0"
#36250000
b1111111100000000 !
b1111111100000000 '
b1000010100100000 (
b11111111100000000001110001111001 )
b100000 *
b11100010000 %
b10110011001 #
b10110011001 &
1"
#36260000
0"
#36270000
b1111111100010111 !
b1111111100010111 '
b101111010000 (
b11111111100010111011010101000100 )
b100000 *
b11100010001 %
b1111110000111100 #
b1111110000111100 &
1"
#36280000
0"
#36290000
b1111111100110010 !
b1111111100110010 '
b11111111111111100110001011110000 (
b11111111100110010110010111010101 )
b100000 *
b11100010010 %
b1111100101010100 #
b1111100101010100 &
1"
#36300000
0"
#36310000
b1111111101010111 !
b1111111101010111 '
b11111111111111111100100101000000 (
b11111111101010111001001110000011 )
b100000 *
b11100010011 %
b10110010001 #
b10110010001 &
1"
#36320000
0"
#36330000
b1111111110000100 !
b1111111110000100 '
b11111111111111100001110101100000 (
b11111111110000100010100010001010 )
b100000 *
b11100010100 %
b1111100101110011 #
b1111100101110011 &
1"
#36340000
0"
#36350000
b1111111110111001 !
b1111111110111001 '
b1100101010110000 (
b11111111110111001000011001011110 )
b100000 *
b11100010101 %
b1111011101111011 #
b1111011101111011 &
1"
#36360000
0"
#36370000
b1111111111101111 !
b1111111111101111 '
b11111111111111011011100111010000 (
b11111111111101111101001001101110 )
b100000 *
b11100010110 %
b1000111101 #
b1000111101 &
1"
#36380000
0"
#36390000
b110001 !
b110001 '
b11111111111111110011111010000000 (
b110001011101110011101 )
b100000 *
b11100010111 %
b101000110011 #
b101000110011 &
1"
#36400000
0"
#36410000
b1110010 !
b1110010 '
b11111111111111111110001010010000 (
b1110010011101110100000 )
b100000 *
b11100011000 %
b100111100111 #
b100111100111 &
1"
#36420000
0"
#36430000
b10101111 !
b10101111 '
b11111111111111111100011111000000 (
b10101111101110010011001 )
b100000 *
b11100011001 %
b1111110010010011 #
b1111110010010011 &
1"
#36440000
0"
#36450000
b11100011 !
b11100011 '
b11010010110110000 (
b11100011001110111010101 )
b100000 *
b11100011010 %
b10011111010 #
b10011111010 &
1"
#36460000
0"
#36470000
b100001101 !
b100001101 '
b11111111111111111110101001110000 (
b100001101010100101110000 )
b100000 *
b11100011011 %
b100101110101 #
b100101110101 &
1"
#36480000
0"
#36490000
b100110000 !
b100110000 '
b11111111111111110100101111010000 (
b100110000001000000110000 )
b100000 *
b11100011100 %
b101011100101 #
b101011100101 &
1"
#36500000
0"
#36510000
b101001001 !
b101001001 '
b111100011000000 (
b101001001010011010011111 )
b100000 *
b11100011101 %
b111001110101 #
b111001110101 &
1"
#36520000
0"
#36530000
b101010111 !
b101010111 '
b11111111111111101100010111000000 (
b101010111111010100101010 )
b100000 *
b11100011110 %
b111100100110 #
b111100100110 &
1"
#36540000
0"
#36550000
b101100010 !
b101100010 '
b111101000010000 (
b101100010101110110011011 )
b100000 *
b11100011111 %
b101111111001 #
b101111111001 &
1"
#36560000
0"
#36570000
b101100111 !
b101100111 '
b11011110110000 (
b101100111110111110100101 )
b100000 *
b11100100000 %
b11011100 #
b11011100 &
1"
#36580000
0"
#36590000
b101101110 !
b101101110 '
b11111111111111111001111101000000 (
b101101110011010000101111 )
b100000 *
b11100100001 %
b100011101010 #
b100011101010 &
1"
#36600000
0"
#36610000
b101111111 !
b101111111 '
b11111111111111110110110011010000 (
b101111111111110011100011 )
b100000 *
b11100100010 %
b1000110101 #
b1000110101 &
1"
#36620000
0"
#36630000
b110011101 !
b110011101 '
b11111111111111101110011011110000 (
b110011101000111101001000 )
b100000 *
b11100100011 %
b1000000100100 #
b1000000100100 &
1"
#36640000
0"
#36650000
b111001111 !
b111001111 '
b11111111111111100100001111010000 (
b111001111011001111011101 )
b100000 *
b11100100100 %
b1001101001111 #
b1001101001111 &
1"
#36660000
0"
#36670000
b1000010110 !
b1000010110 '
b11111111111111111010111100000000 (
b1000010110010110011100101 )
b100000 *
b11100100101 %
b10110101 #
b10110101 &
1"
#36680000
0"
#36690000
b1001101010 !
b1001101010 '
b1101101111110000 (
b1001101010110110101011000 )
b100000 *
b11100100110 %
b111111001010 #
b111111001010 &
1"
#36700000
0"
#36710000
b1011010101 !
b1011010101 '
b11111111111111110111001101100000 (
b1011010101110000011000101 )
b100000 *
b11100100111 %
b101001010001 #
b101001010001 &
1"
#36720000
0"
#36730000
b1101010010 !
b1101010010 '
b11010110111110000 (
b1101010010011111001100010 )
b100000 *
b11100101000 %
b101000101111 #
b101000101111 &
1"
#36740000
0"
#36750000
b1111011000 !
b1111011000 '
b11111111111111110101010001000000 (
b1111011000010001101110111 )
b100000 *
b11100101001 %
b100010100100 #
b100010100100 &
1"
#36760000
0"
#36770000
b10001101001 !
b10001101001 '
b100100001001000000 (
b10001101001011001101011110 )
b100000 *
b11100101010 %
b1010000111000 #
b1010000111000 &
1"
#36780000
0"
#36790000
b10011111100 !
b10011111100 '
b11111111111111111001000000010000 (
b10011111100101001001001111 )
b100000 *
b11100101011 %
b1000001000110 #
b1000001000110 &
1"
#36800000
0"
#36810000
b10110010010 !
b10110010010 '
b101100001010000 (
b10110010010001010110010111 )
b100000 *
b11100101100 %
b111001000100 #
b111001000100 &
1"
#36820000
0"
#36830000
b11000100000 !
b11000100000 '
b11010011001110000 (
b11000100000100001111110111 )
b100000 *
b11100101101 %
b1000110010010 #
b1000110010010 &
1"
#36840000
0"
#36850000
b11010100101 !
b11010100101 '
b10111101010010000 (
b11010100101101011010111010 )
b100000 *
b11100101110 %
b1010100101110 #
b1010100101110 &
1"
#36860000
0"
#36870000
b11100100010 !
b11100100010 '
b11111111111111111001011100110000 (
b11100100010010001101110010 )
b100000 *
b11100101111 %
b110000011010 #
b110000011010 &
1"
#36880000
0"
#36890000
b11110010101 !
b11110010101 '
b10000110010110000 (
b11110010101001000000101010 )
b100000 *
b11100110000 %
b110100001100 #
b110100001100 &
1"
#36900000
0"
#36910000
b11111111100 !
b11111111100 '
b11111111111111110100101101000000 (
b11111111100101000101111110 )
b100000 *
b11100110001 %
b1010100110011 #
b1010100110011 &
1"
#36920000
0"
#36930000
b100001100010 !
b100001100010 '
b11111111111111101011111111000000 (
b100001100010001110110000101 )
b100000 *
b11100110010 %
b1101001011010 #
b1101001011010 &
1"
#36940000
0"
#36950000
b100011000101 !
b100011000101 '
b10000101100110000 (
b100011000101001111101000100 )
b100000 *
b11100110011 %
b1100100110010 #
b1100100110010 &
1"
#36960000
0"
#36970000
b100100100011 !
b100100100011 '
b11111111111111101100010110010000 (
b100100100011011011000111111 )
b100000 *
b11100110100 %
b1001011000011 #
b1001011000011 &
1"
#36980000
0"
#36990000
b100110000101 !
b100110000101 '
b11111111111111100110011100010000 (
b100110000101001101000010001 )
b100000 *
b11100110101 %
b110100011001 #
b110100011001 &
1"
#37000000
0"
#37010000
b100111101001 !
b100111101001 '
b110101101110000 (
b100111101001101001100111010 )
b100000 *
b11100110110 %
b100001111100 #
b100001111100 &
1"
#37020000
0"
#37030000
b101001010000 !
b101001010000 '
b11110100110010000 (
b101001010000010000111100101 )
b100000 *
b11100110111 %
b1000001001011 #
b1000001001011 &
1"
#37040000
0"
#37050000
b101010111101 !
b101010111101 '
b11101101101010000 (
b101010111101000000011001110 )
b100000 *
b11100111000 %
b1101101100001 #
b1101101100001 &
1"
#37060000
0"
#37070000
b101100110010 !
b101100110010 '
b11111111111111110101101110010000 (
b101100110010100010101101101 )
b100000 *
b11100111001 %
b1001101011000 #
b1001101011000 &
1"
#37080000
0"
#37090000
b101110101101 !
b101110101101 '
b1110111011100000 (
b101110101101110111011111111 )
b100000 *
b11100111010 %
b1100000101011 #
b1100000101011 &
1"
#37100000
0"
#37110000
b110000101010 !
b110000101010 '
b11100010111110000 (
b110000101010000111011010000 )
b100000 *
b11100111011 %
b1011101110011 #
b1011101110011 &
1"
#37120000
0"
#37130000
b110010100100 !
b110010100100 '
b100000101011110000 (
b110010100100111111101010110 )
b100000 *
b11100111100 %
b101010111011 #
b101010111011 &
1"
#37140000
0"
#37150000
b110100011010 !
b110100011010 '
b101011010111110000 (
b110100011010010001000111110 )
b100000 *
b11100111101 %
b1110000001110 #
b1110000001110 &
1"
#37160000
0"
#37170000
b110110001110 !
b110110001110 '
b101101011100100000 (
b110110001110101110100100001 )
b100000 *
b11100111110 %
b1111110101001 #
b1111110101001 &
1"
#37180000
0"
#37190000
b110111111101 !
b110111111101 '
b100011111010110000 (
b110111111101110011000101100 )
b100000 *
b11100111111 %
b1010010111101 #
b1010010111101 &
1"
#37200000
0"
#37210000
b111001100011 !
b111001100011 '
b10100101000000 (
b111001100011101100111101101 )
b100000 *
b11101000000 %
b1100110110010 #
b1100110110010 &
1"
#37220000
0"
#37230000
b111011000111 !
b111011000111 '
b11010101111100000 (
b111011000111010010000101010 )
b100000 *
b11101000001 %
b1000001011010 #
b1000001011010 &
1"
#37240000
0"
#37250000
b111100011111 !
b111100011111 '
b110100111110000 (
b111100011111101110001101110 )
b100000 *
b11101000010 %
b1011011101101 #
b1011011101101 &
1"
#37260000
0"
#37270000
b111101110110 !
b111101110110 '
b110000011011000000 (
b111101110110010110001000101 )
b100000 *
b11101000011 %
b1111001100011 #
b1111001100011 &
1"
#37280000
0"
#37290000
b111111000110 !
b111111000110 '
b111001111011010000 (
b111111000110010101111101001 )
b100000 *
b11101000100 %
b1100111100000 #
b1100111100000 &
1"
#37300000
0"
#37310000
b1000000010001 !
b1000000010001 '
b10000111110000 (
b1000000010001111010010110111 )
b100000 *
b11101000101 %
b111100111001 #
b111100111001 &
1"
#37320000
0"
#37330000
b1000001011110 !
b1000001011110 '
b101111010111100000 (
b1000001011110111100001000011 )
b100000 *
b11101000110 %
b110100111011 #
b110100111011 &
1"
#37340000
0"
#37350000
b1000010100110 !
b1000010100110 '
b11110111100110000 (
b1000010100110111000001010011 )
b100000 *
b11101000111 %
b1001001011110 #
b1001001011110 &
1"
#37360000
0"
#37370000
b1000011110010 !
b1000011110010 '
b11110100011010000 (
b1000011110010100110011101010 )
b100000 *
b11101001000 %
b1000010000111 #
b1000010000111 &
1"
#37380000
0"
#37390000
b1000100111101 !
b1000100111101 '
b11001111011000000 (
b1000100111101001111101010100 )
b100000 *
b11101001001 %
b1000100010000 #
b1000100010000 &
1"
#37400000
0"
#37410000
b1000110000101 !
b1000110000101 '
b111100101010000000 (
b1000110000101100110110001010 )
b100000 *
b11101001010 %
b1011110001001 #
b1011110001001 &
1"
#37420000
0"
#37430000
b1000111000111 !
b1000111000111 '
b110000110100100000 (
b1000111000111111000010001001 )
b100000 *
b11101001011 %
b1000111001110 #
b1000111001110 &
1"
#37440000
0"
#37450000
b1001000000011 !
b1001000000011 '
b101010110011000000 (
b1001000000011000101011001010 )
b100000 *
b11101001100 %
b1100011010110 #
b1100011010110 &
1"
#37460000
0"
#37470000
b1001000110111 !
b1001000110111 '
b110100101101100000 (
b1001000110111001100101010110 )
b100000 *
b11101001101 %
b111110111110 #
b111110111110 &
1"
#37480000
0"
#37490000
b1001001011100 !
b1001001011100 '
b111111100010100000 (
b1001001011100110010011001101 )
b100000 *
b11101001110 %
b111011101101 #
b111011101101 &
1"
#37500000
0"
#37510000
b1001001110011 !
b1001001110011 '
b100100010011100000 (
b1001001110011001100110100010 )
b100000 *
b11101001111 %
b1001101010000 #
b1001101010000 &
1"
#37520000
0"
#37530000
b1001001111101 !
b1001001111101 '
b100111001001000000 (
b1001001111101101110111110100 )
b100000 *
b11101010000 %
b1000100010100 #
b1000100010100 &
1"
#37540000
0"
#37550000
b1001001110111 !
b1001001110111 '
b111111100110010000 (
b1001001110111101011011010011 )
b100000 *
b11101010001 %
b110101110111 #
b110101110111 &
1"
#37560000
0"
#37570000
b1001001011111 !
b1001001011111 '
b1001111000011100000 (
b1001001011111000100101110010 )
b100000 *
b11101010010 %
b11000001110 #
b11000001110 &
1"
#37580000
0"
#37590000
b1001000110101 !
b1001000110101 '
b1001011100101100000 (
b1001000110101001100110100110 )
b100000 *
b11101010011 %
b100000011101 #
b100000011101 &
1"
#37600000
0"
#37610000
b1000111111110 !
b1000111111110 '
b111000010010010000 (
b1000111111110100000100001001 )
b100000 *
b11101010100 %
b1000010100001 #
b1000010100001 &
1"
#37620000
0"
#37630000
b1000110111110 !
b1000110111110 '
b100111010010110000 (
b1000110111110110001010010010 )
b100000 *
b11101010101 %
b111111100110 #
b111111100110 &
1"
#37640000
0"
#37650000
b1000101110101 !
b1000101110101 '
b11001011101000000 (
b1000101110101001100010101110 )
b100000 *
b11101010110 %
b10100111111 #
b10100111111 &
1"
#37660000
0"
#37670000
b1000100100001 !
b1000100100001 '
b110000111000010000 (
b1000100100001100110000000011 )
b100000 *
b11101010111 %
b110100000101 #
b110100000101 &
1"
#37680000
0"
#37690000
b1000011000111 !
b1000011000111 '
b1010010001000110000 (
b1000011000111010001110001001 )
b100000 *
b11101011000 %
b111011000011 #
b111011000011 &
1"
#37700000
0"
#37710000
b1000001100101 !
b1000001100101 '
b111010000010000000 (
b1000001100101010111001111001 )
b100000 *
b11101011001 %
b10110101110 #
b10110101110 &
1"
#37720000
0"
#37730000
b111111111111 !
b111111111111 '
b1001000100000010000 (
b111111111111010100110010001 )
b100000 *
b11101011010 %
b11000111011 #
b11000111011 &
1"
#37740000
0"
#37750000
b111110010011 !
b111110010011 '
b1000110010110010000 (
b111110010011100100001011001 )
b100000 *
b11101011011 %
b1000100011001 #
b1000100011001 &
1"
#37760000
0"
#37770000
b111100100110 !
b111100100110 '
b100000001100010000 (
b111100100110001111111010101 )
b100000 *
b11101011100 %
b110100111 #
b110100111 &
1"
#37780000
0"
#37790000
b111010110100 !
b111010110100 '
b1010100001010100000 (
b111010110100011000000011011 )
b100000 *
b11101011101 %
b110010001111 #
b110010001111 &
1"
#37800000
0"
#37810000
b111000111011 !
b111000111011 '
b1011110111110110000 (
b111000111011111100000111100 )
b100000 *
b11101011110 %
b111011101101 #
b111011101101 &
1"
#37820000
0"
#37830000
b110111000000 !
b110111000000 '
b111110001101110000 (
b110111000000011000001001001 )
b100000 *
b11101011111 %
b11000101 #
b11000101 &
1"
#37840000
0"
#37850000
b110101000001 !
b110101000001 '
b1001101000101100000 (
b110101000001111101010101001 )
b100000 *
b11101100000 %
b100101001010 #
b100101001010 &
1"
#37860000
0"
#37870000
b110011000010 !
b110011000010 '
b110001000011100000 (
b110011000010010010110001001 )
b100000 *
b11101100001 %
b1111110110 #
b1111110110 &
1"
#37880000
0"
#37890000
b110001000011 !
b110001000011 '
b1000100110001110000 (
b110001000011011001111110000 )
b100000 *
b11101100010 %
b101001110101 #
b101001110101 &
1"
#37900000
0"
#37910000
b101111000101 !
b101111000101 '
b1011011001010010000 (
b101111000101001000111001000 )
b100000 *
b11101100011 %
b11111011011 #
b11111011011 &
1"
#37920000
0"
#37930000
b101101000111 !
b101101000111 '
b1001101101000000000 (
b101101000111010001111111010 )
b100000 *
b11101100100 %
b110010110 #
b110010110 &
1"
#37940000
0"
#37950000
b101011001101 !
b101011001101 '
b101101101010110000 (
b101011001101010001001011000 )
b100000 *
b11101100101 %
b110100111000 #
b110100111000 &
1"
#37960000
0"
#37970000
b101001011101 !
b101001011101 '
b100111101100010000 (
b101001011101011100101001110 )
b100000 *
b11101100110 %
b110100100001 #
b110100100001 &
1"
#37980000
0"
#37990000
b100111110011 !
b100111110011 '
b110111000110100000 (
b100111110011011001000111011 )
b100000 *
b11101100111 %
b11011101110 #
b11011101110 &
1"
#38000000
0"
#38010000
b100110001101 !
b100110001101 '
b110001100101010000 (
b100110001101011101101000111 )
b100000 *
b11101101000 %
b110011010001 #
b110011010001 &
1"
#38020000
0"
#38030000
b100100110001 !
b100100110001 '
b110011001100000000 (
b100100110001100000000011100 )
b100000 *
b11101101001 %
b1101000001 #
b1101000001 &
1"
#38040000
0"
#38050000
b100011011011 !
b100011011011 '
b1000110100110110000 (
b100011011011001000100100010 )
b100000 *
b11101101010 %
b1111010110 #
b1111010110 &
1"
#38060000
0"
#38070000
b100010001011 !
b100010001011 '
b110101011010100000 (
b100010001011110011011001010 )
b100000 *
b11101101011 %
b10001000101 #
b10001000101 &
1"
#38080000
0"
#38090000
b100001000110 !
b100001000110 '
b1001010100000100000 (
b100001000110011100111100010 )
b100000 *
b11101101100 %
b100110100010 #
b100110100010 &
1"
#38100000
0"
#38110000
b100000000111 !
b100000000111 '
b101111001110100000 (
b100000000111001000100110101 )
b100000 *
b11101101101 %
b11110001000 #
b11110001000 &
1"
#38120000
0"
#38130000
b11111010000 !
b11111010000 '
b101100110001110000 (
b11111010000110110110010011 )
b100000 *
b11101101110 %
b1010000000100 #
b1010000000100 &
1"
#38140000
0"
#38150000
b11110100011 !
b11110100011 '
b111001111100000000 (
b11110100011110010000111100 )
b100000 *
b11101101111 %
b100111100100 #
b100111100100 &
1"
#38160000
0"
#38170000
b11101111000 !
b11101111000 '
b110011001111000000 (
b11101111000101010110011011 )
b100000 *
b11101110000 %
b110100100110 #
b110100100110 &
1"
#38180000
0"
#38190000
b11101010110 !
b11101010110 '
b101000011001010000 (
b11101010110000110101011111 )
b100000 *
b11101110001 %
b110100111011 #
b110100111011 &
1"
#38200000
0"
#38210000
b11100111011 !
b11100111011 '
b10010001010100000 (
b11100111011101011011111100 )
b100000 *
b11101110010 %
b110000110111 #
b110000110111 &
1"
#38220000
0"
#38230000
b11100101010 !
b11100101010 '
b11000010101110000 (
b11100101010111101111010000 )
b100000 *
b11101110011 %
b101101010000 #
b101101010000 &
1"
#38240000
0"
#38250000
b11100100001 !
b11100100001 '
b110001111000110000 (
b11100100001100101110110110 )
b100000 *
b11101110100 %
b1000011001110 #
b1000011001110 &
1"
#38260000
0"
#38270000
b11100100000 !
b11100100000 '
b101111101100100000 (
b11100100000101111111100111 )
b100000 *
b11101110101 %
b10010010100 #
b10010010100 &
1"
#38280000
0"
#38290000
b11100100111 !
b11100100111 '
b1111101111010000 (
b11100100111010100110010100 )
b100000 *
b11101110110 %
b1001100000011 #
b1001100000011 &
1"
#38300000
0"
#38310000
b11100111110 !
b11100111110 '
b100111000011110000 (
b11100111110001100011011011 )
b100000 *
b11101110111 %
b111001000001 #
b111001000001 &
1"
#38320000
0"
#38330000
b11101011010 !
b11101011010 '
b101100010010010000 (
b11101011010111010000001010 )
b100000 *
b11101111000 %
b10011110110 #
b10011110110 &
1"
#38340000
0"
#38350000
b11101111110 !
b11101111110 '
b10001000010100000 (
b11101111110100110111010010 )
b100000 *
b11101111001 %
b1000010100001 #
b1000010100001 &
1"
#38360000
0"
#38370000
b11110110000 !
b11110110000 '
b10010101100010000 (
b11110110000100001101000010 )
b100000 *
b11101111010 %
b1000100011010 #
b1000100011010 &
1"
#38380000
0"
#38390000
b11111101010 !
b11111101010 '
b110011010010110000 (
b11111101010100010101110101 )
b100000 *
b11101111011 %
b1001111100100 #
b1001111100100 &
1"
#38400000
0"
#38410000
b100000101001 !
b100000101001 '
b100111101010000 (
b100000101001101010110110000 )
b100000 *
b11101111100 %
b100100011010 #
b100100011010 &
1"
#38420000
0"
#38430000
b100001110000 !
b100001110000 '
b100101101011010000 (
b100001110000111011100101111 )
b100000 *
b11101111101 %
b1001111000000 #
b1001111000000 &
1"
#38440000
0"
#38450000
b100010111011 !
b100010111011 '
b101100110001110000 (
b100010111011101110100101111 )
b100000 *
b11101111110 %
b110011001111 #
b110011001111 &
1"
#38460000
0"
#38470000
b100100000111 !
b100100000111 '
b10010011110000 (
b100100000111010001111000010 )
b100000 *
b11101111111 %
b10000010010 #
b10000010010 &
1"
#38480000
0"
#38490000
b100101010101 !
b100101010101 '
b11011110111100000 (
b100101010101001011110011101 )
b100000 *
b11110000000 %
b11110110001 #
b11110110001 &
1"
#38500000
0"
#38510000
b100110100000 !
b100110100000 '
b1011111000100000 (
b100110100000001011001000110 )
b100000 *
b11110000001 %
b1000010000110 #
b1000010000110 &
1"
#38520000
0"
#38530000
b100111101011 !
b100111101011 '
b11111010111110000 (
b100111101011111010100011001 )
b100000 *
b11110000010 %
b1010100001100 #
b1010100001100 &
1"
#38540000
0"
#38550000
b101000110010 !
b101000110010 '
b10111100100010000 (
b101000110010011000100111011 )
b100000 *
b11110000011 %
b10111101010 #
b10111101010 &
1"
#38560000
0"
#38570000
b101001101111 !
b101001101111 '
b100110000100000 (
b101001101111111110101000000 )
b100000 *
b11110000100 %
b101110000001 #
b101110000001 &
1"
#38580000
0"
#38590000
b101010101001 !
b101010101001 '
b100111101010000000 (
b101010101001100011111001110 )
b100000 *
b11110000101 %
b100011010000 #
b100011010000 &
1"
#38600000
0"
#38610000
b101011010110 !
b101011010110 '
b100111011000110000 (
b101011010110100000000100110 )
b100000 *
b11110000110 %
b1010111100110 #
b1010111100110 &
1"
#38620000
0"
#38630000
b101011111110 !
b101011111110 '
b10100110010100000 (
b101011111110110000101011101 )
b100000 *
b11110000111 %
b11111001011 #
b11111001011 &
1"
#38640000
0"
#38650000
b101100011011 !
b101100011011 '
b100110011100110000 (
b101100011011101011111101001 )
b100000 *
b11110001000 %
b1001101001100 #
b1001101001100 &
1"
#38660000
0"
#38670000
b101100110000 !
b101100110000 '
b1001110000110000 (
b101100110000110001111000000 )
b100000 *
b11110001001 %
b100101100011 #
b100101100011 &
1"
#38680000
0"
#38690000
b101100111110 !
b101100111110 '
b1011100000100000 (
b101100111110010101011000100 )
b100000 *
b11110001010 %
b1000010101010 #
b1000010101010 &
1"
#38700000
0"
#38710000
b101101000110 !
b101101000110 '
b1100110011110000 (
b101101000110010101001101101 )
b100000 *
b11110001011 %
b11000000011 #
b11000000011 &
1"
#38720000
0"
#38730000
b101101000101 !
b101101000101 '
b11100111001100000 (
b101101000101100010101001101 )
b100000 *
b11110001100 %
b1010010010010 #
b1010010010010 &
1"
#38740000
0"
#38750000
b101101000010 !
b101101000010 '
b10110100110000000 (
b101101000010100100110100111 )
b100000 *
b11110001101 %
b110111000 #
b110111000 &
1"
#38760000
0"
#38770000
b101100111000 !
b101100111000 '
b111100000011000000 (
b101100111000110010010010111 )
b100000 *
b11110001110 %
b111010111111 #
b111010111111 &
1"
#38780000
0"
#38790000
b101100101100 !
b101100101100 '
b11101101011000000 (
b101100101100101101000001101 )
b100000 *
b11110001111 %
b111101011011 #
b111101011011 &
1"
#38800000
0"
#38810000
b101100100010 !
b101100100010 '
b100111011100100000 (
b101100100010110111001100111 )
b100000 *
b11110010000 %
b100100011010 #
b100100011010 &
1"
#38820000
0"
#38830000
b101100010110 !
b101100010110 '
b100111101100010000 (
b101100010110100011100000111 )
b100000 *
b11110010001 %
b100001110101 #
b100001110101 &
1"
#38840000
0"
#38850000
b101100001010 !
b101100001010 '
b100100101001010000 (
b101100001010010110010000100 )
b100000 *
b11110010010 %
b1000010100000 #
b1000010100000 &
1"
#38860000
0"
#38870000
b101100000000 !
b101100000000 '
b100001111100000000 (
b101100000000100110101000110 )
b100000 *
b11110010011 %
b100001001110 #
b100001001110 &
1"
#38880000
0"
#38890000
b101011110100 !
b101011110100 '
b110010011010100000 (
b101011110100110001110010011 )
b100000 *
b11110010100 %
b110110010001 #
b110110010001 &
1"
#38900000
0"
#38910000
b101011101001 !
b101011101001 '
b1101101111000000 (
b101011101001100001011100100 )
b100000 *
b11110010101 %
b1111111101100001 #
b1111111101100001 &
1"
#38920000
0"
#38930000
b101011011101 !
b101011011101 '
b111001000010010000 (
b101011011101111000001101001 )
b100000 *
b11110010110 %
b1101000011 #
b1101000011 &
1"
#38940000
0"
#38950000
b101011001101 !
b101011001101 '
b101010110000110000 (
b101011001101101100100000100 )
b100000 *
b11110010111 %
b110111001010 #
b110111001010 &
1"
#38960000
0"
#38970000
b101010111110 !
b101010111110 '
b1110111000100000 (
b101010111110101101001010010 )
b100000 *
b11110011000 %
b1001111011000 #
b1001111011000 &
1"
#38980000
0"
#38990000
b101010110000 !
b101010110000 '
b110001111000110000 (
b101010110000010111010010011 )
b100000 *
b11110011001 %
b10111000111 #
b10111000111 &
1"
#39000000
0"
#39010000
b101010010101 !
b101010010101 '
b110011010011100000 (
b101010010101111010001011011 )
b100000 *
b11110011010 %
b1000111001101 #
b1000111001101 &
1"
#39020000
0"
#39030000
b101001111010 !
b101001111010 '
b111011101011000000 (
b101001111010010011101010110 )
b100000 *
b11110011011 %
b1000011110101 #
b1000011110101 &
1"
#39040000
0"
#39050000
b101001011001 !
b101001011001 '
b11011010011100000 (
b101001011001001010101110100 )
b100000 *
b11110011100 %
b101110000101 #
b101110000101 &
1"
#39060000
0"
#39070000
b101000110110 !
b101000110110 '
b111011010000000000 (
b101000110110110000010110101 )
b100000 *
b11110011101 %
b111010000011 #
b111010000011 &
1"
#39080000
0"
#39090000
b101000001111 !
b101000001111 '
b100110011011010000 (
b101000001111010111100111101 )
b100000 *
b11110011110 %
b1100111110100 #
b1100111110100 &
1"
#39100000
0"
#39110000
b100111101110 !
b100111101110 '
b1100001101100000 (
b100111101110010010010010000 )
b100000 *
b11110011111 %
b11110101011 #
b11110101011 &
1"
#39120000
0"
#39130000
b100111001101 !
b100111001101 '
b10111000100110000 (
b100111001101111110010010000 )
b100000 *
b11110100000 %
b1000101100110 #
b1000101100110 &
1"
#39140000
0"
#39150000
b100110110101 !
b100110110101 '
b110001100100100000 (
b100110110101010010111111000 )
b100000 *
b11110100001 %
b1000000011011 #
b1000000011011 &
1"
#39160000
0"
#39170000
b100110100011 !
b100110100011 '
b111111001001000000 (
b100110100011001000111101110 )
b100000 *
b11110100010 %
b1000011001011 #
b1000011001011 &
1"
#39180000
0"
#39190000
b100110011100 !
b100110011100 '
b10001101111100000 (
b100110011100010000110110110 )
b100000 *
b11110100011 %
b111100110111 #
b111100110111 &
1"
#39200000
0"
#39210000
b100110100110 !
b100110100110 '
b100010100000110000 (
b100110100110011100110101110 )
b100000 *
b11110100100 %
b1000011001010 #
b1000011001010 &
1"
#39220000
0"
#39230000
b100110111101 !
b100110111101 '
b11010011100000000 (
b100110111101101111111100010 )
b100000 *
b11110100101 %
b111000101010 #
b111000101010 &
1"
#39240000
0"
#39250000
b100111100011 !
b100111100011 '
b1000001101100100000 (
b100111100011110010000111000 )
b100000 *
b11110100110 %
b11011100011 #
b11011100011 &
1"
#39260000
0"
#39270000
b101000010011 !
b101000010011 '
b10111011000010000 (
b101000010011000101110111100 )
b100000 *
b11110100111 %
b110010101011 #
b110010101011 &
1"
#39280000
0"
#39290000
b101001010100 !
b101001010100 '
b111001111001000000 (
b101001010100010101111000001 )
b100000 *
b11110101000 %
b1000011110101 #
b1000011110101 &
1"
#39300000
0"
#39310000
b101010011011 !
b101010011011 '
b11100001010010000 (
b101010011011110110101100110 )
b100000 *
b11110101001 %
b1000100110000 #
b1000100110000 &
1"
#39320000
0"
#39330000
b101011101011 !
b101011101011 '
b110001111111100000 (
b101011101011001110011010010 )
b100000 *
b11110101010 %
b1001100001110 #
b1001100001110 &
1"
#39340000
0"
#39350000
b101100111010 !
b101100111010 '
b10010000010010000 (
b101100111010111010000000000 )
b100000 *
b11110101011 %
b1101101101111 #
b1101101101111 &
1"
#39360000
0"
#39370000
b101110001110 !
b101110001110 '
b111101101101100000 (
b101110001110001001010101010 )
b100000 *
b11110101100 %
b11110110011 #
b11110110011 &
1"
#39380000
0"
#39390000
b101111010011 !
b101111010011 '
b101001010000000 (
b101111010011110110011100111 )
b100000 *
b11110101101 %
b1001111000001 #
b1001111000001 &
1"
#39400000
0"
#39410000
b110000011100 !
b110000011100 '
b101100001111010000 (
b110000011100001001011111011 )
b100000 *
b11110101110 %
b1000100010001 #
b1000100010001 &
1"
#39420000
0"
#39430000
b110001010111 !
b110001010111 '
b101110000100010000 (
b110001010111111101100010100 )
b100000 *
b11110101111 %
b1000001001000 #
b1000001001000 &
1"
#39440000
0"
#39450000
b110010001010 !
b110010001010 '
b11011010011100000 (
b110010001010110101100111000 )
b100000 *
b11110110000 %
b110100001000 #
b110100001000 &
1"
#39460000
0"
#39470000
b110010110111 !
b110010110111 '
b11001010111110000 (
b110010110111000011000111110 )
b100000 *
b11110110001 %
b1000000000111 #
b1000000000111 &
1"
#39480000
0"
#39490000
b110011011100 !
b110011011100 '
b110001111000000000 (
b110011011100100010010010101 )
b100000 *
b11110110010 %
b1010001000100 #
b1010001000100 &
1"
#39500000
0"
#39510000
b110011111010 !
b110011111010 '
b11000111010100000 (
b110011111010100111110011011 )
b100000 *
b11110110011 %
b1001100010001 #
b1001100010001 &
1"
#39520000
0"
#39530000
b110100010110 !
b110100010110 '
b101000101100110000 (
b110100010110100001101100010 )
b100000 *
b11110110100 %
b100011000101 #
b100011000101 &
1"
#39540000
0"
#39550000
b110100101011 !
b110100101011 '
b11111111111111111110001000110000 (
b110100101011100010011010101 )
b100000 *
b11110110101 %
b1010110111010 #
b1010110111010 &
1"
#39560000
0"
#39570000
b110101000110 !
b110101000110 '
b1001110010010000 (
b110101000110110010111000101 )
b100000 *
b11110110110 %
b1001001111000 #
b1001001111000 &
1"
#39580000
0"
#39590000
b110101100000 !
b110101100000 '
b101001010111100000 (
b110101100000001111011010000 )
b100000 *
b11110110111 %
b1101011111110 #
b1101011111110 &
1"
#39600000
0"
#39610000
b110101111011 !
b110101111011 '
b111011100010000000 (
b110101111011010011000000100 )
b100000 *
b11110111000 %
b101110110100 #
b101110110100 &
1"
#39620000
0"
#39630000
b110110010011 !
b110110010011 '
b10001010101010000 (
b110110010011100110000010010 )
b100000 *
b11110111001 %
b110111001110 #
b110111001110 &
1"
#39640000
0"
#39650000
b110110110010 !
b110110110010 '
b110101011001110000 (
b110110110010100000011011000 )
b100000 *
b11110111010 %
b100010100010 #
b100010100010 &
1"
#39660000
0"
#39670000
b110111001101 !
b110111001101 '
b110010110111110000 (
b110111001101010010100111001 )
b100000 *
b11110111011 %
b1000110111001 #
b1000110111001 &
1"
#39680000
0"
#39690000
b110111101010 !
b110111101010 '
b100010100011110000 (
b110111101010101010010010110 )
b100000 *
b11110111100 %
b1011011100110 #
b1011011100110 &
1"
#39700000
0"
#39710000
b111000001000 !
b111000001000 '
b101011100010010000 (
b111000001000111010100111110 )
b100000 *
b11110111101 %
b111101110101 #
b111101110101 &
1"
#39720000
0"
#39730000
b111000100010 !
b111000100010 '
b1001101110111000000 (
b111000100010011010101001110 )
b100000 *
b11110111110 %
b111101011011 #
b111101011011 &
1"
#39740000
0"
#39750000
b111000110101 !
b111000110101 '
b10111000000010000 (
b111000110101011011101100111 )
b100000 *
b11110111111 %
b1000010011011 #
b1000010011011 &
1"
#39760000
0"
#39770000
b111001001010 !
b111001001010 '
b110100001100100000 (
b111001001010011000101101000 )
b100000 *
b11111000000 %
b1000101100101 #
b1000101100101 &
1"
#39780000
0"
#39790000
b111001010111 !
b111001010111 '
b110000010100010000 (
b111001010111111111000001011 )
b100000 *
b11111000001 %
b1011110001111 #
b1011110001111 &
1"
#39800000
0"
#39810000
b111001100011 !
b111001100011 '
b110010011000010000 (
b111001100011110111111111101 )
b100000 *
b11111000010 %
b1001010000000 #
b1001010000000 &
1"
#39820000
0"
#39830000
b111001101010 !
b111001101010 '
b101101101001010000 (
b111001101010100100000000111 )
b100000 *
b11111000011 %
b1000000001101 #
b1000000001101 &
1"
#39840000
0"
#39850000
b111001101110 !
b111001101110 '
b110010010111100000 (
b111001101110000010000010011 )
b100000 *
b11111000100 %
b1010111100000 #
b1010111100000 &
1"
#39860000
0"
#39870000
b111001110000 !
b111001110000 '
b101010011111100000 (
b111001110000100010000101101 )
b100000 *
b11111000101 %
b101110111110 #
b101110111110 &
1"
#39880000
0"
#39890000
b111001110001 !
b111001110001 '
b10100101010010000 (
b111001110001000000100010111 )
b100000 *
b11111000110 %
b1010111100101 #
b1010111100101 &
1"
#39900000
0"
#39910000
b111001110110 !
b111001110110 '
b100110000000010000 (
b111001110110000110111110111 )
b100000 *
b11111000111 %
b1000111100000 #
b1000111100000 &
1"
#39920000
0"
#39930000
b111001111001 !
b111001111001 '
b110010110111110000 (
b111001111001110100110011110 )
b100000 *
b11111001000 %
b1110111111100 #
b1110111111100 &
1"
#39940000
0"
#39950000
b111010000001 !
b111010000001 '
b110011100100000000 (
b111010000001110111011111011 )
b100000 *
b11111001001 %
b111111010001 #
b111111010001 &
1"
#39960000
0"
#39970000
b111010001010 !
b111010001010 '
b111001001010100000 (
b111010001010101001010100110 )
b100000 *
b11111001010 %
b1010101101000 #
b1010101101000 &
1"
#39980000
0"
#39990000
b111010011001 !
b111010011001 '
b1010010010011010000 (
b111010011001010001011001010 )
b100000 *
b11111001011 %
b1001111110010 #
b1001111110010 &
1"
#40000000
0"
#40010000
b111010101010 !
b111010101010 '
b10111000110010000 (
b111010101010111001110100100 )
b100000 *
b11111001100 %
b110111101001 #
b110111101001 &
1"
#40020000
0"
#40030000
b111011000101 !
b111011000101 '
b111011010000110000 (
b111011000101111001000101100 )
b100000 *
b11111001101 %
b1100000000111 #
b1100000000111 &
1"
#40040000
0"
#40050000
b111011100100 !
b111011100100 '
b110011001100110000 (
b111011100100001111010110010 )
b100000 *
b11111001110 %
b100001000001 #
b100001000001 &
1"
#40060000
0"
#40070000
b111100000100 !
b111100000100 '
b110000110110000000 (
b111100000100000111000000111 )
b100000 *
b11111001111 %
b100111001010 #
b100111001010 &
1"
#40080000
0"
#40090000
b111100101000 !
b111100101000 '
b100111000110000000 (
b111100101000000011011000111 )
b100000 *
b11111010000 %
b110100100110 #
b110100100110 &
1"
#40100000
0"
#40110000
b111101001111 !
b111101001111 '
b110000000101010000 (
b111101001111001011000010011 )
b100000 *
1"
#40120000
0"
#40130000
b111101110100 !
b111101110100 '
b111100110011000000 (
b111101110100001101001001110 )
b100000 *
1"
#40140000
0"
#40150000
b111110010011 !
b111110010011 '
b111001001100110000 (
b111110010011110001101110111 )
b100000 *
1"
#40160000
0"
#40170000
b111110101100 !
b111110101100 '
b11010010011110000 (
b111110101100101101100001110 )
b100000 *
1"
#40180000
0"
#40190000
b111110111110 !
b111110111110 '
b1000001001011100000 (
b111110111110100010001011000 )
b100000 *
1"
#40200000
0"
#40210000
b111110111111 !
b111110111111 '
b110111011010000000 (
b111110111111101100011001101 )
b100000 *
1"
#40220000
0"
#40230000
b111110110011 !
b111110110011 '
b1010000111110100000 (
b111110110011110100000010110 )
b100000 *
1"
#40240000
0"
#40250000
b111110010101 !
b111110010101 '
b100011000111000000 (
b111110010101010001000010000 )
b100000 *
1"
#40260000
0"
#40270000
b111101101010 !
b111101101010 '
b101001011010100000 (
b111101101010101011110011010 )
b100000 *
1"
#40280000
0"
#40290000
b111100101110 !
b111100101110 '
b11001111001100000 (
b111100101110101000110011011 )
b100000 *
1"
#40300000
0"
#40310000
b111011100110 !
b111011100110 '
b110101001010110000 (
b111011100110001000110010110 )
b100000 *
1"
#40320000
0"
#40330000
b111010001111 !
b111010001111 '
b1000100101100100000 (
b111010001111011111010111101 )
b100000 *
1"
#40340000
0"
#40350000
b111000101111 !
b111000101111 '
b101110010111110000 (
b111000101111011111110010001 )
b100000 *
1"
#40360000
0"
#40370000
b110111001101 !
b110111001101 '
b101110000100010000 (
b110111001101010011010111111 )
b100000 *
1"
#40380000
0"
#40390000
b110101101001 !
b110101101001 '
b110001110100010000 (
b110101101001100110100001100 )
b100000 *
1"
#40400000
0"
#40410000
b110100001000 !
b110100001000 '
b110100001011110000 (
b110100001000011110011100011 )
b100000 *
1"
#40420000
0"
#40430000
b110010101101 !
b110010101101 '
b1000110101011010000 (
b110010101101011001010101110 )
b100000 *
1"
#40440000
0"
#40450000
b110001011001 !
b110001011001 '
b110111100000000000 (
b110001011001001111000101011 )
b100000 *
1"
#40460000
0"
#40470000
b110000010001 !
b110000010001 '
b110000001001110000 (
b110000010001000100000000000 )
b100000 *
1"
#40480000
0"
#40490000
b101111010100 !
b101111010100 '
b1000001101000000000 (
b101111010100110011000001111 )
b100000 *
1"
#40500000
0"
#40510000
b101110100010 !
b101110100010 '
b100011001110100000 (
b101110100010100011001100001 )
b100000 *
1"
#40520000
0"
#40530000
b101101111110 !
b101101111110 '
b1000001101011110000 (
b101101111110101010011000000 )
b100000 *
1"
#40540000
0"
#40550000
b101101100010 !
b101101100010 '
b110101101000000000 (
b101101100010000101100111001 )
b100000 *
1"
#40560000
0"
#40570000
b101101001111 !
b101101001111 '
b1011001111101000000 (
b101101001111110110110010011 )
b100000 *
1"
#40580000
0"
#40590000
b101101000001 !
b101101000001 '
b101111011100110000 (
b101101000001010000010011011 )
b100000 *
1"
#40600000
0"
#40610000
b101100111100 !
b101100111100 '
b1000000001110000000 (
b101100111100000111011011010 )
b100000 *
1"
#40620000
0"
#40630000
b101100111000 !
b101100111000 '
b111011110101100000 (
b101100111000011001010110001 )
b100000 *
1"
#40640000
0"
#40650000
b101100110111 !
b101100110111 '
b101001101110110000 (
b101100110111000100011101001 )
b100000 *
1"
#40660000
0"
#40670000
b101100111000 !
b101100111000 '
b1001000000101010000 (
b101100111000001011010001001 )
b100000 *
1"
#40680000
0"
#40690000
b101100110110 !
b101100110110 '
b11000110000110000 (
b101100110110010111001100100 )
b100000 *
1"
#40700000
0"
#40710000
b101100111000 !
b101100111000 '
b11101010111100000 (
b101100111000111010000001000 )
b100000 *
1"
#40720000
0"
#40730000
b101100111010 !
b101100111010 '
b100111011100100000 (
b101100111010001010101001000 )
b100000 *
1"
#40740000
0"
#40750000
b100111011100100000 (
b101100111010001010101001000 )
b100000 *
1"
#40760000
0"
#40770000
b100111011100100000 (
b101100111010001010101001000 )
b100000 *
1"
#40780000
0"
#40790000
b100111011100100000 (
b101100111010001010101001000 )
b100000 *
1"
#40800000
0"
#40810000
b100111011100100000 (
b101100111010001010101001000 )
b100000 *
1"
#40820000
0"
#40830000
b100111011100100000 (
b101100111010001010101001000 )
b100000 *
1"
#40840000
0"
#40850000
b100111011100100000 (
b101100111010001010101001000 )
b100000 *
1"
#40860000
0"
#40870000
b100111011100100000 (
b101100111010001010101001000 )
b100000 *
1"
#40880000
0"
#40890000
b100111011100100000 (
b101100111010001010101001000 )
b100000 *
1"
#40900000
0"
#40910000
b100111011100100000 (
b101100111010001010101001000 )
b100000 *
1"
#40920000
0"
#40930000
b100111011100100000 (
b101100111010001010101001000 )
b100000 *
1"
#40940000
0"
#40950000
b100111011100100000 (
b101100111010001010101001000 )
b100000 *
1"
#40960000
0"
#40970000
b100111011100100000 (
b101100111010001010101001000 )
b100000 *
1"
#40980000
0"
#40990000
b100111011100100000 (
b101100111010001010101001000 )
b100000 *
1"
#41000000
0"
#41010000
b100111011100100000 (
b101100111010001010101001000 )
b100000 *
1"
#41020000
0"
#41030000
b100111011100100000 (
b101100111010001010101001000 )
b100000 *
1"
#41040000
0"
#41050000
b100111011100100000 (
b101100111010001010101001000 )
b100000 *
1"
#41060000
0"
#41070000
b100111011100100000 (
b101100111010001010101001000 )
b100000 *
1"
#41080000
0"
#41090000
b100111011100100000 (
b101100111010001010101001000 )
b100000 *
1"
#41100000
0"
#41110000
b100111011100100000 (
b101100111010001010101001000 )
b100000 *
1"
#41120000
0"
#41130000
b100111011100100000 (
b101100111010001010101001000 )
b100000 *
1"
#41140000
0"
#41150000
b100111011100100000 (
b101100111010001010101001000 )
b100000 *
1"
#41160000
0"
#41170000
b100111011100100000 (
b101100111010001010101001000 )
b100000 *
1"
#41180000
0"
#41190000
b100111011100100000 (
b101100111010001010101001000 )
b100000 *
1"
#41200000
0"
#41210000
b100111011100100000 (
b101100111010001010101001000 )
b100000 *
1"
#41220000
0"
#41230000
b100111011100100000 (
b101100111010001010101001000 )
b100000 *
1"
#41240000
0"
#41250000
b100111011100100000 (
b101100111010001010101001000 )
b100000 *
1"
#41260000
0"
#41270000
b100111011100100000 (
b101100111010001010101001000 )
b100000 *
1"
#41280000
0"
#41290000
b100111011100100000 (
b101100111010001010101001000 )
b100000 *
1"
#41300000
0"
#41310000
b100111011100100000 (
b101100111010001010101001000 )
b100000 *
1"
#41320000
0"
#41330000
b100111011100100000 (
b101100111010001010101001000 )
b100000 *
1"
#41340000
0"
#41350000
b100111011100100000 (
b101100111010001010101001000 )
b100000 *
1"
#41360000
0"
#41370000
b100111011100100000 (
b101100111010001010101001000 )
b100000 *
1"
#41380000
0"
#41390000
b100111011100100000 (
b101100111010001010101001000 )
b100000 *
1"
#41400000
0"
#41410000
b100111011100100000 (
b101100111010001010101001000 )
b100000 *
1"
#41420000
0"
#41430000
b100111011100100000 (
b101100111010001010101001000 )
b100000 *
1"
#41440000
0"
#41450000
b100111011100100000 (
b101100111010001010101001000 )
b100000 *
1"
#41460000
0"
#41470000
b100111011100100000 (
b101100111010001010101001000 )
b100000 *
1"
#41480000
0"
#41490000
b100111011100100000 (
b101100111010001010101001000 )
b100000 *
1"
#41500000
0"
#41510000
b100111011100100000 (
b101100111010001010101001000 )
b100000 *
1"
#41520000
0"
#41530000
b100111011100100000 (
b101100111010001010101001000 )
b100000 *
1"
#41540000
0"
#41550000
b100111011100100000 (
b101100111010001010101001000 )
b100000 *
1"
#41560000
0"
#41570000
b100111011100100000 (
b101100111010001010101001000 )
b100000 *
1"
#41580000
0"
#41590000
b100111011100100000 (
b101100111010001010101001000 )
b100000 *
1"
#41600000
0"
#41610000
b100111011100100000 (
b101100111010001010101001000 )
b100000 *
1"
#41620000
0"
#41630000
b100111011100100000 (
b101100111010001010101001000 )
b100000 *
1"
#41640000
0"
#41650000
b100111011100100000 (
b101100111010001010101001000 )
b100000 *
1"
#41660000
0"
#41670000
b100111011100100000 (
b101100111010001010101001000 )
b100000 *
1"
#41680000
0"
#41690000
b100111011100100000 (
b101100111010001010101001000 )
b100000 *
1"
#41700000
0"
#41710000
b100111011100100000 (
b101100111010001010101001000 )
b100000 *
1"
#41720000
0"
#41730000
b100111011100100000 (
b101100111010001010101001000 )
b100000 *
1"
#41740000
0"
#41750000
b100111011100100000 (
b101100111010001010101001000 )
b100000 *
1"
#41760000
0"
#41770000
b100111011100100000 (
b101100111010001010101001000 )
b100000 *
1"
#41780000
0"
#41790000
b100111011100100000 (
b101100111010001010101001000 )
b100000 *
1"
#41800000
0"
#41810000
b100111011100100000 (
b101100111010001010101001000 )
b100000 *
1"
#41820000
0"
#41830000
b100111011100100000 (
b101100111010001010101001000 )
b100000 *
1"
#41840000
0"
#41850000
b100111011100100000 (
b101100111010001010101001000 )
b100000 *
1"
#41860000
0"
#41870000
b100111011100100000 (
b101100111010001010101001000 )
b100000 *
1"
#41880000
0"
#41890000
b100111011100100000 (
b101100111010001010101001000 )
b100000 *
1"
#41900000
0"
#41910000
b100111011100100000 (
b101100111010001010101001000 )
b100000 *
1"
#41920000
0"
#41930000
b100111011100100000 (
b101100111010001010101001000 )
b100000 *
1"
#41940000
0"
#41950000
b100111011100100000 (
b101100111010001010101001000 )
b100000 *
1"
#41960000
0"
#41970000
b100111011100100000 (
b101100111010001010101001000 )
b100000 *
1"
#41980000
0"
#41990000
b100111011100100000 (
b101100111010001010101001000 )
b100000 *
1"
#42000000
0"
#42010000
b100111011100100000 (
b101100111010001010101001000 )
b100000 *
1"
#42020000
0"
#42030000
b100111011100100000 (
b101100111010001010101001000 )
b100000 *
1"
#42040000
0"
#42050000
b100111011100100000 (
b101100111010001010101001000 )
b100000 *
1"
#42060000
0"
#42070000
b100111011100100000 (
b101100111010001010101001000 )
b100000 *
1"
#42080000
0"
#42090000
b100111011100100000 (
b101100111010001010101001000 )
b100000 *
1"
